animal_id,source_file,strain,dob,homecage_mice_at_testing,adversity_condition,genotype,birth_litter_size_p05_20,homecage_rank,adversity_age_range,vendor,p20_22_weight_g,homecage_nesting_material,experiment_cohort,bred_or_shipped,age_at_weaning_days,homecage_hut,sex,homecage_chewing_material,lab_source,testing_shavings,testing_light_phase,reinforcer,reinforcer_size_mg,testing_shavings_manufacturer,testing_room_lumens,experimenter,colony_light_cycle,video_recorded_discrimination,video_recorded_recall,video_recorded_reversal,colony_lights_on_time,testing_ramekin_diameter,colony_chow_brand,testing_ramekins_sham_baited,group,animal_id_inferred_from_filename,experimenter_gender,phase,sheet_name,session_date,session_start_time,session_end_time,session_start_zeitgeber_time,session_end_zeitgeber_time,trial,excel_row,bowl_order,odor_chosen,odor_chosen_label,quadrant_chosen,rewarded_odor,rewarded_label,correct,error,omission,error_type,latency_sec,entries,entry_sequence,entry_quadrant_sequence,entry_odor_sequence,entry_A_count,entry_B_count,entry_C_count,entry_D_count,entry_O1_count,entry_O2_count,entry_O3_count,entry_O4_count,notes,correct_running_count,non_omission_count,correct_in_last_10_non_omission,reversal_first_correct_seen
Example_Animal_01,example_animal_01_four_choice.xlsx,C57BL/6,2026-06-26,2.0,Control,Wildtype,Unknown,Not observed,N/A,Jackson/NIH,Unknown,Y,ARC,Shipped,21,Y,M,N,"Zuo Lab, UCSC",Aspen,Light Phase,Bio-Serv Pellets,20.0,Kaytee,Unknown,Aria,8:8,N,N,N,08:00,3.7 inches,Teklad 2920X,Y,Control,False,,discrimination,DISC,2026-09-02,09:02,09:26,ZT 01:02,ZT 01:26,1,10,ABCD,D,Vanilla,SE,A,Anise,False,True,False,D_error,29.0,3,324,"SW,NE,SE","C,B,D",0,1,1,1,0,0,0,0,,0,1,,False
Example_Animal_01,example_animal_01_four_choice.xlsx,C57BL/6,2026-06-26,2.0,Control,Wildtype,Unknown,Not observed,N/A,Jackson/NIH,Unknown,Y,ARC,Shipped,21,Y,M,N,"Zuo Lab, UCSC",Aspen,Light Phase,Bio-Serv Pellets,20.0,Kaytee,Unknown,Aria,8:8,N,N,N,08:00,3.7 inches,Teklad 2920X,Y,Control,False,,discrimination,DISC,2026-09-02,09:02,09:26,ZT 01:02,ZT 01:26,2,11,BCDA,D,Vanilla,SW,A,Anise,False,True,False,D_error,3.0,1,3,SW,D,0,0,0,1,0,0,0,0,,0,2,,False
Example_Animal_01,example_animal_01_four_choice.xlsx,C57BL/6,2026-06-26,2.0,Control,Wildtype,Unknown,Not observed,N/A,Jackson/NIH,Unknown,Y,ARC,Shipped,21,Y,M,N,"Zuo Lab, UCSC",Aspen,Light Phase,Bio-Serv Pellets,20.0,Kaytee,Unknown,Aria,8:8,N,N,N,08:00,3.7 inches,Teklad 2920X,Y,Control,False,,discrimination,DISC,2026-09-02,09:02,09:26,ZT 01:02,ZT 01:26,3,12,CDAB,D,Vanilla,NE,A,Anise,False,True,False,D_error,13.0,3,242,"NE,SE,NE","D,B,D",0,1,0,2,0,0,0,0,,0,3,,False
Example_Animal_01,example_animal_01_four_choice.xlsx,C57BL/6,2026-06-26,2.0,Control,Wildtype,Unknown,Not observed,N/A,Jackson/NIH,Unknown,Y,ARC,Shipped,21,Y,M,N,"Zuo Lab, UCSC",Aspen,Light Phase,Bio-Serv Pellets,20.0,Kaytee,Unknown,Aria,8:8,N,N,N,08:00,3.7 inches,Teklad 2920X,Y,Control,False,,discrimination,DISC,2026-09-02,09:02,09:26,ZT 01:02,ZT 01:26,4,13,DABC,D,Vanilla,NW,A,Anise,False,True,False,D_error,15.0,2,41,"SE,NW","C,D",0,0,1,1,0,0,0,0,,0,4,,False
Example_Animal_01,example_animal_01_four_choice.xlsx,C57BL/6,2026-06-26,2.0,Control,Wildtype,Unknown,Not observed,N/A,Jackson/NIH,Unknown,Y,ARC,Shipped,21,Y,M,N,"Zuo Lab, UCSC",Aspen,Light Phase,Bio-Serv Pellets,20.0,Kaytee,Unknown,Aria,8:8,N,N,N,08:00,3.7 inches,Teklad 2920X,Y,Control,False,,discrimination,DISC,2026-09-02,09:02,09:26,ZT 01:02,ZT 01:26,5,14,ABCD,A,Anise,NW,A,Anise,True,False,False,,7.0,1,1,NW,A,1,0,0,0,0,0,0,0,,1,5,,False
Example_Animal_01,example_animal_01_four_choice.xlsx,C57BL/6,2026-06-26,2.0,Control,Wildtype,Unknown,Not observed,N/A,Jackson/NIH,Unknown,Y,ARC,Shipped,21,Y,M,N,"Zuo Lab, UCSC",Aspen,Light Phase,Bio-Serv Pellets,20.0,Kaytee,Unknown,Aria,8:8,N,N,N,08:00,3.7 inches,Teklad 2920X,Y,Control,False,,discrimination,DISC,2026-09-02,09:02,09:26,ZT 01:02,ZT 01:26,6,15,BCDA,D,Vanilla,SW,A,Anise,False,True,False,D_error,4.0,1,3,SW,D,0,0,0,1,0,0,0,0,,0,6,,False
Example_Animal_01,example_animal_01_four_choice.xlsx,C57BL/6,2026-06-26,2.0,Control,Wildtype,Unknown,Not observed,N/A,Jackson/NIH,Unknown,Y,ARC,Shipped,21,Y,M,N,"Zuo Lab, UCSC",Aspen,Light Phase,Bio-Serv Pellets,20.0,Kaytee,Unknown,Aria,8:8,N,N,N,08:00,3.7 inches,Teklad 2920X,Y,Control,False,,discrimination,DISC,2026-09-02,09:02,09:26,ZT 01:02,ZT 01:26,7,16,CDAB,C,Lemon,NW,A,Anise,False,True,False,C_error,2.0,1,1,NW,C,0,0,1,0,0,0,0,0,,0,7,,False
Example_Animal_01,example_animal_01_four_choice.xlsx,C57BL/6,2026-06-26,2.0,Control,Wildtype,Unknown,Not observed,N/A,Jackson/NIH,Unknown,Y,ARC,Shipped,21,Y,M,N,"Zuo Lab, UCSC",Aspen,Light Phase,Bio-Serv Pellets,20.0,Kaytee,Unknown,Aria,8:8,N,N,N,08:00,3.7 inches,Teklad 2920X,Y,Control,False,,discrimination,DISC,2026-09-02,09:02,09:26,ZT 01:02,ZT 01:26,8,17,DABC,B,Cinnamon,SW,A,Anise,False,True,False,B_error,6.0,1,3,SW,B,0,1,0,0,0,0,0,0,,0,8,,False
Example_Animal_01,example_animal_01_four_choice.xlsx,C57BL/6,2026-06-26,2.0,Control,Wildtype,Unknown,Not observed,N/A,Jackson/NIH,Unknown,Y,ARC,Shipped,21,Y,M,N,"Zuo Lab, UCSC",Aspen,Light Phase,Bio-Serv Pellets,20.0,Kaytee,Unknown,Aria,8:8,N,N,N,08:00,3.7 inches,Teklad 2920X,Y,Control,False,,discrimination,DISC,2026-09-02,09:02,09:26,ZT 01:02,ZT 01:26,9,18,ABCD,B,Cinnamon,NE,A,Anise,False,True,False,B_error,5.0,2,42,"SE,NE","D,B",0,1,0,1,0,0,0,0,,0,9,,False
Example_Animal_01,example_animal_01_four_choice.xlsx,C57BL/6,2026-06-26,2.0,Control,Wildtype,Unknown,Not observed,N/A,Jackson/NIH,Unknown,Y,ARC,Shipped,21,Y,M,N,"Zuo Lab, UCSC",Aspen,Light Phase,Bio-Serv Pellets,20.0,Kaytee,Unknown,Aria,8:8,N,N,N,08:00,3.7 inches,Teklad 2920X,Y,Control,False,,discrimination,DISC,2026-09-02,09:02,09:26,ZT 01:02,ZT 01:26,10,19,BCDA,C,Lemon,NE,A,Anise,False,True,False,C_error,5.0,1,2,NE,C,0,0,1,0,0,0,0,0,,0,10,1.0,False
Example_Animal_01,example_animal_01_four_choice.xlsx,C57BL/6,2026-06-26,2.0,Control,Wildtype,Unknown,Not observed,N/A,Jackson/NIH,Unknown,Y,ARC,Shipped,21,Y,M,N,"Zuo Lab, UCSC",Aspen,Light Phase,Bio-Serv Pellets,20.0,Kaytee,Unknown,Aria,8:8,N,N,N,08:00,3.7 inches,Teklad 2920X,Y,Control,False,,discrimination,DISC,2026-09-02,09:02,09:26,ZT 01:02,ZT 01:26,11,20,CDAB,D,Vanilla,NE,A,Anise,False,True,False,D_error,8.0,1,2,NE,D,0,0,0,1,0,0,0,0,,0,11,1.0,False
Example_Animal_01,example_animal_01_four_choice.xlsx,C57BL/6,2026-06-26,2.0,Control,Wildtype,Unknown,Not observed,N/A,Jackson/NIH,Unknown,Y,ARC,Shipped,21,Y,M,N,"Zuo Lab, UCSC",Aspen,Light Phase,Bio-Serv Pellets,20.0,Kaytee,Unknown,Aria,8:8,N,N,N,08:00,3.7 inches,Teklad 2920X,Y,Control,False,,discrimination,DISC,2026-09-02,09:02,09:26,ZT 01:02,ZT 01:26,12,21,DABC,D,Vanilla,NW,A,Anise,False,True,False,D_error,9.0,2,41,"SE,NW","C,D",0,0,1,1,0,0,0,0,,0,12,1.0,False
Example_Animal_01,example_animal_01_four_choice.xlsx,C57BL/6,2026-06-26,2.0,Control,Wildtype,Unknown,Not observed,N/A,Jackson/NIH,Unknown,Y,ARC,Shipped,21,Y,M,N,"Zuo Lab, UCSC",Aspen,Light Phase,Bio-Serv Pellets,20.0,Kaytee,Unknown,Aria,8:8,N,N,N,08:00,3.7 inches,Teklad 2920X,Y,Control,False,,discrimination,DISC,2026-09-02,09:02,09:26,ZT 01:02,ZT 01:26,13,22,ABCD,A,Anise,NW,A,Anise,True,False,False,,4.0,2,21,"NE,NW","B,A",1,1,0,0,0,0,0,0,,1,13,2.0,False
Example_Animal_01,example_animal_01_four_choice.xlsx,C57BL/6,2026-06-26,2.0,Control,Wildtype,Unknown,Not observed,N/A,Jackson/NIH,Unknown,Y,ARC,Shipped,21,Y,M,N,"Zuo Lab, UCSC",Aspen,Light Phase,Bio-Serv Pellets,20.0,Kaytee,Unknown,Aria,8:8,N,N,N,08:00,3.7 inches,Teklad 2920X,Y,Control,False,,discrimination,DISC,2026-09-02,09:02,09:26,ZT 01:02,ZT 01:26,14,23,BCDA,C,Lemon,NE,A,Anise,False,True,False,C_error,21.0,3,312,"SW,NW,NE","D,B,C",0,1,1,1,0,0,0,0,,0,14,2.0,False
Example_Animal_01,example_animal_01_four_choice.xlsx,C57BL/6,2026-06-26,2.0,Control,Wildtype,Unknown,Not observed,N/A,Jackson/NIH,Unknown,Y,ARC,Shipped,21,Y,M,N,"Zuo Lab, UCSC",Aspen,Light Phase,Bio-Serv Pellets,20.0,Kaytee,Unknown,Aria,8:8,N,N,N,08:00,3.7 inches,Teklad 2920X,Y,Control,False,,discrimination,DISC,2026-09-02,09:02,09:26,ZT 01:02,ZT 01:26,15,24,CDAB,A,Anise,SW,A,Anise,True,False,False,,6.0,1,3,SW,A,1,0,0,0,0,0,0,0,,1,15,2.0,False
Example_Animal_01,example_animal_01_four_choice.xlsx,C57BL/6,2026-06-26,2.0,Control,Wildtype,Unknown,Not observed,N/A,Jackson/NIH,Unknown,Y,ARC,Shipped,21,Y,M,N,"Zuo Lab, UCSC",Aspen,Light Phase,Bio-Serv Pellets,20.0,Kaytee,Unknown,Aria,8:8,N,N,N,08:00,3.7 inches,Teklad 2920X,Y,Control,False,,discrimination,DISC,2026-09-02,09:02,09:26,ZT 01:02,ZT 01:26,16,25,DABC,A,Anise,NE,A,Anise,True,False,False,,9.0,2,12,"NW,NE","D,A",1,0,0,1,0,0,0,0,,2,16,3.0,False
Example_Animal_01,example_animal_01_four_choice.xlsx,C57BL/6,2026-06-26,2.0,Control,Wildtype,Unknown,Not observed,N/A,Jackson/NIH,Unknown,Y,ARC,Shipped,21,Y,M,N,"Zuo Lab, UCSC",Aspen,Light Phase,Bio-Serv Pellets,20.0,Kaytee,Unknown,Aria,8:8,N,N,N,08:00,3.7 inches,Teklad 2920X,Y,Control,False,,discrimination,DISC,2026-09-02,09:02,09:26,ZT 01:02,ZT 01:26,17,26,ABCD,B,Cinnamon,NE,A,Anise,False,True,False,B_error,23.0,3,242,"NE,SE,NE","B,D,B",0,2,0,1,0,0,0,0,,0,17,3.0,False
Example_Animal_01,example_animal_01_four_choice.xlsx,C57BL/6,2026-06-26,2.0,Control,Wildtype,Unknown,Not observed,N/A,Jackson/NIH,Unknown,Y,ARC,Shipped,21,Y,M,N,"Zuo Lab, UCSC",Aspen,Light Phase,Bio-Serv Pellets,20.0,Kaytee,Unknown,Aria,8:8,N,N,N,08:00,3.7 inches,Teklad 2920X,Y,Control,False,,discrimination,DISC,2026-09-02,09:02,09:26,ZT 01:02,ZT 01:26,18,27,BCDA,B,Cinnamon,NW,A,Anise,False,True,False,B_error,6.0,2,21,"NE,NW","C,B",0,1,1,0,0,0,0,0,,0,18,3.0,False
Example_Animal_01,example_animal_01_four_choice.xlsx,C57BL/6,2026-06-26,2.0,Control,Wildtype,Unknown,Not observed,N/A,Jackson/NIH,Unknown,Y,ARC,Shipped,21,Y,M,N,"Zuo Lab, UCSC",Aspen,Light Phase,Bio-Serv Pellets,20.0,Kaytee,Unknown,Aria,8:8,N,N,N,08:00,3.7 inches,Teklad 2920X,Y,Control,False,,discrimination,DISC,2026-09-02,09:02,09:26,ZT 01:02,ZT 01:26,19,28,CDAB,A,Anise,SW,A,Anise,True,False,False,,14.0,3,243,"NE,SE,SW","D,B,A",1,1,0,1,0,0,0,0,,1,19,4.0,False
Example_Animal_01,example_animal_01_four_choice.xlsx,C57BL/6,2026-06-26,2.0,Control,Wildtype,Unknown,Not observed,N/A,Jackson/NIH,Unknown,Y,ARC,Shipped,21,Y,M,N,"Zuo Lab, UCSC",Aspen,Light Phase,Bio-Serv Pellets,20.0,Kaytee,Unknown,Aria,8:8,N,N,N,08:00,3.7 inches,Teklad 2920X,Y,Control,False,,discrimination,DISC,2026-09-02,09:02,09:26,ZT 01:02,ZT 01:26,20,29,DABC,A,Anise,NE,A,Anise,True,False,False,,25.0,5,43142,"SE,SW,NW,SE,NE","C,B,D,C,A",1,1,2,1,0,0,0,0,,2,20,5.0,False
Example_Animal_01,example_animal_01_four_choice.xlsx,C57BL/6,2026-06-26,2.0,Control,Wildtype,Unknown,Not observed,N/A,Jackson/NIH,Unknown,Y,ARC,Shipped,21,Y,M,N,"Zuo Lab, UCSC",Aspen,Light Phase,Bio-Serv Pellets,20.0,Kaytee,Unknown,Aria,8:8,N,N,N,08:00,3.7 inches,Teklad 2920X,Y,Control,False,,discrimination,DISC,2026-09-02,09:02,09:26,ZT 01:02,ZT 01:26,21,30,ABCD,C,Lemon,SW,A,Anise,False,True,False,C_error,27.0,4,1243,"NW,NE,SE,SW","A,B,D,C",1,1,1,1,0,0,0,0,,0,21,5.0,False
Example_Animal_01,example_animal_01_four_choice.xlsx,C57BL/6,2026-06-26,2.0,Control,Wildtype,Unknown,Not observed,N/A,Jackson/NIH,Unknown,Y,ARC,Shipped,21,Y,M,N,"Zuo Lab, UCSC",Aspen,Light Phase,Bio-Serv Pellets,20.0,Kaytee,Unknown,Aria,8:8,N,N,N,08:00,3.7 inches,Teklad 2920X,Y,Control,False,,discrimination,DISC,2026-09-02,09:02,09:26,ZT 01:02,ZT 01:26,22,31,BCDA,A,Anise,SE,A,Anise,True,False,False,,14.0,3,124,"NW,NE,SE","B,C,A",1,1,1,0,0,0,0,0,,1,22,6.0,False
Example_Animal_01,example_animal_01_four_choice.xlsx,C57BL/6,2026-06-26,2.0,Control,Wildtype,Unknown,Not observed,N/A,Jackson/NIH,Unknown,Y,ARC,Shipped,21,Y,M,N,"Zuo Lab, UCSC",Aspen,Light Phase,Bio-Serv Pellets,20.0,Kaytee,Unknown,Aria,8:8,N,N,N,08:00,3.7 inches,Teklad 2920X,Y,Control,False,,discrimination,DISC,2026-09-02,09:02,09:26,ZT 01:02,ZT 01:26,23,32,CDAB,A,Anise,SW,A,Anise,True,False,False,,52.0,7,2431243,"NE,SE,SW,NW,NE,SE,SW","D,B,A,C,D,B,A",2,2,1,2,0,0,0,0,Groom,2,23,6.0,False
Example_Animal_01,example_animal_01_four_choice.xlsx,C57BL/6,2026-06-26,2.0,Control,Wildtype,Unknown,Not observed,N/A,Jackson/NIH,Unknown,Y,ARC,Shipped,21,Y,M,N,"Zuo Lab, UCSC",Aspen,Light Phase,Bio-Serv Pellets,20.0,Kaytee,Unknown,Aria,8:8,N,N,N,08:00,3.7 inches,Teklad 2920X,Y,Control,False,,discrimination,DISC,2026-09-02,09:02,09:26,ZT 01:02,ZT 01:26,24,33,DABC,A,Anise,NE,A,Anise,True,False,False,,5.0,2,31,"SW,NW","B,D",0,1,0,1,0,0,0,0,,3,24,7.0,False
Example_Animal_01,example_animal_01_four_choice.xlsx,C57BL/6,2026-06-26,2.0,Control,Wildtype,Unknown,Not observed,N/A,Jackson/NIH,Unknown,Y,ARC,Shipped,21,Y,M,N,"Zuo Lab, UCSC",Aspen,Light Phase,Bio-Serv Pellets,20.0,Kaytee,Unknown,Aria,8:8,N,N,N,08:00,3.7 inches,Teklad 2920X,Y,Control,False,,discrimination,DISC,2026-09-02,09:02,09:26,ZT 01:02,ZT 01:26,25,34,ABCD,A,Anise,NW,A,Anise,True,False,False,,30.0,4,3231,"SW,NE,SW,NW","C,B,C,A",1,1,2,0,0,0,0,0,,4,25,7.0,False
Example_Animal_01,example_animal_01_four_choice.xlsx,C57BL/6,2026-06-26,2.0,Control,Wildtype,Unknown,Not observed,N/A,Jackson/NIH,Unknown,Y,ARC,Shipped,21,Y,M,N,"Zuo Lab, UCSC",Aspen,Light Phase,Bio-Serv Pellets,20.0,Kaytee,Unknown,Aria,8:8,N,N,N,08:00,3.7 inches,Teklad 2920X,Y,Control,False,,discrimination,DISC,2026-09-02,09:02,09:26,ZT 01:02,ZT 01:26,26,35,BCDA,A,Anise,SE,A,Anise,True,False,False,,8.0,3,324,"SW,NE,SE","D,C,A",1,0,1,1,0,0,0,0,,5,26,7.0,False
Example_Animal_01,example_animal_01_four_choice.xlsx,C57BL/6,2026-06-26,2.0,Control,Wildtype,Unknown,Not observed,N/A,Jackson/NIH,Unknown,Y,ARC,Shipped,21,Y,M,N,"Zuo Lab, UCSC",Aspen,Light Phase,Bio-Serv Pellets,20.0,Kaytee,Unknown,Aria,8:8,N,N,N,08:00,3.7 inches,Teklad 2920X,Y,Control,False,,discrimination,DISC,2026-09-02,09:02,09:26,ZT 01:02,ZT 01:26,27,36,CDAB,A,Anise,SW,A,Anise,True,False,False,,3.0,1,3,SW,A,1,0,0,0,0,0,0,0,,6,27,8.0,False
Example_Animal_01,example_animal_01_four_choice.xlsx,C57BL/6,2026-06-26,2.0,Control,Wildtype,Unknown,Not observed,N/A,Jackson/NIH,Unknown,Y,ARC,Shipped,21,Y,M,N,"Zuo Lab, UCSC",Aspen,Light Phase,Bio-Serv Pellets,20.0,Kaytee,Unknown,Aria,8:8,N,N,N,08:00,3.7 inches,Teklad 2920X,Y,Control,False,,recall,RECALL,2026-09-03,11:24,11:31,ZT 03:24,ZT 03:31,1,10,ABCD,A,Anise,NW,A,Anise,True,False,False,,30.0,10,2431242431,"NE,SE,SW,NW,NE,SE,NE,SE,SW,NW","B,D,C,A,B,D,B,D,C,A",2,3,2,3,0,0,0,0,,1,1,,False
Example_Animal_01,example_animal_01_four_choice.xlsx,C57BL/6,2026-06-26,2.0,Control,Wildtype,Unknown,Not observed,N/A,Jackson/NIH,Unknown,Y,ARC,Shipped,21,Y,M,N,"Zuo Lab, UCSC",Aspen,Light Phase,Bio-Serv Pellets,20.0,Kaytee,Unknown,Aria,8:8,N,N,N,08:00,3.7 inches,Teklad 2920X,Y,Control,False,,recall,RECALL,2026-09-03,11:24,11:31,ZT 03:24,ZT 03:31,2,11,BCDA,A,Anise,SE,A,Anise,True,False,False,,24.0,5,13124,"NW,SW,NW,NE,SE","B,D,B,C,A",1,2,1,1,0,0,0,0,,2,2,,False
Example_Animal_01,example_animal_01_four_choice.xlsx,C57BL/6,2026-06-26,2.0,Control,Wildtype,Unknown,Not observed,N/A,Jackson/NIH,Unknown,Y,ARC,Shipped,21,Y,M,N,"Zuo Lab, UCSC",Aspen,Light Phase,Bio-Serv Pellets,20.0,Kaytee,Unknown,Aria,8:8,N,N,N,08:00,3.7 inches,Teklad 2920X,Y,Control,False,,recall,RECALL,2026-09-03,11:24,11:31,ZT 03:24,ZT 03:31,3,12,CDAB,A,Anise,SW,A,Anise,True,False,False,,5.0,3,243,"NE,SE,SW","D,B,A",1,1,0,1,0,0,0,0,,3,3,,False
Example_Animal_01,example_animal_01_four_choice.xlsx,C57BL/6,2026-06-26,2.0,Control,Wildtype,Unknown,Not observed,N/A,Jackson/NIH,Unknown,Y,ARC,Shipped,21,Y,M,N,"Zuo Lab, UCSC",Aspen,Light Phase,Bio-Serv Pellets,20.0,Kaytee,Unknown,Aria,8:8,N,N,N,08:00,3.7 inches,Teklad 2920X,Y,Control,False,,recall,RECALL,2026-09-03,11:24,11:31,ZT 03:24,ZT 03:31,4,13,DABC,A,Anise,NE,A,Anise,True,False,False,,4.0,1,2,NE,A,1,0,0,0,0,0,0,0,,4,4,,False
Example_Animal_01,example_animal_01_four_choice.xlsx,C57BL/6,2026-06-26,2.0,Control,Wildtype,Unknown,Not observed,N/A,Jackson/NIH,Unknown,Y,ARC,Shipped,21,Y,M,N,"Zuo Lab, UCSC",Aspen,Light Phase,Bio-Serv Pellets,20.0,Kaytee,Unknown,Aria,8:8,N,N,N,08:00,3.7 inches,Teklad 2920X,Y,Control,False,,recall,RECALL,2026-09-03,11:24,11:31,ZT 03:24,ZT 03:31,5,14,ABCD,A,Anise,NW,A,Anise,True,False,False,,3.0,1,1,NW,A,1,0,0,0,0,0,0,0,,5,5,,False
Example_Animal_01,example_animal_01_four_choice.xlsx,C57BL/6,2026-06-26,2.0,Control,Wildtype,Unknown,Not observed,N/A,Jackson/NIH,Unknown,Y,ARC,Shipped,21,Y,M,N,"Zuo Lab, UCSC",Aspen,Light Phase,Bio-Serv Pellets,20.0,Kaytee,Unknown,Aria,8:8,N,N,N,08:00,3.7 inches,Teklad 2920X,Y,Control,False,,recall,RECALL,2026-09-03,11:24,11:31,ZT 03:24,ZT 03:31,6,15,BCDA,A,Anise,SE,A,Anise,True,False,False,,4.0,2,24,"NE,SE","C,A",1,0,1,0,0,0,0,0,,6,6,,False
Example_Animal_01,example_animal_01_four_choice.xlsx,C57BL/6,2026-06-26,2.0,Control,Wildtype,Unknown,Not observed,N/A,Jackson/NIH,Unknown,Y,ARC,Shipped,21,Y,M,N,"Zuo Lab, UCSC",Aspen,Light Phase,Bio-Serv Pellets,20.0,Kaytee,Unknown,Aria,8:8,N,N,N,08:00,3.7 inches,Teklad 2920X,Y,Control,False,,recall,RECALL,2026-09-03,11:24,11:31,ZT 03:24,ZT 03:31,7,16,CDAB,A,Anise,SW,A,Anise,True,False,False,,64.0,14,42124242124243,"SE,NE,NW,NE,SE,NE,SE,NE,NW,NE,SE,NE,SE,SW","B,D,C,D,B,D,B,D,C,D,B,D,B,A",1,5,2,6,0,0,0,0,Groom,7,7,,False
Example_Animal_01,example_animal_01_four_choice.xlsx,C57BL/6,2026-06-26,2.0,Control,Wildtype,Unknown,Not observed,N/A,Jackson/NIH,Unknown,Y,ARC,Shipped,21,Y,M,N,"Zuo Lab, UCSC",Aspen,Light Phase,Bio-Serv Pellets,20.0,Kaytee,Unknown,Aria,8:8,N,N,N,08:00,3.7 inches,Teklad 2920X,Y,Control,False,,recall,RECALL,2026-09-03,11:24,11:31,ZT 03:24,ZT 03:31,8,17,DABC,A,Anise,NE,A,Anise,True,False,False,,17.0,6,131242,"NW,SW,NW,NE,SE,NE","D,B,D,A,C,A",2,1,1,2,0,0,0,0,,8,8,,False
Example_Animal_01,example_animal_01_four_choice.xlsx,C57BL/6,2026-06-26,2.0,Control,Wildtype,Unknown,Not observed,N/A,Jackson/NIH,Unknown,Y,ARC,Shipped,21,Y,M,N,"Zuo Lab, UCSC",Aspen,Light Phase,Bio-Serv Pellets,20.0,Kaytee,Unknown,Aria,8:8,N,N,N,08:00,3.7 inches,Teklad 2920X,Y,Control,False,,reversal,REV,2026-09-03,11:33,11:51,ZT 03:33,ZT 03:51,1,10,ABCD,A,Anise,NW,B,Cinnamon,False,True,False,Perseverative,26.0,5,32431,"SW,NE,SE,SW,NW","C,B,D,C,A",1,1,2,1,0,0,0,0,,0,1,,False
Example_Animal_01,example_animal_01_four_choice.xlsx,C57BL/6,2026-06-26,2.0,Control,Wildtype,Unknown,Not observed,N/A,Jackson/NIH,Unknown,Y,ARC,Shipped,21,Y,M,N,"Zuo Lab, UCSC",Aspen,Light Phase,Bio-Serv Pellets,20.0,Kaytee,Unknown,Aria,8:8,N,N,N,08:00,3.7 inches,Teklad 2920X,Y,Control,False,,reversal,REV,2026-09-03,11:33,11:51,ZT 03:33,ZT 03:51,2,11,BCDA,A,Anise,SE,B,Cinnamon,False,True,False,Perseverative,9.0,3,124,"NW,NE,SE","B,C,A",1,1,1,0,0,0,0,0,,0,2,,False
Example_Animal_01,example_animal_01_four_choice.xlsx,C57BL/6,2026-06-26,2.0,Control,Wildtype,Unknown,Not observed,N/A,Jackson/NIH,Unknown,Y,ARC,Shipped,21,Y,M,N,"Zuo Lab, UCSC",Aspen,Light Phase,Bio-Serv Pellets,20.0,Kaytee,Unknown,Aria,8:8,N,N,N,08:00,3.7 inches,Teklad 2920X,Y,Control,False,,reversal,REV,2026-09-03,11:33,11:51,ZT 03:33,ZT 03:51,3,12,CDAB,B,Cinnamon,SE,B,Cinnamon,True,False,False,,15.0,4,3124,"SW,NW,NE,SE","A,C,D,B",1,1,1,1,0,0,0,0,,1,3,,True
Example_Animal_01,example_animal_01_four_choice.xlsx,C57BL/6,2026-06-26,2.0,Control,Wildtype,Unknown,Not observed,N/A,Jackson/NIH,Unknown,Y,ARC,Shipped,21,Y,M,N,"Zuo Lab, UCSC",Aspen,Light Phase,Bio-Serv Pellets,20.0,Kaytee,Unknown,Aria,8:8,N,N,N,08:00,3.7 inches,Teklad 2920X,Y,Control,False,,reversal,REV,2026-09-03,11:33,11:51,ZT 03:33,ZT 03:51,4,13,DABC,A,Anise,NE,B,Cinnamon,False,True,False,Regressive,6.0,2,42,"SE,NE","C,A",1,0,1,0,0,0,0,0,,0,4,,True
Example_Animal_01,example_animal_01_four_choice.xlsx,C57BL/6,2026-06-26,2.0,Control,Wildtype,Unknown,Not observed,N/A,Jackson/NIH,Unknown,Y,ARC,Shipped,21,Y,M,N,"Zuo Lab, UCSC",Aspen,Light Phase,Bio-Serv Pellets,20.0,Kaytee,Unknown,Aria,8:8,N,N,N,08:00,3.7 inches,Teklad 2920X,Y,Control,False,,reversal,REV,2026-09-03,11:33,11:51,ZT 03:33,ZT 03:51,5,14,ABCD,A,Anise,NW,B,Cinnamon,False,True,False,Regressive,12.0,5,42431,"SE,NE,SE,SW,NW","D,B,D,C,A",1,1,1,2,0,0,0,0,,0,5,,True
Example_Animal_01,example_animal_01_four_choice.xlsx,C57BL/6,2026-06-26,2.0,Control,Wildtype,Unknown,Not observed,N/A,Jackson/NIH,Unknown,Y,ARC,Shipped,21,Y,M,N,"Zuo Lab, UCSC",Aspen,Light Phase,Bio-Serv Pellets,20.0,Kaytee,Unknown,Aria,8:8,N,N,N,08:00,3.7 inches,Teklad 2920X,Y,Control,False,,reversal,REV,2026-09-03,11:33,11:51,ZT 03:33,ZT 03:51,6,15,BCDA,B,Cinnamon,NW,B,Cinnamon,True,False,False,,10.0,2,21,"NE,NW","C,B",0,1,1,0,0,0,0,0,,1,6,,True
Example_Animal_01,example_animal_01_four_choice.xlsx,C57BL/6,2026-06-26,2.0,Control,Wildtype,Unknown,Not observed,N/A,Jackson/NIH,Unknown,Y,ARC,Shipped,21,Y,M,N,"Zuo Lab, UCSC",Aspen,Light Phase,Bio-Serv Pellets,20.0,Kaytee,Unknown,Aria,8:8,N,N,N,08:00,3.7 inches,Teklad 2920X,Y,Control,False,,reversal,REV,2026-09-03,11:33,11:51,ZT 03:33,ZT 03:51,7,16,CDAB,B,Cinnamon,SE,B,Cinnamon,True,False,False,,7.0,2,24,"NE,SE","D,B",0,1,0,1,0,0,0,0,,2,7,,True
Example_Animal_01,example_animal_01_four_choice.xlsx,C57BL/6,2026-06-26,2.0,Control,Wildtype,Unknown,Not observed,N/A,Jackson/NIH,Unknown,Y,ARC,Shipped,21,Y,M,N,"Zuo Lab, UCSC",Aspen,Light Phase,Bio-Serv Pellets,20.0,Kaytee,Unknown,Aria,8:8,N,N,N,08:00,3.7 inches,Teklad 2920X,Y,Control,False,,reversal,REV,2026-09-03,11:33,11:51,ZT 03:33,ZT 03:51,8,17,DABC,A,Anise,NE,B,Cinnamon,False,True,False,Regressive,4.0,1,2,NE,A,1,0,0,0,0,0,0,0,,0,8,,True
Example_Animal_01,example_animal_01_four_choice.xlsx,C57BL/6,2026-06-26,2.0,Control,Wildtype,Unknown,Not observed,N/A,Jackson/NIH,Unknown,Y,ARC,Shipped,21,Y,M,N,"Zuo Lab, UCSC",Aspen,Light Phase,Bio-Serv Pellets,20.0,Kaytee,Unknown,Aria,8:8,N,N,N,08:00,3.7 inches,Teklad 2920X,Y,Control,False,,reversal,REV,2026-09-03,11:33,11:51,ZT 03:33,ZT 03:51,9,18,ABCD,B,Cinnamon,NE,B,Cinnamon,True,False,False,,6.0,2,12,"NW,NE","A,B",1,1,0,0,0,0,0,0,,1,9,,True
Example_Animal_01,example_animal_01_four_choice.xlsx,C57BL/6,2026-06-26,2.0,Control,Wildtype,Unknown,Not observed,N/A,Jackson/NIH,Unknown,Y,ARC,Shipped,21,Y,M,N,"Zuo Lab, UCSC",Aspen,Light Phase,Bio-Serv Pellets,20.0,Kaytee,Unknown,Aria,8:8,N,N,N,08:00,3.7 inches,Teklad 2920X,Y,Control,False,,reversal,REV,2026-09-03,11:33,11:51,ZT 03:33,ZT 03:51,10,19,BCDA,A,Anise,SE,B,Cinnamon,False,True,False,Regressive,8.0,2,24,"NE,SE","C,A",1,0,1,0,0,0,0,0,,0,10,4.0,True
Example_Animal_01,example_animal_01_four_choice.xlsx,C57BL/6,2026-06-26,2.0,Control,Wildtype,Unknown,Not observed,N/A,Jackson/NIH,Unknown,Y,ARC,Shipped,21,Y,M,N,"Zuo Lab, UCSC",Aspen,Light Phase,Bio-Serv Pellets,20.0,Kaytee,Unknown,Aria,8:8,N,N,N,08:00,3.7 inches,Teklad 2920X,Y,Control,False,,reversal,REV,2026-09-03,11:33,11:51,ZT 03:33,ZT 03:51,11,20,CDAB,B,Cinnamon,SE,B,Cinnamon,True,False,False,,13.0,4,2124,"NE,NW,NE,SE","D,C,D,B",0,1,1,2,0,0,0,0,,1,11,5.0,True
Example_Animal_01,example_animal_01_four_choice.xlsx,C57BL/6,2026-06-26,2.0,Control,Wildtype,Unknown,Not observed,N/A,Jackson/NIH,Unknown,Y,ARC,Shipped,21,Y,M,N,"Zuo Lab, UCSC",Aspen,Light Phase,Bio-Serv Pellets,20.0,Kaytee,Unknown,Aria,8:8,N,N,N,08:00,3.7 inches,Teklad 2920X,Y,Control,False,,reversal,REV,2026-09-03,11:33,11:51,ZT 03:33,ZT 03:51,12,21,DABC,A,Anise,NE,B,Cinnamon,False,True,False,Regressive,45.0,11,21242421242,"NE,NW,NE,SE,NE,SE,NE,NW,NE,SE,NE","A,D,A,C,A,C,A,D,A,C,A",6,0,3,2,0,0,0,0,,0,12,5.0,True
Example_Animal_01,example_animal_01_four_choice.xlsx,C57BL/6,2026-06-26,2.0,Control,Wildtype,Unknown,Not observed,N/A,Jackson/NIH,Unknown,Y,ARC,Shipped,21,Y,M,N,"Zuo Lab, UCSC",Aspen,Light Phase,Bio-Serv Pellets,20.0,Kaytee,Unknown,Aria,8:8,N,N,N,08:00,3.7 inches,Teklad 2920X,Y,Control,False,,reversal,REV,2026-09-03,11:33,11:51,ZT 03:33,ZT 03:51,13,22,ABCD,B,Cinnamon,NE,B,Cinnamon,True,False,False,,8.0,3,242,"NE,SE,NE","B,D,B",0,2,0,1,0,0,0,0,,1,13,5.0,True
Example_Animal_01,example_animal_01_four_choice.xlsx,C57BL/6,2026-06-26,2.0,Control,Wildtype,Unknown,Not observed,N/A,Jackson/NIH,Unknown,Y,ARC,Shipped,21,Y,M,N,"Zuo Lab, UCSC",Aspen,Light Phase,Bio-Serv Pellets,20.0,Kaytee,Unknown,Aria,8:8,N,N,N,08:00,3.7 inches,Teklad 2920X,Y,Control,False,,reversal,REV,2026-09-03,11:33,11:51,ZT 03:33,ZT 03:51,14,23,BCDA,B,Cinnamon,NW,B,Cinnamon,True,False,False,,5.0,2,21,"NE,NW","C,B",0,1,1,0,0,0,0,0,,2,14,6.0,True
Example_Animal_01,example_animal_01_four_choice.xlsx,C57BL/6,2026-06-26,2.0,Control,Wildtype,Unknown,Not observed,N/A,Jackson/NIH,Unknown,Y,ARC,Shipped,21,Y,M,N,"Zuo Lab, UCSC",Aspen,Light Phase,Bio-Serv Pellets,20.0,Kaytee,Unknown,Aria,8:8,N,N,N,08:00,3.7 inches,Teklad 2920X,Y,Control,False,,reversal,REV,2026-09-03,11:33,11:51,ZT 03:33,ZT 03:51,15,24,CDAB,B,Cinnamon,SE,B,Cinnamon,True,False,False,,5.0,1,4,SE,B,0,1,0,0,0,0,0,0,,3,15,7.0,True
Example_Animal_01,example_animal_01_four_choice.xlsx,C57BL/6,2026-06-26,2.0,Control,Wildtype,Unknown,Not observed,N/A,Jackson/NIH,Unknown,Y,ARC,Shipped,21,Y,M,N,"Zuo Lab, UCSC",Aspen,Light Phase,Bio-Serv Pellets,20.0,Kaytee,Unknown,Aria,8:8,N,N,N,08:00,3.7 inches,Teklad 2920X,Y,Control,False,,reversal,REV,2026-09-03,11:33,11:51,ZT 03:33,ZT 03:51,16,25,DABC,B,Cinnamon,SW,B,Cinnamon,True,False,False,,8.0,2,43,"SE,SW","C,B",0,1,1,0,0,0,0,0,,4,16,7.0,True
Example_Animal_01,example_animal_01_four_choice.xlsx,C57BL/6,2026-06-26,2.0,Control,Wildtype,Unknown,Not observed,N/A,Jackson/NIH,Unknown,Y,ARC,Shipped,21,Y,M,N,"Zuo Lab, UCSC",Aspen,Light Phase,Bio-Serv Pellets,20.0,Kaytee,Unknown,Aria,8:8,N,N,N,08:00,3.7 inches,Teklad 2920X,Y,Control,False,,reversal,REV,2026-09-03,11:33,11:51,ZT 03:33,ZT 03:51,17,26,ABCD,A,Anise,NW,B,Cinnamon,False,True,False,Regressive,13.0,3,431,"SE,SW,NW","D,C,A",1,0,1,1,0,0,0,0,,0,17,6.0,True
Example_Animal_01,example_animal_01_four_choice.xlsx,C57BL/6,2026-06-26,2.0,Control,Wildtype,Unknown,Not observed,N/A,Jackson/NIH,Unknown,Y,ARC,Shipped,21,Y,M,N,"Zuo Lab, UCSC",Aspen,Light Phase,Bio-Serv Pellets,20.0,Kaytee,Unknown,Aria,8:8,N,N,N,08:00,3.7 inches,Teklad 2920X,Y,Control,False,,reversal,REV,2026-09-03,11:33,11:51,ZT 03:33,ZT 03:51,18,27,BCDA,B,Cinnamon,NW,B,Cinnamon,True,False,False,,52.0,6,124231,"NW,NE,SE,NE,SW,NW","B,C,A,C,D,B",1,2,2,1,0,0,0,0,,1,18,7.0,True
Example_Animal_01,example_animal_01_four_choice.xlsx,C57BL/6,2026-06-26,2.0,Control,Wildtype,Unknown,Not observed,N/A,Jackson/NIH,Unknown,Y,ARC,Shipped,21,Y,M,N,"Zuo Lab, UCSC",Aspen,Light Phase,Bio-Serv Pellets,20.0,Kaytee,Unknown,Aria,8:8,N,N,N,08:00,3.7 inches,Teklad 2920X,Y,Control,False,,reversal,REV,2026-09-03,11:33,11:51,ZT 03:33,ZT 03:51,19,28,CDAB,B,Cinnamon,SE,B,Cinnamon,True,False,False,,6.0,3,124,"NW,NE,SE","C,D,B",0,1,1,1,0,0,0,0,,2,19,7.0,True
Example_Animal_01,example_animal_01_four_choice.xlsx,C57BL/6,2026-06-26,2.0,Control,Wildtype,Unknown,Not observed,N/A,Jackson/NIH,Unknown,Y,ARC,Shipped,21,Y,M,N,"Zuo Lab, UCSC",Aspen,Light Phase,Bio-Serv Pellets,20.0,Kaytee,Unknown,Aria,8:8,N,N,N,08:00,3.7 inches,Teklad 2920X,Y,Control,False,,reversal,REV,2026-09-03,11:33,11:51,ZT 03:33,ZT 03:51,20,29,DABC,B,Cinnamon,SW,B,Cinnamon,True,False,False,,4.0,2,43,"SE,SW","C,B",0,1,1,0,0,0,0,0,,3,20,8.0,True
Example_Animal_02,example_animal_02_four_choice.xlsx,C57BL/6,2026-06-26,2.0,Control,Wildtype,Unknown,Not observed,N/A,Jackson/NIH,Unknown,Y,ARC,Shipped,21,Y,M,N,"Zuo Lab, UCSC",Aspen,Light Phase,Bio-Serv Pellets,20.0,Kaytee,Unknown,Aria,8:8,N,N,N,08:00,3.7 inches,Teklad 2920X,Y,Control,False,,discrimination,DISC,2026-09-02,09:35,09:48,ZT 01:35,ZT 01:48,1,10,ABCD,B,Cinnamon,NE,A,Anise,False,True,False,B_error,48.0,11,43121243212,"SE,SW,NW,NE,NW,NE,SE,SW,NE,NW,NE","D,C,A,B,A,B,D,C,B,A,B",3,4,2,2,0,0,0,0,,0,1,,False
Example_Animal_02,example_animal_02_four_choice.xlsx,C57BL/6,2026-06-26,2.0,Control,Wildtype,Unknown,Not observed,N/A,Jackson/NIH,Unknown,Y,ARC,Shipped,21,Y,M,N,"Zuo Lab, UCSC",Aspen,Light Phase,Bio-Serv Pellets,20.0,Kaytee,Unknown,Aria,8:8,N,N,N,08:00,3.7 inches,Teklad 2920X,Y,Control,False,,discrimination,DISC,2026-09-02,09:35,09:48,ZT 01:35,ZT 01:48,2,11,BCDA,A,Anise,SE,A,Anise,True,False,False,,8.0,1,4,SE,A,1,0,0,0,0,0,0,0,,1,2,,False
Example_Animal_02,example_animal_02_four_choice.xlsx,C57BL/6,2026-06-26,2.0,Control,Wildtype,Unknown,Not observed,N/A,Jackson/NIH,Unknown,Y,ARC,Shipped,21,Y,M,N,"Zuo Lab, UCSC",Aspen,Light Phase,Bio-Serv Pellets,20.0,Kaytee,Unknown,Aria,8:8,N,N,N,08:00,3.7 inches,Teklad 2920X,Y,Control,False,,discrimination,DISC,2026-09-02,09:35,09:48,ZT 01:35,ZT 01:48,3,12,CDAB,B,Cinnamon,SE,A,Anise,False,True,False,B_error,15.0,4,2414,"NE,SE,NW,SE","D,B,C,B",0,2,1,1,0,0,0,0,,0,3,,False
Example_Animal_02,example_animal_02_four_choice.xlsx,C57BL/6,2026-06-26,2.0,Control,Wildtype,Unknown,Not observed,N/A,Jackson/NIH,Unknown,Y,ARC,Shipped,21,Y,M,N,"Zuo Lab, UCSC",Aspen,Light Phase,Bio-Serv Pellets,20.0,Kaytee,Unknown,Aria,8:8,N,N,N,08:00,3.7 inches,Teklad 2920X,Y,Control,False,,discrimination,DISC,2026-09-02,09:35,09:48,ZT 01:35,ZT 01:48,4,13,DABC,A,Anise,NE,A,Anise,True,False,False,,7.0,2,42,"SE,NE","C,A",1,0,1,0,0,0,0,0,,1,4,,False
Example_Animal_02,example_animal_02_four_choice.xlsx,C57BL/6,2026-06-26,2.0,Control,Wildtype,Unknown,Not observed,N/A,Jackson/NIH,Unknown,Y,ARC,Shipped,21,Y,M,N,"Zuo Lab, UCSC",Aspen,Light Phase,Bio-Serv Pellets,20.0,Kaytee,Unknown,Aria,8:8,N,N,N,08:00,3.7 inches,Teklad 2920X,Y,Control,False,,discrimination,DISC,2026-09-02,09:35,09:48,ZT 01:35,ZT 01:48,5,14,ABCD,A,Anise,NW,A,Anise,True,False,False,,7.0,5,43124,"SE,SW,NW,NE,SE","D,C,A,B,D",1,1,1,2,0,0,0,0,,2,5,,False
Example_Animal_02,example_animal_02_four_choice.xlsx,C57BL/6,2026-06-26,2.0,Control,Wildtype,Unknown,Not observed,N/A,Jackson/NIH,Unknown,Y,ARC,Shipped,21,Y,M,N,"Zuo Lab, UCSC",Aspen,Light Phase,Bio-Serv Pellets,20.0,Kaytee,Unknown,Aria,8:8,N,N,N,08:00,3.7 inches,Teklad 2920X,Y,Control,False,,discrimination,DISC,2026-09-02,09:35,09:48,ZT 01:35,ZT 01:48,6,15,BCDA,A,Anise,SE,A,Anise,True,False,False,,24.0,2,24,"NE,SE","C,A",1,0,1,0,0,0,0,0,,3,6,,False
Example_Animal_02,example_animal_02_four_choice.xlsx,C57BL/6,2026-06-26,2.0,Control,Wildtype,Unknown,Not observed,N/A,Jackson/NIH,Unknown,Y,ARC,Shipped,21,Y,M,N,"Zuo Lab, UCSC",Aspen,Light Phase,Bio-Serv Pellets,20.0,Kaytee,Unknown,Aria,8:8,N,N,N,08:00,3.7 inches,Teklad 2920X,Y,Control,False,,discrimination,DISC,2026-09-02,09:35,09:48,ZT 01:35,ZT 01:48,7,16,CDAB,B,Cinnamon,SE,A,Anise,False,True,False,B_error,9.0,1,2,NE,D,0,0,0,1,0,0,0,0,,0,7,,False
Example_Animal_02,example_animal_02_four_choice.xlsx,C57BL/6,2026-06-26,2.0,Control,Wildtype,Unknown,Not observed,N/A,Jackson/NIH,Unknown,Y,ARC,Shipped,21,Y,M,N,"Zuo Lab, UCSC",Aspen,Light Phase,Bio-Serv Pellets,20.0,Kaytee,Unknown,Aria,8:8,N,N,N,08:00,3.7 inches,Teklad 2920X,Y,Control,False,,discrimination,DISC,2026-09-02,09:35,09:48,ZT 01:35,ZT 01:48,8,17,DABC,A,Anise,NE,A,Anise,True,False,False,,4.0,1,2,NE,A,1,0,0,0,0,0,0,0,,1,8,,False
Example_Animal_02,example_animal_02_four_choice.xlsx,C57BL/6,2026-06-26,2.0,Control,Wildtype,Unknown,Not observed,N/A,Jackson/NIH,Unknown,Y,ARC,Shipped,21,Y,M,N,"Zuo Lab, UCSC",Aspen,Light Phase,Bio-Serv Pellets,20.0,Kaytee,Unknown,Aria,8:8,N,N,N,08:00,3.7 inches,Teklad 2920X,Y,Control,False,,discrimination,DISC,2026-09-02,09:35,09:48,ZT 01:35,ZT 01:48,9,18,ABCD,B,Cinnamon,NE,A,Anise,False,True,False,B_error,8.0,1,4,SE,D,0,0,0,1,0,0,0,0,,0,9,,False
Example_Animal_02,example_animal_02_four_choice.xlsx,C57BL/6,2026-06-26,2.0,Control,Wildtype,Unknown,Not observed,N/A,Jackson/NIH,Unknown,Y,ARC,Shipped,21,Y,M,N,"Zuo Lab, UCSC",Aspen,Light Phase,Bio-Serv Pellets,20.0,Kaytee,Unknown,Aria,8:8,N,N,N,08:00,3.7 inches,Teklad 2920X,Y,Control,False,,discrimination,DISC,2026-09-02,09:35,09:48,ZT 01:35,ZT 01:48,10,19,BCDA,A,Anise,SE,A,Anise,True,False,False,,6.0,3,142,"NW,SE,NE","B,A,C",1,1,1,0,0,0,0,0,,1,10,6.0,False
Example_Animal_02,example_animal_02_four_choice.xlsx,C57BL/6,2026-06-26,2.0,Control,Wildtype,Unknown,Not observed,N/A,Jackson/NIH,Unknown,Y,ARC,Shipped,21,Y,M,N,"Zuo Lab, UCSC",Aspen,Light Phase,Bio-Serv Pellets,20.0,Kaytee,Unknown,Aria,8:8,N,N,N,08:00,3.7 inches,Teklad 2920X,Y,Control,False,,discrimination,DISC,2026-09-02,09:35,09:48,ZT 01:35,ZT 01:48,11,20,CDAB,D,Vanilla,NE,A,Anise,False,True,False,D_error,16.0,1,2,NE,D,0,0,0,1,0,0,0,0,,0,11,6.0,False
Example_Animal_02,example_animal_02_four_choice.xlsx,C57BL/6,2026-06-26,2.0,Control,Wildtype,Unknown,Not observed,N/A,Jackson/NIH,Unknown,Y,ARC,Shipped,21,Y,M,N,"Zuo Lab, UCSC",Aspen,Light Phase,Bio-Serv Pellets,20.0,Kaytee,Unknown,Aria,8:8,N,N,N,08:00,3.7 inches,Teklad 2920X,Y,Control,False,,discrimination,DISC,2026-09-02,09:35,09:48,ZT 01:35,ZT 01:48,12,21,DABC,A,Anise,NE,A,Anise,True,False,False,,4.0,2,41,"SE,NW","C,D",0,0,1,1,0,0,0,0,Groom,1,12,6.0,False
Example_Animal_02,example_animal_02_four_choice.xlsx,C57BL/6,2026-06-26,2.0,Control,Wildtype,Unknown,Not observed,N/A,Jackson/NIH,Unknown,Y,ARC,Shipped,21,Y,M,N,"Zuo Lab, UCSC",Aspen,Light Phase,Bio-Serv Pellets,20.0,Kaytee,Unknown,Aria,8:8,N,N,N,08:00,3.7 inches,Teklad 2920X,Y,Control,False,,discrimination,DISC,2026-09-02,09:35,09:48,ZT 01:35,ZT 01:48,13,22,ABCD,A,Anise,NW,A,Anise,True,False,False,,17.0,2,41,"SE,NW","D,A",1,0,0,1,0,0,0,0,,2,13,7.0,False
Example_Animal_02,example_animal_02_four_choice.xlsx,C57BL/6,2026-06-26,2.0,Control,Wildtype,Unknown,Not observed,N/A,Jackson/NIH,Unknown,Y,ARC,Shipped,21,Y,M,N,"Zuo Lab, UCSC",Aspen,Light Phase,Bio-Serv Pellets,20.0,Kaytee,Unknown,Aria,8:8,N,N,N,08:00,3.7 inches,Teklad 2920X,Y,Control,False,,discrimination,DISC,2026-09-02,09:35,09:48,ZT 01:35,ZT 01:48,14,23,BCDA,A,Anise,SE,A,Anise,True,False,False,,11.0,3,314,"SW,NW,SE","D,B,A",1,1,0,1,0,0,0,0,,3,14,7.0,False
Example_Animal_02,example_animal_02_four_choice.xlsx,C57BL/6,2026-06-26,2.0,Control,Wildtype,Unknown,Not observed,N/A,Jackson/NIH,Unknown,Y,ARC,Shipped,21,Y,M,N,"Zuo Lab, UCSC",Aspen,Light Phase,Bio-Serv Pellets,20.0,Kaytee,Unknown,Aria,8:8,N,N,N,08:00,3.7 inches,Teklad 2920X,Y,Control,False,,discrimination,DISC,2026-09-02,09:35,09:48,ZT 01:35,ZT 01:48,15,24,CDAB,A,Anise,SW,A,Anise,True,False,False,,23.0,4,1243,"NW,NE,SE,SW","C,D,B,A",1,1,1,1,0,0,0,0,,4,15,7.0,False
Example_Animal_02,example_animal_02_four_choice.xlsx,C57BL/6,2026-06-26,2.0,Control,Wildtype,Unknown,Not observed,N/A,Jackson/NIH,Unknown,Y,ARC,Shipped,21,Y,M,N,"Zuo Lab, UCSC",Aspen,Light Phase,Bio-Serv Pellets,20.0,Kaytee,Unknown,Aria,8:8,N,N,N,08:00,3.7 inches,Teklad 2920X,Y,Control,False,,discrimination,DISC,2026-09-02,09:35,09:48,ZT 01:35,ZT 01:48,16,25,DABC,A,Anise,NE,A,Anise,True,False,False,,10.0,2,42,"SE,NE","C,A",1,0,1,0,0,0,0,0,,5,16,7.0,False
Example_Animal_02,example_animal_02_four_choice.xlsx,C57BL/6,2026-06-26,2.0,Control,Wildtype,Unknown,Not observed,N/A,Jackson/NIH,Unknown,Y,ARC,Shipped,21,Y,M,N,"Zuo Lab, UCSC",Aspen,Light Phase,Bio-Serv Pellets,20.0,Kaytee,Unknown,Aria,8:8,N,N,N,08:00,3.7 inches,Teklad 2920X,Y,Control,False,,discrimination,DISC,2026-09-02,09:35,09:48,ZT 01:35,ZT 01:48,17,26,ABCD,A,Anise,NW,A,Anise,True,False,False,,3.0,1,1,NW,A,1,0,0,0,0,0,0,0,,6,17,8.0,False
Example_Animal_02,example_animal_02_four_choice.xlsx,C57BL/6,2026-06-26,2.0,Control,Wildtype,Unknown,Not observed,N/A,Jackson/NIH,Unknown,Y,ARC,Shipped,21,Y,M,N,"Zuo Lab, UCSC",Aspen,Light Phase,Bio-Serv Pellets,20.0,Kaytee,Unknown,Aria,8:8,N,N,N,08:00,3.7 inches,Teklad 2920X,Y,Control,False,,recall,RECALL,2026-09-03,12:00,12:06,ZT 04:00,ZT 04:06,1,10,ABCD,D,Vanilla,SE,A,Anise,False,True,False,D_error,19.0,5,42424,"SE,NE,SE,NE,SE","D,B,D,B,D",0,2,0,3,0,0,0,0,,0,1,,False
Example_Animal_02,example_animal_02_four_choice.xlsx,C57BL/6,2026-06-26,2.0,Control,Wildtype,Unknown,Not observed,N/A,Jackson/NIH,Unknown,Y,ARC,Shipped,21,Y,M,N,"Zuo Lab, UCSC",Aspen,Light Phase,Bio-Serv Pellets,20.0,Kaytee,Unknown,Aria,8:8,N,N,N,08:00,3.7 inches,Teklad 2920X,Y,Control,False,,recall,RECALL,2026-09-03,12:00,12:06,ZT 04:00,ZT 04:06,2,11,BCDA,A,Anise,SE,A,Anise,True,False,False,,4.0,1,4,SE,A,1,0,0,0,0,0,0,0,,1,2,,False
Example_Animal_02,example_animal_02_four_choice.xlsx,C57BL/6,2026-06-26,2.0,Control,Wildtype,Unknown,Not observed,N/A,Jackson/NIH,Unknown,Y,ARC,Shipped,21,Y,M,N,"Zuo Lab, UCSC",Aspen,Light Phase,Bio-Serv Pellets,20.0,Kaytee,Unknown,Aria,8:8,N,N,N,08:00,3.7 inches,Teklad 2920X,Y,Control,False,,recall,RECALL,2026-09-03,12:00,12:06,ZT 04:00,ZT 04:06,3,12,CDAB,A,Anise,SW,A,Anise,True,False,False,,5.0,3,123,"NW,NE,SW","C,D,A",1,0,1,1,0,0,0,0,,2,3,,False
Example_Animal_02,example_animal_02_four_choice.xlsx,C57BL/6,2026-06-26,2.0,Control,Wildtype,Unknown,Not observed,N/A,Jackson/NIH,Unknown,Y,ARC,Shipped,21,Y,M,N,"Zuo Lab, UCSC",Aspen,Light Phase,Bio-Serv Pellets,20.0,Kaytee,Unknown,Aria,8:8,N,N,N,08:00,3.7 inches,Teklad 2920X,Y,Control,False,,recall,RECALL,2026-09-03,12:00,12:06,ZT 04:00,ZT 04:06,4,13,DABC,A,Anise,NE,A,Anise,True,False,False,,10.0,3,312,"SW,NW,NE","B,D,A",1,1,0,1,0,0,0,0,,3,4,,False
Example_Animal_02,example_animal_02_four_choice.xlsx,C57BL/6,2026-06-26,2.0,Control,Wildtype,Unknown,Not observed,N/A,Jackson/NIH,Unknown,Y,ARC,Shipped,21,Y,M,N,"Zuo Lab, UCSC",Aspen,Light Phase,Bio-Serv Pellets,20.0,Kaytee,Unknown,Aria,8:8,N,N,N,08:00,3.7 inches,Teklad 2920X,Y,Control,False,,recall,RECALL,2026-09-03,12:00,12:06,ZT 04:00,ZT 04:06,5,14,ABCD,A,Anise,NW,A,Anise,True,False,False,,5.0,2,31,"SW,NW","C,A",1,0,1,0,0,0,0,0,,4,5,,False
Example_Animal_02,example_animal_02_four_choice.xlsx,C57BL/6,2026-06-26,2.0,Control,Wildtype,Unknown,Not observed,N/A,Jackson/NIH,Unknown,Y,ARC,Shipped,21,Y,M,N,"Zuo Lab, UCSC",Aspen,Light Phase,Bio-Serv Pellets,20.0,Kaytee,Unknown,Aria,8:8,N,N,N,08:00,3.7 inches,Teklad 2920X,Y,Control,False,,recall,RECALL,2026-09-03,12:00,12:06,ZT 04:00,ZT 04:06,6,15,BCDA,A,Anise,SE,A,Anise,True,False,False,,10.0,3,124,"NW,NE,SE","B,C,A",1,1,1,0,0,0,0,0,,5,6,,False
Example_Animal_02,example_animal_02_four_choice.xlsx,C57BL/6,2026-06-26,2.0,Control,Wildtype,Unknown,Not observed,N/A,Jackson/NIH,Unknown,Y,ARC,Shipped,21,Y,M,N,"Zuo Lab, UCSC",Aspen,Light Phase,Bio-Serv Pellets,20.0,Kaytee,Unknown,Aria,8:8,N,N,N,08:00,3.7 inches,Teklad 2920X,Y,Control,False,,recall,RECALL,2026-09-03,12:00,12:06,ZT 04:00,ZT 04:06,7,16,CDAB,A,Anise,SW,A,Anise,True,False,False,,4.0,2,43,"SE,SW","B,A",1,1,0,0,0,0,0,0,,6,7,,False
Example_Animal_02,example_animal_02_four_choice.xlsx,C57BL/6,2026-06-26,2.0,Control,Wildtype,Unknown,Not observed,N/A,Jackson/NIH,Unknown,Y,ARC,Shipped,21,Y,M,N,"Zuo Lab, UCSC",Aspen,Light Phase,Bio-Serv Pellets,20.0,Kaytee,Unknown,Aria,8:8,N,N,N,08:00,3.7 inches,Teklad 2920X,Y,Control,False,,recall,RECALL,2026-09-03,12:00,12:06,ZT 04:00,ZT 04:06,8,17,DABC,A,Anise,NE,A,Anise,True,False,False,,5.0,2,12,"NW,NE","D,A",1,0,0,1,0,0,0,0,,7,8,,False
Example_Animal_02,example_animal_02_four_choice.xlsx,C57BL/6,2026-06-26,2.0,Control,Wildtype,Unknown,Not observed,N/A,Jackson/NIH,Unknown,Y,ARC,Shipped,21,Y,M,N,"Zuo Lab, UCSC",Aspen,Light Phase,Bio-Serv Pellets,20.0,Kaytee,Unknown,Aria,8:8,N,N,N,08:00,3.7 inches,Teklad 2920X,Y,Control,False,,recall,RECALL,2026-09-03,12:00,12:06,ZT 04:00,ZT 04:06,9,18,ABCD,A,Anise,NW,A,Anise,True,False,False,,4.0,1,1,NW,A,1,0,0,0,0,0,0,0,,8,9,,False
Example_Animal_02,example_animal_02_four_choice.xlsx,C57BL/6,2026-06-26,2.0,Control,Wildtype,Unknown,Not observed,N/A,Jackson/NIH,Unknown,Y,ARC,Shipped,21,Y,M,N,"Zuo Lab, UCSC",Aspen,Light Phase,Bio-Serv Pellets,20.0,Kaytee,Unknown,Aria,8:8,N,N,N,08:00,3.7 inches,Teklad 2920X,Y,Control,False,,reversal,REV,2026-09-03,12:08,12:19,ZT 04:08,ZT 04:19,1,10,ABCD,A,Anise,NW,B,Cinnamon,False,True,False,Perseverative,43.0,5,32431,"SW,NE,SE,SW,NW","C,B,D,C,A",1,1,2,1,0,0,0,0,,0,1,,False
Example_Animal_02,example_animal_02_four_choice.xlsx,C57BL/6,2026-06-26,2.0,Control,Wildtype,Unknown,Not observed,N/A,Jackson/NIH,Unknown,Y,ARC,Shipped,21,Y,M,N,"Zuo Lab, UCSC",Aspen,Light Phase,Bio-Serv Pellets,20.0,Kaytee,Unknown,Aria,8:8,N,N,N,08:00,3.7 inches,Teklad 2920X,Y,Control,False,,reversal,REV,2026-09-03,12:08,12:19,ZT 04:08,ZT 04:19,2,11,BCDA,B,Cinnamon,NW,B,Cinnamon,True,False,False,,6.0,2,31,"SW,NW","D,B",0,1,0,1,0,0,0,0,,1,2,,True
Example_Animal_02,example_animal_02_four_choice.xlsx,C57BL/6,2026-06-26,2.0,Control,Wildtype,Unknown,Not observed,N/A,Jackson/NIH,Unknown,Y,ARC,Shipped,21,Y,M,N,"Zuo Lab, UCSC",Aspen,Light Phase,Bio-Serv Pellets,20.0,Kaytee,Unknown,Aria,8:8,N,N,N,08:00,3.7 inches,Teklad 2920X,Y,Control,False,,reversal,REV,2026-09-03,12:08,12:19,ZT 04:08,ZT 04:19,3,12,CDAB,A,Anise,SW,B,Cinnamon,False,True,False,Regressive,10.0,1,3,SW,A,1,0,0,0,0,0,0,0,,0,3,,True
Example_Animal_02,example_animal_02_four_choice.xlsx,C57BL/6,2026-06-26,2.0,Control,Wildtype,Unknown,Not observed,N/A,Jackson/NIH,Unknown,Y,ARC,Shipped,21,Y,M,N,"Zuo Lab, UCSC",Aspen,Light Phase,Bio-Serv Pellets,20.0,Kaytee,Unknown,Aria,8:8,N,N,N,08:00,3.7 inches,Teklad 2920X,Y,Control,False,,reversal,REV,2026-09-03,12:08,12:19,ZT 04:08,ZT 04:19,4,13,DABC,A,Anise,NE,B,Cinnamon,False,True,False,Regressive,9.0,2,12,"NW,NE","D,A",1,0,0,1,0,0,0,0,,0,4,,True
Example_Animal_02,example_animal_02_four_choice.xlsx,C57BL/6,2026-06-26,2.0,Control,Wildtype,Unknown,Not observed,N/A,Jackson/NIH,Unknown,Y,ARC,Shipped,21,Y,M,N,"Zuo Lab, UCSC",Aspen,Light Phase,Bio-Serv Pellets,20.0,Kaytee,Unknown,Aria,8:8,N,N,N,08:00,3.7 inches,Teklad 2920X,Y,Control,False,,reversal,REV,2026-09-03,12:08,12:19,ZT 04:08,ZT 04:19,5,14,ABCD,B,Cinnamon,NE,B,Cinnamon,True,False,False,,19.0,2,12,"NW,NE","A,B",1,1,0,0,0,0,0,0,,1,5,,True
Example_Animal_02,example_animal_02_four_choice.xlsx,C57BL/6,2026-06-26,2.0,Control,Wildtype,Unknown,Not observed,N/A,Jackson/NIH,Unknown,Y,ARC,Shipped,21,Y,M,N,"Zuo Lab, UCSC",Aspen,Light Phase,Bio-Serv Pellets,20.0,Kaytee,Unknown,Aria,8:8,N,N,N,08:00,3.7 inches,Teklad 2920X,Y,Control,False,,reversal,REV,2026-09-03,12:08,12:19,ZT 04:08,ZT 04:19,6,15,BCDA,B,Cinnamon,NW,B,Cinnamon,True,False,False,,7.0,2,31,"SW,NW","D,B",0,1,0,1,0,0,0,0,,2,6,,True
Example_Animal_02,example_animal_02_four_choice.xlsx,C57BL/6,2026-06-26,2.0,Control,Wildtype,Unknown,Not observed,N/A,Jackson/NIH,Unknown,Y,ARC,Shipped,21,Y,M,N,"Zuo Lab, UCSC",Aspen,Light Phase,Bio-Serv Pellets,20.0,Kaytee,Unknown,Aria,8:8,N,N,N,08:00,3.7 inches,Teklad 2920X,Y,Control,False,,reversal,REV,2026-09-03,12:08,12:19,ZT 04:08,ZT 04:19,7,16,CDAB,B,Cinnamon,SE,B,Cinnamon,True,False,False,,7.0,2,24,"NE,SE","D,B",0,1,0,1,0,0,0,0,,3,7,,True
Example_Animal_02,example_animal_02_four_choice.xlsx,C57BL/6,2026-06-26,2.0,Control,Wildtype,Unknown,Not observed,N/A,Jackson/NIH,Unknown,Y,ARC,Shipped,21,Y,M,N,"Zuo Lab, UCSC",Aspen,Light Phase,Bio-Serv Pellets,20.0,Kaytee,Unknown,Aria,8:8,N,N,N,08:00,3.7 inches,Teklad 2920X,Y,Control,False,,reversal,REV,2026-09-03,12:08,12:19,ZT 04:08,ZT 04:19,8,17,DABC,B,Cinnamon,SW,B,Cinnamon,True,False,False,,22.0,3,243,"NE,SE,SW","A,C,B",1,1,1,0,0,0,0,0,,4,8,,True
Example_Animal_02,example_animal_02_four_choice.xlsx,C57BL/6,2026-06-26,2.0,Control,Wildtype,Unknown,Not observed,N/A,Jackson/NIH,Unknown,Y,ARC,Shipped,21,Y,M,N,"Zuo Lab, UCSC",Aspen,Light Phase,Bio-Serv Pellets,20.0,Kaytee,Unknown,Aria,8:8,N,N,N,08:00,3.7 inches,Teklad 2920X,Y,Control,False,,reversal,REV,2026-09-03,12:08,12:19,ZT 04:08,ZT 04:19,9,18,ABCD,B,Cinnamon,NE,B,Cinnamon,True,False,False,,3.0,1,2,NE,B,0,1,0,0,0,0,0,0,,5,9,,True
Example_Animal_02,example_animal_02_four_choice.xlsx,C57BL/6,2026-06-26,2.0,Control,Wildtype,Unknown,Not observed,N/A,Jackson/NIH,Unknown,Y,ARC,Shipped,21,Y,M,N,"Zuo Lab, UCSC",Aspen,Light Phase,Bio-Serv Pellets,20.0,Kaytee,Unknown,Aria,8:8,N,N,N,08:00,3.7 inches,Teklad 2920X,Y,Control,False,,reversal,REV,2026-09-03,12:08,12:19,ZT 04:08,ZT 04:19,10,19,BCDA,B,Cinnamon,NW,B,Cinnamon,True,False,False,,10.0,2,31,"SW,NW","D,B",0,1,0,1,0,0,0,0,,6,10,7.0,True
Example_Animal_02,example_animal_02_four_choice.xlsx,C57BL/6,2026-06-26,2.0,Control,Wildtype,Unknown,Not observed,N/A,Jackson/NIH,Unknown,Y,ARC,Shipped,21,Y,M,N,"Zuo Lab, UCSC",Aspen,Light Phase,Bio-Serv Pellets,20.0,Kaytee,Unknown,Aria,8:8,N,N,N,08:00,3.7 inches,Teklad 2920X,Y,Control,False,,reversal,REV,2026-09-03,12:08,12:19,ZT 04:08,ZT 04:19,11,20,CDAB,A,Anise,SW,B,Cinnamon,False,True,False,Regressive,19.0,3,213,"NE,NW,SW","D,C,A",1,0,1,1,0,0,0,0,,0,11,7.0,True
Example_Animal_02,example_animal_02_four_choice.xlsx,C57BL/6,2026-06-26,2.0,Control,Wildtype,Unknown,Not observed,N/A,Jackson/NIH,Unknown,Y,ARC,Shipped,21,Y,M,N,"Zuo Lab, UCSC",Aspen,Light Phase,Bio-Serv Pellets,20.0,Kaytee,Unknown,Aria,8:8,N,N,N,08:00,3.7 inches,Teklad 2920X,Y,Control,False,,reversal,REV,2026-09-03,12:08,12:19,ZT 04:08,ZT 04:19,12,21,DABC,B,Cinnamon,SW,B,Cinnamon,True,False,False,,4.0,1,3,SW,B,0,1,0,0,0,0,0,0,,1,12,7.0,True
Example_Animal_02,example_animal_02_four_choice.xlsx,C57BL/6,2026-06-26,2.0,Control,Wildtype,Unknown,Not observed,N/A,Jackson/NIH,Unknown,Y,ARC,Shipped,21,Y,M,N,"Zuo Lab, UCSC",Aspen,Light Phase,Bio-Serv Pellets,20.0,Kaytee,Unknown,Aria,8:8,N,N,N,08:00,3.7 inches,Teklad 2920X,Y,Control,False,,reversal,REV,2026-09-03,12:08,12:19,ZT 04:08,ZT 04:19,13,22,ABCD,B,Cinnamon,NE,B,Cinnamon,True,False,False,,16.0,3,342,"SW,SE,NE","C,D,B",0,1,1,1,0,0,0,0,,2,13,8.0,True
Example_Animal_03,example_animal_03_four_choice.xlsx,,,,Food Restriction,,,,,Jackson,,,,Shipped,,,M,,Wilbrecht; UC Berkeley,Aspen,Dark,Cheerio,,Kaytee,,Han-Ning Lu,10:10:00,N,Y,Y,22:00,,,,Food Restriction,False,M,discrimination,DISC,2026-08-27,17:05,18:56,ZT 19:05,ZT 20:56,1,10,ABCD,Omit,Omit,,A,Anise,False,False,True,Omission,180.0,41,12431243423124232321424231434314243141242,"NW,NE,SE,SW,NW,NE,SE,SW,SE,NE,SW,NW,NE,SE,NE,SW,NE,SW,NE,NW,SE,NE,SE,NE,SW,NW,SE,SW,SE,SW,NW,SE,NE,SE,SW,NW,SE,NW,NE,SE,NE","A,B,D,C,A,B,D,C,D,B,C,A,B,D,B,C,B,C,B,A,D,B,D,B,C,A,D,C,D,C,A,D,B,D,C,A,D,A,B,D,B",8,12,9,12,0,0,0,0,,0,0,,False
Example_Animal_03,example_animal_03_four_choice.xlsx,,,,Food Restriction,,,,,Jackson,,,,Shipped,,,M,,Wilbrecht; UC Berkeley,Aspen,Dark,Cheerio,,Kaytee,,Han-Ning Lu,10:10:00,N,Y,Y,22:00,,,,Food Restriction,False,M,discrimination,DISC,2026-08-27,17:05,18:56,ZT 19:05,ZT 20:56,2,11,BCDA,B,Cinnamon,NW,A,Anise,False,True,False,B_error,74.0,12,432123123214,"SE,SW,NE,NW,NE,SW,NW,NE,SW,NE,NW,SE","A,D,C,B,C,D,B,C,D,C,B,A",2,3,4,3,0,0,0,0,,0,1,,False
Example_Animal_03,example_animal_03_four_choice.xlsx,,,,Food Restriction,,,,,Jackson,,,,Shipped,,,M,,Wilbrecht; UC Berkeley,Aspen,Dark,Cheerio,,Kaytee,,Han-Ning Lu,10:10:00,N,Y,Y,22:00,,,,Food Restriction,False,M,discrimination,DISC,2026-08-27,17:05,18:56,ZT 19:05,ZT 20:56,3,12,CDAB,Omit,Omit,,A,Anise,False,False,True,Omission,180.0,28,2412341324242423142414241232,"NE,SE,NW,NE,SW,SE,NW,SW,NE,SE,NE,SE,NE,SE,NE,SW,NW,SE,NE,SE,NW,SE,NE,SE,NW,NE,SW,NE","D,B,C,D,A,B,C,A,D,B,D,B,D,B,D,A,C,B,D,B,C,B,D,B,C,D,A,D",4,9,5,10,0,0,0,0,groom,0,1,,False
Example_Animal_03,example_animal_03_four_choice.xlsx,,,,Food Restriction,,,,,Jackson,,,,Shipped,,,M,,Wilbrecht; UC Berkeley,Aspen,Dark,Cheerio,,Kaytee,,Han-Ning Lu,10:10:00,N,Y,Y,22:00,,,,Food Restriction,False,M,discrimination,DISC,2026-08-27,17:05,18:56,ZT 19:05,ZT 20:56,4,13,DABC,D,Vanilla,NW,A,Anise,False,True,False,D_error,14.0,4,1431,"NW,SE,SW,NW","D,C,B,D",0,1,1,2,0,0,0,0,,0,2,,False
Example_Animal_03,example_animal_03_four_choice.xlsx,,,,Food Restriction,,,,,Jackson,,,,Shipped,,,M,,Wilbrecht; UC Berkeley,Aspen,Dark,Cheerio,,Kaytee,,Han-Ning Lu,10:10:00,N,Y,Y,22:00,,,,Food Restriction,False,M,discrimination,DISC,2026-08-27,17:05,18:56,ZT 19:05,ZT 20:56,5,14,ABCD,A,Anise,NW,A,Anise,True,False,False,,26.0,6,314241,"SW,NW,SE,NE,SE,NW","C,A,D,B,D,A",2,1,1,2,0,0,0,0,groom and 3:00 reminder,1,3,,False
Example_Animal_03,example_animal_03_four_choice.xlsx,,,,Food Restriction,,,,,Jackson,,,,Shipped,,,M,,Wilbrecht; UC Berkeley,Aspen,Dark,Cheerio,,Kaytee,,Han-Ning Lu,10:10:00,N,Y,Y,22:00,,,,Food Restriction,False,M,discrimination,DISC,2026-08-27,17:05,18:56,ZT 19:05,ZT 20:56,6,15,BCDA,B,Cinnamon,NW,A,Anise,False,True,False,B_error,82.0,15,124141241234141,"NW,NE,SE,NW,SE,NW,NE,SE,NW,NE,SW,SE,NW,SE,NW","B,C,A,B,A,B,C,A,B,C,D,A,B,A,B",5,6,3,1,0,0,0,0,,0,4,,False
Example_Animal_03,example_animal_03_four_choice.xlsx,,,,Food Restriction,,,,,Jackson,,,,Shipped,,,M,,Wilbrecht; UC Berkeley,Aspen,Dark,Cheerio,,Kaytee,,Han-Ning Lu,10:10:00,N,Y,Y,22:00,,,,Food Restriction,False,M,discrimination,DISC,2026-08-27,17:05,18:56,ZT 19:05,ZT 20:56,7,16,CDAB,D,Vanilla,NE,A,Anise,False,True,False,D_error,63.0,7,2341242,"NE,SW,SE,NW,NE,SE,NE","D,A,B,C,D,B,D",1,2,1,3,0,0,0,0,,0,5,,False
Example_Animal_03,example_animal_03_four_choice.xlsx,,,,Food Restriction,,,,,Jackson,,,,Shipped,,,M,,Wilbrecht; UC Berkeley,Aspen,Dark,Cheerio,,Kaytee,,Han-Ning Lu,10:10:00,N,Y,Y,22:00,,,,Food Restriction,False,M,discrimination,DISC,2026-08-27,17:05,18:56,ZT 19:05,ZT 20:56,8,17,DABC,A,Anise,NE,A,Anise,True,False,False,,149.0,19,2142412321412424242,"NE,NW,SE,NE,SE,NW,NE,SW,NE,NW,SE,NW,NE,SE,NE,SE,NE,SE,NE","A,D,C,A,C,D,A,B,A,D,C,D,A,C,A,C,A,C,A",8,1,6,4,0,0,0,0,groom,1,6,,False
Example_Animal_03,example_animal_03_four_choice.xlsx,,,,Food Restriction,,,,,Jackson,,,,Shipped,,,M,,Wilbrecht; UC Berkeley,Aspen,Dark,Cheerio,,Kaytee,,Han-Ning Lu,10:10:00,N,Y,Y,22:00,,,,Food Restriction,False,M,discrimination,DISC,2026-08-27,17:05,18:56,ZT 19:05,ZT 20:56,9,18,ABCD,B,Cinnamon,NE,A,Anise,False,True,False,B_error,81.0,14,41242313214132,"SE,NW,NE,SE,NE,SW,NW,SW,NE,NW,SE,NW,SW,NE","D,A,B,D,B,C,A,C,B,A,D,A,C,B",4,4,3,3,0,0,0,0,,0,7,,False
Example_Animal_03,example_animal_03_four_choice.xlsx,,,,Food Restriction,,,,,Jackson,,,,Shipped,,,M,,Wilbrecht; UC Berkeley,Aspen,Dark,Cheerio,,Kaytee,,Han-Ning Lu,10:10:00,N,Y,Y,22:00,,,,Food Restriction,False,M,discrimination,DISC,2026-08-27,17:05,18:56,ZT 19:05,ZT 20:56,10,19,BCDA,B,Cinnamon,NW,A,Anise,False,True,False,B_error,162.0,23,32124212142412131414131,"SW,NE,NW,NE,SE,NE,NW,NE,NW,SE,NE,SE,NW,NE,NW,SW,NW,SE,NW,SE,NW,SW,NW","D,C,B,C,A,C,B,C,B,A,C,A,B,C,B,D,B,A,B,A,B,D,B",5,9,6,3,0,0,0,0,groom,0,8,,False
Example_Animal_03,example_animal_03_four_choice.xlsx,,,,Food Restriction,,,,,Jackson,,,,Shipped,,,M,,Wilbrecht; UC Berkeley,Aspen,Dark,Cheerio,,Kaytee,,Han-Ning Lu,10:10:00,N,Y,Y,22:00,,,,Food Restriction,False,M,discrimination,DISC,2026-08-27,17:05,18:56,ZT 19:05,ZT 20:56,11,20,CDAB,D,Vanilla,NE,A,Anise,False,True,False,D_error,48.0,8,31242412,"SW,NW,NE,SE,NE,SE,NW,NE","A,C,D,B,D,B,C,D",1,2,2,3,0,0,0,0,,0,9,,False
Example_Animal_03,example_animal_03_four_choice.xlsx,,,,Food Restriction,,,,,Jackson,,,,Shipped,,,M,,Wilbrecht; UC Berkeley,Aspen,Dark,Cheerio,,Kaytee,,Han-Ning Lu,10:10:00,N,Y,Y,22:00,,,,Food Restriction,False,M,discrimination,DISC,2026-08-27,17:05,18:56,ZT 19:05,ZT 20:56,12,21,DABC,A,Anise,NE,A,Anise,True,False,False,,17.0,4,1312,"NW,SW,NW,NE","D,B,D,A",1,1,0,2,0,0,0,0,,1,10,3.0,False
Example_Animal_03,example_animal_03_four_choice.xlsx,,,,Food Restriction,,,,,Jackson,,,,Shipped,,,M,,Wilbrecht; UC Berkeley,Aspen,Dark,Cheerio,,Kaytee,,Han-Ning Lu,10:10:00,N,Y,Y,22:00,,,,Food Restriction,False,M,discrimination,DISC,2026-08-27,17:05,18:56,ZT 19:05,ZT 20:56,13,22,ABCD,B,Cinnamon,NE,A,Anise,False,True,False,B_error,75.0,13,1324314241242,"NW,SW,NE,SE,SW,NW,SE,NE,SE,NW,NE,SE,NE","A,C,B,D,C,A,D,B,D,A,B,D,B",3,4,2,4,0,0,0,0,,0,11,3.0,False
Example_Animal_03,example_animal_03_four_choice.xlsx,,,,Food Restriction,,,,,Jackson,,,,Shipped,,,M,,Wilbrecht; UC Berkeley,Aspen,Dark,Cheerio,,Kaytee,,Han-Ning Lu,10:10:00,N,Y,Y,22:00,,,,Food Restriction,False,M,discrimination,DISC,2026-08-27,17:05,18:56,ZT 19:05,ZT 20:56,14,23,BCDA,A,Anise,SE,A,Anise,True,False,False,,52.0,7,3242414,"SW,NE,SE,NE,SE,NW,SE","D,C,A,C,A,B,A",3,1,2,1,0,0,0,0,,1,12,4.0,False
Example_Animal_03,example_animal_03_four_choice.xlsx,,,,Food Restriction,,,,,Jackson,,,,Shipped,,,M,,Wilbrecht; UC Berkeley,Aspen,Dark,Cheerio,,Kaytee,,Han-Ning Lu,10:10:00,N,Y,Y,22:00,,,,Food Restriction,False,M,discrimination,DISC,2026-08-27,17:05,18:56,ZT 19:05,ZT 20:56,15,24,CDAB,A,Anise,SW,A,Anise,True,False,False,,101.0,10,3124124213,"SW,NW,NE,SE,NW,NE,SE,NE,NW,SW","A,C,D,B,C,D,B,D,C,A",2,2,3,3,0,0,0,0,groom,2,13,4.0,False
Example_Animal_03,example_animal_03_four_choice.xlsx,,,,Food Restriction,,,,,Jackson,,,,Shipped,,,M,,Wilbrecht; UC Berkeley,Aspen,Dark,Cheerio,,Kaytee,,Han-Ning Lu,10:10:00,N,Y,Y,22:00,,,,Food Restriction,False,M,discrimination,DISC,2026-08-27,17:05,18:56,ZT 19:05,ZT 20:56,16,25,DABC,A,Anise,NE,A,Anise,True,False,False,,31.0,10,4312431312,"SE,SW,NW,NE,SE,SW,NW,SW,NW,NE","C,B,D,A,C,B,D,B,D,A",2,3,2,3,0,0,0,0,groom after choice,3,14,5.0,False
Example_Animal_03,example_animal_03_four_choice.xlsx,,,,Food Restriction,,,,,Jackson,,,,Shipped,,,M,,Wilbrecht; UC Berkeley,Aspen,Dark,Cheerio,,Kaytee,,Han-Ning Lu,10:10:00,N,Y,Y,22:00,,,,Food Restriction,False,M,discrimination,DISC,2026-08-27,17:05,18:56,ZT 19:05,ZT 20:56,17,26,ABCD,D,Vanilla,SE,A,Anise,False,True,False,D_error,28.0,5,32434,"SW,NE,SE,SW,SE","C,B,D,C,D",0,1,2,2,0,0,0,0,,0,15,5.0,False
Example_Animal_03,example_animal_03_four_choice.xlsx,,,,Food Restriction,,,,,Jackson,,,,Shipped,,,M,,Wilbrecht; UC Berkeley,Aspen,Dark,Cheerio,,Kaytee,,Han-Ning Lu,10:10:00,N,Y,Y,22:00,,,,Food Restriction,False,M,discrimination,DISC,2026-08-27,17:05,18:56,ZT 19:05,ZT 20:56,18,27,BCDA,A,Anise,SE,A,Anise,True,False,False,,113.0,13,3124124124324,"SW,NW,NE,SE,NW,NE,SE,NW,NE,SE,SW,NE,SE","D,B,C,A,B,C,A,B,C,A,D,C,A",4,3,4,2,0,0,0,0,,1,16,5.0,False
Example_Animal_03,example_animal_03_four_choice.xlsx,,,,Food Restriction,,,,,Jackson,,,,Shipped,,,M,,Wilbrecht; UC Berkeley,Aspen,Dark,Cheerio,,Kaytee,,Han-Ning Lu,10:10:00,N,Y,Y,22:00,,,,Food Restriction,False,M,discrimination,DISC,2026-08-27,17:05,18:56,ZT 19:05,ZT 20:56,19,28,CDAB,D,Vanilla,NE,A,Anise,False,True,False,D_error,175.0,26,43234123241424212314212412,"SE,SW,NE,SW,SE,NW,NE,SW,NE,SE,NW,SE,NE,SE,NE,NW,NE,SW,NW,SE,NE,NW,NE,SE,NW,NE","B,A,D,A,B,C,D,A,D,B,C,B,D,B,D,C,D,A,C,B,D,C,D,B,C,D",4,7,6,9,0,0,0,0,,0,17,5.0,False
Example_Animal_03,example_animal_03_four_choice.xlsx,,,,Food Restriction,,,,,Jackson,,,,Shipped,,,M,,Wilbrecht; UC Berkeley,Aspen,Dark,Cheerio,,Kaytee,,Han-Ning Lu,10:10:00,N,Y,Y,22:00,,,,Food Restriction,False,M,discrimination,DISC,2026-08-27,17:05,18:56,ZT 19:05,ZT 20:56,20,29,DABC,A,Anise,NE,A,Anise,True,False,False,,18.0,4,4312,"SE,SW,NW,NE","C,B,D,A",1,1,1,1,0,0,0,0,,1,18,6.0,False
Example_Animal_03,example_animal_03_four_choice.xlsx,,,,Food Restriction,,,,,Jackson,,,,Shipped,,,M,,Wilbrecht; UC Berkeley,Aspen,Dark,Cheerio,,Kaytee,,Han-Ning Lu,10:10:00,N,Y,Y,22:00,,,,Food Restriction,False,M,discrimination,DISC,2026-08-27,17:05,18:56,ZT 19:05,ZT 20:56,21,30,ABCD,A,Anise,NW,A,Anise,True,False,False,,85.0,11,12412432421,"NW,NE,SE,NW,NE,SE,SW,NE,SE,NE,NW","A,B,D,A,B,D,C,B,D,B,A",3,4,1,3,0,0,0,0,,2,19,7.0,False
Example_Animal_03,example_animal_03_four_choice.xlsx,,,,Food Restriction,,,,,Jackson,,,,Shipped,,,M,,Wilbrecht; UC Berkeley,Aspen,Dark,Cheerio,,Kaytee,,Han-Ning Lu,10:10:00,N,Y,Y,22:00,,,,Food Restriction,False,M,discrimination,DISC,2026-08-27,17:05,18:56,ZT 19:05,ZT 20:56,22,31,BCDA,A,Anise,SE,A,Anise,True,False,False,,31.0,5,31434,"SW,NW,SE,SW,SE","D,B,A,D,A",2,1,0,2,0,0,0,0,,3,20,7.0,False
Example_Animal_03,example_animal_03_four_choice.xlsx,,,,Food Restriction,,,,,Jackson,,,,Shipped,,,M,,Wilbrecht; UC Berkeley,Aspen,Dark,Cheerio,,Kaytee,,Han-Ning Lu,10:10:00,N,Y,Y,22:00,,,,Food Restriction,False,M,discrimination,DISC,2026-08-27,17:05,18:56,ZT 19:05,ZT 20:56,23,32,CDAB,B,Cinnamon,SE,A,Anise,False,True,False,B_error,27.0,5,24324,"NE,SE,SW,NE,SE","D,B,A,D,B",1,2,0,2,0,0,0,0,,0,21,7.0,False
Example_Animal_03,example_animal_03_four_choice.xlsx,,,,Food Restriction,,,,,Jackson,,,,Shipped,,,M,,Wilbrecht; UC Berkeley,Aspen,Dark,Cheerio,,Kaytee,,Han-Ning Lu,10:10:00,N,Y,Y,22:00,,,,Food Restriction,False,M,discrimination,DISC,2026-08-27,17:05,18:56,ZT 19:05,ZT 20:56,24,33,DABC,A,Anise,NE,A,Anise,True,False,False,,14.0,1,2,NE,A,1,0,0,0,0,0,0,0,,1,22,7.0,False
Example_Animal_03,example_animal_03_four_choice.xlsx,,,,Food Restriction,,,,,Jackson,,,,Shipped,,,M,,Wilbrecht; UC Berkeley,Aspen,Dark,Cheerio,,Kaytee,,Han-Ning Lu,10:10:00,N,Y,Y,22:00,,,,Food Restriction,False,M,discrimination,DISC,2026-08-27,17:05,18:56,ZT 19:05,ZT 20:56,25,34,ABCD,D,Vanilla,SE,A,Anise,False,True,False,D_error,16.0,3,314,"SW,NW,SE","C,A,D",1,0,1,1,0,0,0,0,,0,23,6.0,False
Example_Animal_03,example_animal_03_four_choice.xlsx,,,,Food Restriction,,,,,Jackson,,,,Shipped,,,M,,Wilbrecht; UC Berkeley,Aspen,Dark,Cheerio,,Kaytee,,Han-Ning Lu,10:10:00,N,Y,Y,22:00,,,,Food Restriction,False,M,discrimination,DISC,2026-08-27,17:05,18:56,ZT 19:05,ZT 20:56,26,35,BCDA,A,Anise,SE,A,Anise,True,False,False,,160.0,7,1242434,"NW,NE,SE,NE,SE,SW,SE","B,C,A,C,A,D,A",3,1,2,1,0,0,0,0,,1,24,6.0,False
Example_Animal_03,example_animal_03_four_choice.xlsx,,,,Food Restriction,,,,,Jackson,,,,Shipped,,,M,,Wilbrecht; UC Berkeley,Aspen,Dark,Cheerio,,Kaytee,,Han-Ning Lu,10:10:00,N,Y,Y,22:00,,,,Food Restriction,False,M,discrimination,DISC,2026-08-27,17:05,18:56,ZT 19:05,ZT 20:56,27,36,CDAB,D,Vanilla,NE,A,Anise,False,True,False,D_error,36.0,6,312412,"SW,NW,NE,SE,NW,NE","A,C,D,B,C,D",1,1,2,2,0,0,0,0,,0,25,6.0,False
Example_Animal_03,example_animal_03_four_choice.xlsx,,,,Food Restriction,,,,,Jackson,,,,Shipped,,,M,,Wilbrecht; UC Berkeley,Aspen,Dark,Cheerio,,Kaytee,,Han-Ning Lu,10:10:00,N,Y,Y,22:00,,,,Food Restriction,False,M,discrimination,DISC,2026-08-27,17:05,18:56,ZT 19:05,ZT 20:56,28,37,DABC,A,Anise,NE,A,Anise,True,False,False,,12.0,3,412,"SE,NW,NE","C,D,A",1,0,1,1,0,0,0,0,,1,26,6.0,False
Example_Animal_03,example_animal_03_four_choice.xlsx,,,,Food Restriction,,,,,Jackson,,,,Shipped,,,M,,Wilbrecht; UC Berkeley,Aspen,Dark,Cheerio,,Kaytee,,Han-Ning Lu,10:10:00,N,Y,Y,22:00,,,,Food Restriction,False,M,discrimination,DISC,2026-08-27,17:05,18:56,ZT 19:05,ZT 20:56,29,38,ABCD,Omit,Omit,,A,Anise,False,False,True,Omission,180.0,16,2431212424212434,"NE,SE,SW,NW,NE,NW,NE,SE,NE,SE,NE,NW,NE,SE,SW,SE","B,D,C,A,B,A,B,D,B,D,B,A,B,D,C,D",3,6,2,5,0,0,0,0,,0,26,6.0,False
Example_Animal_03,example_animal_03_four_choice.xlsx,,,,Food Restriction,,,,,Jackson,,,,Shipped,,,M,,Wilbrecht; UC Berkeley,Aspen,Dark,Cheerio,,Kaytee,,Han-Ning Lu,10:10:00,N,Y,Y,22:00,,,,Food Restriction,False,M,discrimination,DISC,2026-08-27,17:05,18:56,ZT 19:05,ZT 20:56,30,39,BCDA,B,Cinnamon,NW,A,Anise,False,True,False,B_error,14.0,2,31,"SW,NW","D,B",0,1,0,1,0,0,0,0,,0,27,6.0,False
Example_Animal_03,example_animal_03_four_choice.xlsx,,,,Food Restriction,,,,,Jackson,,,,Shipped,,,M,,Wilbrecht; UC Berkeley,Aspen,Dark,Cheerio,,Kaytee,,Han-Ning Lu,10:10:00,N,Y,Y,22:00,,,,Food Restriction,False,M,discrimination,DISC,2026-08-27,17:05,18:56,ZT 19:05,ZT 20:56,31,40,CDAB,A,Anise,SW,A,Anise,True,False,False,,14.0,3,243,"NE,SE,SW","D,B,A",1,1,0,1,0,0,0,0,,1,28,6.0,False
Example_Animal_03,example_animal_03_four_choice.xlsx,,,,Food Restriction,,,,,Jackson,,,,Shipped,,,M,,Wilbrecht; UC Berkeley,Aspen,Dark,Cheerio,,Kaytee,,Han-Ning Lu,10:10:00,N,Y,Y,22:00,,,,Food Restriction,False,M,discrimination,DISC,2026-08-27,17:05,18:56,ZT 19:05,ZT 20:56,32,41,DABC,A,Anise,NE,A,Anise,True,False,False,,100.0,7,4312412,"SE,SW,NW,NE,SE,NW,NE","C,B,D,A,C,D,A",2,1,2,2,0,0,0,0,,2,29,6.0,False
Example_Animal_03,example_animal_03_four_choice.xlsx,,,,Food Restriction,,,,,Jackson,,,,Shipped,,,M,,Wilbrecht; UC Berkeley,Aspen,Dark,Cheerio,,Kaytee,,Han-Ning Lu,10:10:00,N,Y,Y,22:00,,,,Food Restriction,False,M,discrimination,DISC,2026-08-27,17:05,18:56,ZT 19:05,ZT 20:56,33,42,ABCD,A,Anise,NW,A,Anise,True,False,False,,62.0,7,2412341,"NE,SE,NW,NE,SW,SE,NW","B,D,A,B,C,D,A",2,2,1,2,0,0,0,0,,3,30,6.0,False
Example_Animal_03,example_animal_03_four_choice.xlsx,,,,Food Restriction,,,,,Jackson,,,,Shipped,,,M,,Wilbrecht; UC Berkeley,Aspen,Dark,Cheerio,,Kaytee,,Han-Ning Lu,10:10:00,N,Y,Y,22:00,,,,Food Restriction,False,M,discrimination,DISC,2026-08-27,17:05,18:56,ZT 19:05,ZT 20:56,34,43,BCDA,B,Cinnamon,NW,A,Anise,False,True,False,B_error,12.0,2,42,"SE,NE","A,C",1,0,1,0,0,0,0,0,,0,31,6.0,False
Example_Animal_03,example_animal_03_four_choice.xlsx,,,,Food Restriction,,,,,Jackson,,,,Shipped,,,M,,Wilbrecht; UC Berkeley,Aspen,Dark,Cheerio,,Kaytee,,Han-Ning Lu,10:10:00,N,Y,Y,22:00,,,,Food Restriction,False,M,discrimination,DISC,2026-08-27,17:05,18:56,ZT 19:05,ZT 20:56,35,44,CDAB,A,Anise,SW,A,Anise,True,False,False,,45.0,7,3124143,"SW,NW,NE,SE,NW,SE,SW","A,C,D,B,C,B,A",2,2,2,1,0,0,0,0,,1,32,6.0,False
Example_Animal_03,example_animal_03_four_choice.xlsx,,,,Food Restriction,,,,,Jackson,,,,Shipped,,,M,,Wilbrecht; UC Berkeley,Aspen,Dark,Cheerio,,Kaytee,,Han-Ning Lu,10:10:00,N,Y,Y,22:00,,,,Food Restriction,False,M,discrimination,DISC,2026-08-27,17:05,18:56,ZT 19:05,ZT 20:56,36,45,DABC,A,Anise,NE,A,Anise,True,False,False,,13.0,2,42,"SE,NE","C,A",1,0,1,0,0,0,0,0,,2,33,7.0,False
Example_Animal_03,example_animal_03_four_choice.xlsx,,,,Food Restriction,,,,,Jackson,,,,Shipped,,,M,,Wilbrecht; UC Berkeley,Aspen,Dark,Cheerio,,Kaytee,,Han-Ning Lu,10:10:00,N,Y,Y,22:00,,,,Food Restriction,False,M,discrimination,DISC,2026-08-27,17:05,18:56,ZT 19:05,ZT 20:56,37,46,ABCD,A,Anise,NW,A,Anise,True,False,False,,17.0,4,1231,"NW,NE,SW,NW","A,B,C,A",2,1,1,0,0,0,0,0,,3,34,7.0,False
Example_Animal_03,example_animal_03_four_choice.xlsx,,,,Food Restriction,,,,,Jackson,,,,Shipped,,,M,,Wilbrecht; UC Berkeley,Aspen,Dark,Cheerio,,Kaytee,,Han-Ning Lu,10:10:00,N,Y,Y,22:00,,,,Food Restriction,False,M,discrimination,DISC,2026-08-27,17:05,18:56,ZT 19:05,ZT 20:56,38,47,BCDA,A,Anise,SE,A,Anise,True,False,False,,143.0,6,234324,"NE,SW,SE,SW,NE,SE","C,D,A,D,C,A",2,0,2,2,0,0,0,0,,4,35,8.0,False
Example_Animal_03,example_animal_03_four_choice.xlsx,,,,Food Restriction,,,,,Jackson,,,,Shipped,,,M,,Wilbrecht; UC Berkeley,Aspen,Dark,Cheerio,,Kaytee,,Han-Ning Lu,10:10:00,N,Y,Y,22:00,,,,Food Restriction,False,M,recall,RECALL,2026-08-28,15:10,15:45,ZT 17:10,ZT 17:45,1,10,ABCD,Omit,Omit,,A,Anise,False,False,True,Omission,180.0,25,1243412431242413134242414,"NW,NE,SE,SW,SE,NW,NE,SE,SW,NW,NE,SE,NE,SE,NW,SW,NW,SW,SE,NE,SE,NE,SE,NW,SE","A,B,D,C,D,A,B,D,C,A,B,D,B,D,A,C,A,C,D,B,D,B,D,A,D",6,6,4,9,0,0,0,0,,0,0,,False
Example_Animal_03,example_animal_03_four_choice.xlsx,,,,Food Restriction,,,,,Jackson,,,,Shipped,,,M,,Wilbrecht; UC Berkeley,Aspen,Dark,Cheerio,,Kaytee,,Han-Ning Lu,10:10:00,N,Y,Y,22:00,,,,Food Restriction,False,M,recall,RECALL,2026-08-28,15:10,15:45,ZT 17:10,ZT 17:45,2,11,BCDA,A,Anise,SE,A,Anise,True,False,False,,75.0,10,3421424324,"SW,SE,NE,NW,SE,NE,SE,SW,NE,SE","D,A,C,B,A,C,A,D,C,A",4,1,3,2,0,0,0,0,,1,1,,False
Example_Animal_03,example_animal_03_four_choice.xlsx,,,,Food Restriction,,,,,Jackson,,,,Shipped,,,M,,Wilbrecht; UC Berkeley,Aspen,Dark,Cheerio,,Kaytee,,Han-Ning Lu,10:10:00,N,Y,Y,22:00,,,,Food Restriction,False,M,recall,RECALL,2026-08-28,15:10,15:45,ZT 17:10,ZT 17:45,3,12,CDAB,A,Anise,SW,A,Anise,True,False,False,,96.0,12,243131423123,"NE,SE,SW,NW,SW,NW,SE,NE,SW,NW,NE,SW","D,B,A,C,A,C,B,D,A,C,D,A",4,2,3,3,0,0,0,0,,2,2,,False
Example_Animal_03,example_animal_03_four_choice.xlsx,,,,Food Restriction,,,,,Jackson,,,,Shipped,,,M,,Wilbrecht; UC Berkeley,Aspen,Dark,Cheerio,,Kaytee,,Han-Ning Lu,10:10:00,N,Y,Y,22:00,,,,Food Restriction,False,M,recall,RECALL,2026-08-28,15:10,15:45,ZT 17:10,ZT 17:45,4,13,DABC,A,Anise,NE,A,Anise,True,False,False,,65.0,10,3124131312,"SW,NW,NE,SE,NW,SW,NW,SW,NW,NE","B,D,A,C,D,B,D,B,D,A",2,3,1,4,0,0,0,0,,3,3,,False
Example_Animal_03,example_animal_03_four_choice.xlsx,,,,Food Restriction,,,,,Jackson,,,,Shipped,,,M,,Wilbrecht; UC Berkeley,Aspen,Dark,Cheerio,,Kaytee,,Han-Ning Lu,10:10:00,N,Y,Y,22:00,,,,Food Restriction,False,M,recall,RECALL,2026-08-28,15:10,15:45,ZT 17:10,ZT 17:45,5,14,ABCD,A,Anise,NW,A,Anise,True,False,False,,112.0,9,143424241,"NW,SE,SW,SE,NE,SE,NE,SE,NW","A,D,C,D,B,D,B,D,A",2,2,1,4,0,0,0,0,,4,4,,False
Example_Animal_03,example_animal_03_four_choice.xlsx,,,,Food Restriction,,,,,Jackson,,,,Shipped,,,M,,Wilbrecht; UC Berkeley,Aspen,Dark,Cheerio,,Kaytee,,Han-Ning Lu,10:10:00,N,Y,Y,22:00,,,,Food Restriction,False,M,recall,RECALL,2026-08-28,15:10,15:45,ZT 17:10,ZT 17:45,6,15,BCDA,A,Anise,SE,A,Anise,True,False,False,,10.0,2,24,"NE,SE","C,A",1,0,1,0,0,0,0,0,,5,5,,False
Example_Animal_03,example_animal_03_four_choice.xlsx,,,,Food Restriction,,,,,Jackson,,,,Shipped,,,M,,Wilbrecht; UC Berkeley,Aspen,Dark,Cheerio,,Kaytee,,Han-Ning Lu,10:10:00,N,Y,Y,22:00,,,,Food Restriction,False,M,recall,RECALL,2026-08-28,15:10,15:45,ZT 17:10,ZT 17:45,7,16,CDAB,A,Anise,SW,A,Anise,True,False,False,,29.0,5,14143,"NW,SE,NW,SE,SW","C,B,C,B,A",1,2,2,0,0,0,0,0,,6,6,,False
Example_Animal_03,example_animal_03_four_choice.xlsx,,,,Food Restriction,,,,,Jackson,,,,Shipped,,,M,,Wilbrecht; UC Berkeley,Aspen,Dark,Cheerio,,Kaytee,,Han-Ning Lu,10:10:00,N,Y,Y,22:00,,,,Food Restriction,False,M,recall,RECALL,2026-08-28,15:10,15:45,ZT 17:10,ZT 17:45,8,17,DABC,A,Anise,NE,A,Anise,True,False,False,,47.0,3,342,"SW,SE,NE","B,C,A",1,1,1,0,0,0,0,0,,7,7,,False
Example_Animal_03,example_animal_03_four_choice.xlsx,,,,Food Restriction,,,,,Jackson,,,,Shipped,,,M,,Wilbrecht; UC Berkeley,Aspen,Dark,Cheerio,,Kaytee,,Han-Ning Lu,10:10:00,N,Y,Y,22:00,,,,Food Restriction,False,M,recall,RECALL,2026-08-28,15:10,15:45,ZT 17:10,ZT 17:45,9,18,ABCD,A,Anise,NW,A,Anise,True,False,False,,20.0,3,321,"SW,NE,NW","C,B,A",1,1,1,0,0,0,0,0,,8,8,,False
Example_Animal_03,example_animal_03_four_choice.xlsx,,,,Food Restriction,,,,,Jackson,,,,Shipped,,,M,,Wilbrecht; UC Berkeley,Aspen,Dark,Cheerio,,Kaytee,,Han-Ning Lu,10:10:00,N,Y,Y,22:00,,,,Food Restriction,False,M,recall,RECALL,2026-08-28,15:10,15:45,ZT 17:10,ZT 17:45,10,19,BCDA,A,Anise,SE,A,Anise,True,False,False,,65.0,7,2434214,"NE,SE,SW,SE,NE,NW,SE","C,A,D,A,C,B,A",3,1,2,1,0,0,0,0,,9,9,,False
Example_Animal_03,example_animal_03_four_choice.xlsx,,,,Food Restriction,,,,,Jackson,,,,Shipped,,,M,,Wilbrecht; UC Berkeley,Aspen,Dark,Cheerio,,Kaytee,,Han-Ning Lu,10:10:00,N,Y,Y,22:00,,,,Food Restriction,False,M,recall,RECALL,2026-08-28,15:10,15:45,ZT 17:10,ZT 17:45,11,20,CDAB,D,Vanilla,NE,A,Anise,False,True,False,D_error,8.0,1,2,NE,D,0,0,0,1,0,0,0,0,,0,10,9.0,False
Example_Animal_03,example_animal_03_four_choice.xlsx,,,,Food Restriction,,,,,Jackson,,,,Shipped,,,M,,Wilbrecht; UC Berkeley,Aspen,Dark,Cheerio,,Kaytee,,Han-Ning Lu,10:10:00,N,Y,Y,22:00,,,,Food Restriction,False,M,reversal,REV,2026-08-28,15:55,17:18,ZT 17:55,ZT 19:18,1,10,ABCD,A,Anise,NW,B,Cinnamon,False,True,False,Perseverative,131.0,9,312431241,"SW,NW,NE,SE,SW,NW,NE,SE,NW","C,A,B,D,C,A,B,D,A",3,2,2,2,0,0,0,0,,0,1,,False
Example_Animal_03,example_animal_03_four_choice.xlsx,,,,Food Restriction,,,,,Jackson,,,,Shipped,,,M,,Wilbrecht; UC Berkeley,Aspen,Dark,Cheerio,,Kaytee,,Han-Ning Lu,10:10:00,N,Y,Y,22:00,,,,Food Restriction,False,M,reversal,REV,2026-08-28,15:55,17:18,ZT 17:55,ZT 19:18,2,11,BCDA,A,Anise,SE,B,Cinnamon,False,True,False,Perseverative,78.0,8,31342134,"SW,NW,SW,SE,NE,NW,SW,SE","D,B,D,A,C,B,D,A",2,2,1,3,0,0,0,0,,0,2,,False
Example_Animal_03,example_animal_03_four_choice.xlsx,,,,Food Restriction,,,,,Jackson,,,,Shipped,,,M,,Wilbrecht; UC Berkeley,Aspen,Dark,Cheerio,,Kaytee,,Han-Ning Lu,10:10:00,N,Y,Y,22:00,,,,Food Restriction,False,M,reversal,REV,2026-08-28,15:55,17:18,ZT 17:55,ZT 19:18,3,12,CDAB,B,Cinnamon,SE,B,Cinnamon,True,False,False,,12.0,3,124,"NW,NE,SE","C,D,B",0,1,1,1,0,0,0,0,,1,3,,True
Example_Animal_03,example_animal_03_four_choice.xlsx,,,,Food Restriction,,,,,Jackson,,,,Shipped,,,M,,Wilbrecht; UC Berkeley,Aspen,Dark,Cheerio,,Kaytee,,Han-Ning Lu,10:10:00,N,Y,Y,22:00,,,,Food Restriction,False,M,reversal,REV,2026-08-28,15:55,17:18,ZT 17:55,ZT 19:18,4,13,DABC,A,Anise,NE,B,Cinnamon,False,True,False,Regressive,17.0,4,1242,"NW,NE,SE,NE","D,A,C,A",2,0,1,1,0,0,0,0,,0,4,,True
Example_Animal_03,example_animal_03_four_choice.xlsx,,,,Food Restriction,,,,,Jackson,,,,Shipped,,,M,,Wilbrecht; UC Berkeley,Aspen,Dark,Cheerio,,Kaytee,,Han-Ning Lu,10:10:00,N,Y,Y,22:00,,,,Food Restriction,False,M,reversal,REV,2026-08-28,15:55,17:18,ZT 17:55,ZT 19:18,5,14,ABCD,A,Anise,NW,B,Cinnamon,False,True,False,Regressive,20.0,4,2431,"NE,SE,SW,NW","B,D,C,A",1,1,1,1,0,0,0,0,,0,5,,True
Example_Animal_03,example_animal_03_four_choice.xlsx,,,,Food Restriction,,,,,Jackson,,,,Shipped,,,M,,Wilbrecht; UC Berkeley,Aspen,Dark,Cheerio,,Kaytee,,Han-Ning Lu,10:10:00,N,Y,Y,22:00,,,,Food Restriction,False,M,reversal,REV,2026-08-28,15:55,17:18,ZT 17:55,ZT 19:18,6,15,BCDA,Omit,Omit,,B,Cinnamon,False,False,True,,180.0,4,2414,"NE,SE,NW,SE","C,A,B,A",2,1,1,0,0,0,0,0,,0,5,,True
Example_Animal_03,example_animal_03_four_choice.xlsx,,,,Food Restriction,,,,,Jackson,,,,Shipped,,,M,,Wilbrecht; UC Berkeley,Aspen,Dark,Cheerio,,Kaytee,,Han-Ning Lu,10:10:00,N,Y,Y,22:00,,,,Food Restriction,False,M,reversal,REV,2026-08-28,15:55,17:18,ZT 17:55,ZT 19:18,7,16,CDAB,A,Anise,SW,B,Cinnamon,False,True,False,Regressive,8.0,1,3,SW,A,1,0,0,0,0,0,0,0,,0,6,,True
Example_Animal_03,example_animal_03_four_choice.xlsx,,,,Food Restriction,,,,,Jackson,,,,Shipped,,,M,,Wilbrecht; UC Berkeley,Aspen,Dark,Cheerio,,Kaytee,,Han-Ning Lu,10:10:00,N,Y,Y,22:00,,,,Food Restriction,False,M,reversal,REV,2026-08-28,15:55,17:18,ZT 17:55,ZT 19:18,8,17,DABC,A,Anise,NE,B,Cinnamon,False,True,False,Regressive,34.0,5,31242,"SW,NW,NE,SE,NE","B,D,A,C,A",2,1,1,1,0,0,0,0,,0,7,,True
Example_Animal_03,example_animal_03_four_choice.xlsx,,,,Food Restriction,,,,,Jackson,,,,Shipped,,,M,,Wilbrecht; UC Berkeley,Aspen,Dark,Cheerio,,Kaytee,,Han-Ning Lu,10:10:00,N,Y,Y,22:00,,,,Food Restriction,False,M,reversal,REV,2026-08-28,15:55,17:18,ZT 17:55,ZT 19:18,9,18,ABCD,A,Anise,NW,B,Cinnamon,False,True,False,Regressive,22.0,4,3431,"SW,SE,SW,NW","C,D,C,A",1,0,2,1,0,0,0,0,,0,8,,True
Example_Animal_03,example_animal_03_four_choice.xlsx,,,,Food Restriction,,,,,Jackson,,,,Shipped,,,M,,Wilbrecht; UC Berkeley,Aspen,Dark,Cheerio,,Kaytee,,Han-Ning Lu,10:10:00,N,Y,Y,22:00,,,,Food Restriction,False,M,reversal,REV,2026-08-28,15:55,17:18,ZT 17:55,ZT 19:18,10,19,BCDA,B,Cinnamon,NW,B,Cinnamon,True,False,False,,48.0,3,see video time:16:14,"NW,NW,SE","B,B,A",1,2,0,0,0,0,0,0,,1,9,,True
Example_Animal_03,example_animal_03_four_choice.xlsx,,,,Food Restriction,,,,,Jackson,,,,Shipped,,,M,,Wilbrecht; UC Berkeley,Aspen,Dark,Cheerio,,Kaytee,,Han-Ning Lu,10:10:00,N,Y,Y,22:00,,,,Food Restriction,False,M,reversal,REV,2026-08-28,15:55,17:18,ZT 17:55,ZT 19:18,11,20,CDAB,B,Cinnamon,SE,B,Cinnamon,True,False,False,,23.0,4,2124,"NE,NW,NE,SE","D,C,D,B",0,1,1,2,0,0,0,0,,2,10,3.0,True
Example_Animal_03,example_animal_03_four_choice.xlsx,,,,Food Restriction,,,,,Jackson,,,,Shipped,,,M,,Wilbrecht; UC Berkeley,Aspen,Dark,Cheerio,,Kaytee,,Han-Ning Lu,10:10:00,N,Y,Y,22:00,,,,Food Restriction,False,M,reversal,REV,2026-08-28,15:55,17:18,ZT 17:55,ZT 19:18,12,21,DABC,A,Anise,NE,B,Cinnamon,False,True,False,Regressive,89.0,6,412424,"SE,NW,NE,SE,NE,SE","C,D,A,C,A,C",2,0,3,1,0,0,0,0,,0,11,3.0,True
Example_Animal_03,example_animal_03_four_choice.xlsx,,,,Food Restriction,,,,,Jackson,,,,Shipped,,,M,,Wilbrecht; UC Berkeley,Aspen,Dark,Cheerio,,Kaytee,,Han-Ning Lu,10:10:00,N,Y,Y,22:00,,,,Food Restriction,False,M,reversal,REV,2026-08-28,15:55,17:18,ZT 17:55,ZT 19:18,13,22,ABCD,B,Cinnamon,NE,B,Cinnamon,True,False,False,,29.0,5,43142,"SE,SW,NW,SE,NE","D,C,A,D,B",1,1,1,2,0,0,0,0,,1,12,4.0,True
Example_Animal_03,example_animal_03_four_choice.xlsx,,,,Food Restriction,,,,,Jackson,,,,Shipped,,,M,,Wilbrecht; UC Berkeley,Aspen,Dark,Cheerio,,Kaytee,,Han-Ning Lu,10:10:00,N,Y,Y,22:00,,,,Food Restriction,False,M,reversal,REV,2026-08-28,15:55,17:18,ZT 17:55,ZT 19:18,14,23,BCDA,A,Anise,SE,B,Cinnamon,False,True,False,Regressive,6.0,2,24,"NE,SE","C,A",1,0,1,0,0,0,0,0,,0,13,3.0,True
Example_Animal_03,example_animal_03_four_choice.xlsx,,,,Food Restriction,,,,,Jackson,,,,Shipped,,,M,,Wilbrecht; UC Berkeley,Aspen,Dark,Cheerio,,Kaytee,,Han-Ning Lu,10:10:00,N,Y,Y,22:00,,,,Food Restriction,False,M,reversal,REV,2026-08-28,15:55,17:18,ZT 17:55,ZT 19:18,15,24,CDAB,B,Cinnamon,SE,B,Cinnamon,True,False,False,,6.0,1,4,SE,B,0,1,0,0,0,0,0,0,,1,14,4.0,True
Example_Animal_03,example_animal_03_four_choice.xlsx,,,,Food Restriction,,,,,Jackson,,,,Shipped,,,M,,Wilbrecht; UC Berkeley,Aspen,Dark,Cheerio,,Kaytee,,Han-Ning Lu,10:10:00,N,Y,Y,22:00,,,,Food Restriction,False,M,reversal,REV,2026-08-28,15:55,17:18,ZT 17:55,ZT 19:18,17,26,ABCD,B,Cinnamon,NE,B,Cinnamon,True,False,False,,9.0,1,2,NE,B,0,1,0,0,0,0,0,0,,2,15,5.0,True
Example_Animal_03,example_animal_03_four_choice.xlsx,,,,Food Restriction,,,,,Jackson,,,,Shipped,,,M,,Wilbrecht; UC Berkeley,Aspen,Dark,Cheerio,,Kaytee,,Han-Ning Lu,10:10:00,N,Y,Y,22:00,,,,Food Restriction,False,M,reversal,REV,2026-08-28,15:55,17:18,ZT 17:55,ZT 19:18,18,27,BCDA,A,Anise,SE,B,Cinnamon,False,True,False,Regressive,5.0,2,24,"NE,SE","C,A",1,0,1,0,0,0,0,0,,0,16,5.0,True
Example_Animal_03,example_animal_03_four_choice.xlsx,,,,Food Restriction,,,,,Jackson,,,,Shipped,,,M,,Wilbrecht; UC Berkeley,Aspen,Dark,Cheerio,,Kaytee,,Han-Ning Lu,10:10:00,N,Y,Y,22:00,,,,Food Restriction,False,M,reversal,REV,2026-08-28,15:55,17:18,ZT 17:55,ZT 19:18,19,28,CDAB,B,Cinnamon,SE,B,Cinnamon,True,False,False,,170.0,2,24,"NE,SE","D,B",0,1,0,1,0,0,0,0,,1,17,6.0,True
Example_Animal_03,example_animal_03_four_choice.xlsx,,,,Food Restriction,,,,,Jackson,,,,Shipped,,,M,,Wilbrecht; UC Berkeley,Aspen,Dark,Cheerio,,Kaytee,,Han-Ning Lu,10:10:00,N,Y,Y,22:00,,,,Food Restriction,False,M,reversal,REV,2026-08-28,15:55,17:18,ZT 17:55,ZT 19:18,20,29,DABC,A,Anise,NE,B,Cinnamon,False,True,False,Regressive,10.0,3,312,"SW,NW,NE","B,D,A",1,1,0,1,0,0,0,0,,0,18,6.0,True
Example_Animal_03,example_animal_03_four_choice.xlsx,,,,Food Restriction,,,,,Jackson,,,,Shipped,,,M,,Wilbrecht; UC Berkeley,Aspen,Dark,Cheerio,,Kaytee,,Han-Ning Lu,10:10:00,N,Y,Y,22:00,,,,Food Restriction,False,M,reversal,REV,2026-08-28,15:55,17:18,ZT 17:55,ZT 19:18,21,30,ABCD,A,Anise,NW,B,Cinnamon,False,True,False,Regressive,10.0,3,431,"SE,SW,NW","D,C,A",1,0,1,1,0,0,0,0,,0,19,5.0,True
Example_Animal_03,example_animal_03_four_choice.xlsx,,,,Food Restriction,,,,,Jackson,,,,Shipped,,,M,,Wilbrecht; UC Berkeley,Aspen,Dark,Cheerio,,Kaytee,,Han-Ning Lu,10:10:00,N,Y,Y,22:00,,,,Food Restriction,False,M,reversal,REV,2026-08-28,15:55,17:18,ZT 17:55,ZT 19:18,22,31,BCDA,A,Anise,SE,B,Cinnamon,False,True,False,Regressive,9.0,2,34,"SW,SE","D,A",1,0,0,1,0,0,0,0,,0,20,4.0,True
Example_Animal_03,example_animal_03_four_choice.xlsx,,,,Food Restriction,,,,,Jackson,,,,Shipped,,,M,,Wilbrecht; UC Berkeley,Aspen,Dark,Cheerio,,Kaytee,,Han-Ning Lu,10:10:00,N,Y,Y,22:00,,,,Food Restriction,False,M,reversal,REV,2026-08-28,15:55,17:18,ZT 17:55,ZT 19:18,23,32,CDAB,B,Cinnamon,SE,B,Cinnamon,True,False,False,,14.0,2,14,"NW,SE","C,B",0,1,1,0,0,0,0,0,,1,21,5.0,True
Example_Animal_03,example_animal_03_four_choice.xlsx,,,,Food Restriction,,,,,Jackson,,,,Shipped,,,M,,Wilbrecht; UC Berkeley,Aspen,Dark,Cheerio,,Kaytee,,Han-Ning Lu,10:10:00,N,Y,Y,22:00,,,,Food Restriction,False,M,reversal,REV,2026-08-28,15:55,17:18,ZT 17:55,ZT 19:18,24,33,DABC,C,Lemon,SE,B,Cinnamon,False,True,False,Irrelevant,81.0,3,414,"SE,NW,SE","C,D,C",0,0,2,1,0,0,0,0,,0,22,4.0,True
Example_Animal_03,example_animal_03_four_choice.xlsx,,,,Food Restriction,,,,,Jackson,,,,Shipped,,,M,,Wilbrecht; UC Berkeley,Aspen,Dark,Cheerio,,Kaytee,,Han-Ning Lu,10:10:00,N,Y,Y,22:00,,,,Food Restriction,False,M,reversal,REV,2026-08-28,15:55,17:18,ZT 17:55,ZT 19:18,25,34,ABCD,B,Cinnamon,NE,B,Cinnamon,True,False,False,,9.0,2,42,"SE,NE","D,B",0,1,0,1,0,0,0,0,,1,23,5.0,True
Example_Animal_03,example_animal_03_four_choice.xlsx,,,,Food Restriction,,,,,Jackson,,,,Shipped,,,M,,Wilbrecht; UC Berkeley,Aspen,Dark,Cheerio,,Kaytee,,Han-Ning Lu,10:10:00,N,Y,Y,22:00,,,,Food Restriction,False,M,reversal,REV,2026-08-28,15:55,17:18,ZT 17:55,ZT 19:18,26,35,BCDA,A,Anise,SE,B,Cinnamon,False,True,False,Regressive,16.0,2,24,"NE,SE","C,A",1,0,1,0,0,0,0,0,,0,24,4.0,True
Example_Animal_03,example_animal_03_four_choice.xlsx,,,,Food Restriction,,,,,Jackson,,,,Shipped,,,M,,Wilbrecht; UC Berkeley,Aspen,Dark,Cheerio,,Kaytee,,Han-Ning Lu,10:10:00,N,Y,Y,22:00,,,,Food Restriction,False,M,reversal,REV,2026-08-28,15:55,17:18,ZT 17:55,ZT 19:18,27,36,CDAB,B,Cinnamon,SE,B,Cinnamon,True,False,False,,5.0,2,24,"NE,SE","D,B",0,1,0,1,0,0,0,0,,1,25,4.0,True
Example_Animal_03,example_animal_03_four_choice.xlsx,,,,Food Restriction,,,,,Jackson,,,,Shipped,,,M,,Wilbrecht; UC Berkeley,Aspen,Dark,Cheerio,,Kaytee,,Han-Ning Lu,10:10:00,N,Y,Y,22:00,,,,Food Restriction,False,M,reversal,REV,2026-08-28,15:55,17:18,ZT 17:55,ZT 19:18,28,37,DABC,A,Anise,NE,B,Cinnamon,False,True,False,Regressive,20.0,3,242,"NE,SE,NE","A,C,A",2,0,1,0,0,0,0,0,,0,26,4.0,True
Example_Animal_03,example_animal_03_four_choice.xlsx,,,,Food Restriction,,,,,Jackson,,,,Shipped,,,M,,Wilbrecht; UC Berkeley,Aspen,Dark,Cheerio,,Kaytee,,Han-Ning Lu,10:10:00,N,Y,Y,22:00,,,,Food Restriction,False,M,reversal,REV,2026-08-28,15:55,17:18,ZT 17:55,ZT 19:18,29,38,ABCD,A,Anise,NW,B,Cinnamon,False,True,False,Regressive,31.0,10,3131343431,"SW,NW,SW,NW,SW,SE,SW,SE,SW,NW","C,A,C,A,C,D,C,D,C,A",3,0,5,2,0,0,0,0,,0,27,3.0,True
Example_Animal_03,example_animal_03_four_choice.xlsx,,,,Food Restriction,,,,,Jackson,,,,Shipped,,,M,,Wilbrecht; UC Berkeley,Aspen,Dark,Cheerio,,Kaytee,,Han-Ning Lu,10:10:00,N,Y,Y,22:00,,,,Food Restriction,False,M,reversal,REV,2026-08-28,15:55,17:18,ZT 17:55,ZT 19:18,30,39,BCDA,B,Cinnamon,NW,B,Cinnamon,True,False,False,,43.0,5,42421,"SE,NE,SE,NE,NW","A,C,A,C,B",2,1,2,0,0,0,0,0,,1,28,4.0,True
Example_Animal_03,example_animal_03_four_choice.xlsx,,,,Food Restriction,,,,,Jackson,,,,Shipped,,,M,,Wilbrecht; UC Berkeley,Aspen,Dark,Cheerio,,Kaytee,,Han-Ning Lu,10:10:00,N,Y,Y,22:00,,,,Food Restriction,False,M,reversal,REV,2026-08-28,15:55,17:18,ZT 17:55,ZT 19:18,31,40,CDAB,B,Cinnamon,SE,B,Cinnamon,True,False,False,,46.0,8,12432424,"NW,NE,SE,SW,NE,SE,NE,SE","C,D,B,A,D,B,D,B",1,3,1,3,0,0,0,0,,2,29,5.0,True
Example_Animal_03,example_animal_03_four_choice.xlsx,,,,Food Restriction,,,,,Jackson,,,,Shipped,,,M,,Wilbrecht; UC Berkeley,Aspen,Dark,Cheerio,,Kaytee,,Han-Ning Lu,10:10:00,N,Y,Y,22:00,,,,Food Restriction,False,M,reversal,REV,2026-08-28,15:55,17:18,ZT 17:55,ZT 19:18,32,41,DABC,B,Cinnamon,SW,B,Cinnamon,True,False,False,,15.0,3,413,"SE,NW,SW","C,D,B",0,1,1,1,0,0,0,0,,3,30,6.0,True
Example_Animal_03,example_animal_03_four_choice.xlsx,,,,Food Restriction,,,,,Jackson,,,,Shipped,,,M,,Wilbrecht; UC Berkeley,Aspen,Dark,Cheerio,,Kaytee,,Han-Ning Lu,10:10:00,N,Y,Y,22:00,,,,Food Restriction,False,M,reversal,REV,2026-08-28,15:55,17:18,ZT 17:55,ZT 19:18,33,42,ABCD,B,Cinnamon,NE,B,Cinnamon,True,False,False,,31.0,6,434342,"SE,SW,SE,SW,SE,NE","D,C,D,C,D,B",0,1,2,3,0,0,0,0,,4,31,6.0,True
Example_Animal_03,example_animal_03_four_choice.xlsx,,,,Food Restriction,,,,,Jackson,,,,Shipped,,,M,,Wilbrecht; UC Berkeley,Aspen,Dark,Cheerio,,Kaytee,,Han-Ning Lu,10:10:00,N,Y,Y,22:00,,,,Food Restriction,False,M,reversal,REV,2026-08-28,15:55,17:18,ZT 17:55,ZT 19:18,34,43,BCDA,A,Anise,SE,B,Cinnamon,False,True,False,Regressive,25.0,1,4,SE,A,1,0,0,0,0,0,0,0,,0,32,6.0,True
Example_Animal_03,example_animal_03_four_choice.xlsx,,,,Food Restriction,,,,,Jackson,,,,Shipped,,,M,,Wilbrecht; UC Berkeley,Aspen,Dark,Cheerio,,Kaytee,,Han-Ning Lu,10:10:00,N,Y,Y,22:00,,,,Food Restriction,False,M,reversal,REV,2026-08-28,15:55,17:18,ZT 17:55,ZT 19:18,35,44,CDAB,B,Cinnamon,SE,B,Cinnamon,True,False,False,,10.0,2,24,"NE,SE","D,B",0,1,0,1,0,0,0,0,,1,33,6.0,True
Example_Animal_03,example_animal_03_four_choice.xlsx,,,,Food Restriction,,,,,Jackson,,,,Shipped,,,M,,Wilbrecht; UC Berkeley,Aspen,Dark,Cheerio,,Kaytee,,Han-Ning Lu,10:10:00,N,Y,Y,22:00,,,,Food Restriction,False,M,reversal,REV,2026-08-28,15:55,17:18,ZT 17:55,ZT 19:18,36,45,DABC,B,Cinnamon,SW,B,Cinnamon,True,False,False,,5.0,1,3,SW,B,0,1,0,0,0,0,0,0,,2,34,7.0,True
Example_Animal_03,example_animal_03_four_choice.xlsx,,,,Food Restriction,,,,,Jackson,,,,Shipped,,,M,,Wilbrecht; UC Berkeley,Aspen,Dark,Cheerio,,Kaytee,,Han-Ning Lu,10:10:00,N,Y,Y,22:00,,,,Food Restriction,False,M,reversal,REV,2026-08-28,15:55,17:18,ZT 17:55,ZT 19:18,37,46,ABCD,A,Anise,NW,B,Cinnamon,False,True,False,Regressive,29.0,6,431431,"SE,SW,NW,SE,SW,NW","D,C,A,D,C,A",2,0,2,2,0,0,0,0,,0,35,6.0,True
Example_Animal_03,example_animal_03_four_choice.xlsx,,,,Food Restriction,,,,,Jackson,,,,Shipped,,,M,,Wilbrecht; UC Berkeley,Aspen,Dark,Cheerio,,Kaytee,,Han-Ning Lu,10:10:00,N,Y,Y,22:00,,,,Food Restriction,False,M,reversal,REV,2026-08-28,15:55,17:18,ZT 17:55,ZT 19:18,38,47,BCDA,A,Anise,SE,B,Cinnamon,False,True,False,Regressive,11.0,2,24,"NE,SE","C,A",1,0,1,0,0,0,0,0,,0,36,6.0,True
Example_Animal_03,example_animal_03_four_choice.xlsx,,,,Food Restriction,,,,,Jackson,,,,Shipped,,,M,,Wilbrecht; UC Berkeley,Aspen,Dark,Cheerio,,Kaytee,,Han-Ning Lu,10:10:00,N,Y,Y,22:00,,,,Food Restriction,False,M,reversal,REV,2026-08-28,15:55,17:18,ZT 17:55,ZT 19:18,39,48,CDAB,A,Anise,SW,B,Cinnamon,False,True,False,Regressive,3.0,1,3,SW,A,1,0,0,0,0,0,0,0,,0,37,6.0,True
Example_Animal_03,example_animal_03_four_choice.xlsx,,,,Food Restriction,,,,,Jackson,,,,Shipped,,,M,,Wilbrecht; UC Berkeley,Aspen,Dark,Cheerio,,Kaytee,,Han-Ning Lu,10:10:00,N,Y,Y,22:00,,,,Food Restriction,False,M,reversal,REV,2026-08-28,15:55,17:18,ZT 17:55,ZT 19:18,40,49,DABC,B,Cinnamon,SW,B,Cinnamon,True,False,False,,5.0,1,3,SW,B,0,1,0,0,0,0,0,0,,1,38,6.0,True
Example_Animal_03,example_animal_03_four_choice.xlsx,,,,Food Restriction,,,,,Jackson,,,,Shipped,,,M,,Wilbrecht; UC Berkeley,Aspen,Dark,Cheerio,,Kaytee,,Han-Ning Lu,10:10:00,N,Y,Y,22:00,,,,Food Restriction,False,M,reversal,REV,2026-08-28,15:55,17:18,ZT 17:55,ZT 19:18,41,50,ABCD,A,Anise,NW,B,Cinnamon,False,True,False,Regressive,6.0,2,31,"SW,NW","C,A",1,0,1,0,0,0,0,0,,0,39,5.0,True
Example_Animal_03,example_animal_03_four_choice.xlsx,,,,Food Restriction,,,,,Jackson,,,,Shipped,,,M,,Wilbrecht; UC Berkeley,Aspen,Dark,Cheerio,,Kaytee,,Han-Ning Lu,10:10:00,N,Y,Y,22:00,,,,Food Restriction,False,M,reversal,REV,2026-08-28,15:55,17:18,ZT 17:55,ZT 19:18,42,51,BCDA,A,Anise,SE,B,Cinnamon,False,True,False,Regressive,4.0,1,4,SE,A,1,0,0,0,0,0,0,0,,0,40,4.0,True
Example_Animal_03,example_animal_03_four_choice.xlsx,,,,Food Restriction,,,,,Jackson,,,,Shipped,,,M,,Wilbrecht; UC Berkeley,Aspen,Dark,Cheerio,,Kaytee,,Han-Ning Lu,10:10:00,N,Y,Y,22:00,,,,Food Restriction,False,M,reversal,REV,2026-08-28,15:55,17:18,ZT 17:55,ZT 19:18,43,52,CDAB,B,Cinnamon,SE,B,Cinnamon,True,False,False,,25.0,3,124,"NW,NE,SE","C,D,B",0,1,1,1,0,0,0,0,,1,41,4.0,True
Example_Animal_03,example_animal_03_four_choice.xlsx,,,,Food Restriction,,,,,Jackson,,,,Shipped,,,M,,Wilbrecht; UC Berkeley,Aspen,Dark,Cheerio,,Kaytee,,Han-Ning Lu,10:10:00,N,Y,Y,22:00,,,,Food Restriction,False,M,reversal,REV,2026-08-28,15:55,17:18,ZT 17:55,ZT 19:18,44,53,DABC,B,Cinnamon,SW,B,Cinnamon,True,False,False,,54.0,3,243,"NE,SE,SW","A,C,B",1,1,1,0,0,0,0,0,,2,42,5.0,True
Example_Animal_03,example_animal_03_four_choice.xlsx,,,,Food Restriction,,,,,Jackson,,,,Shipped,,,M,,Wilbrecht; UC Berkeley,Aspen,Dark,Cheerio,,Kaytee,,Han-Ning Lu,10:10:00,N,Y,Y,22:00,,,,Food Restriction,False,M,reversal,REV,2026-08-28,15:55,17:18,ZT 17:55,ZT 19:18,45,54,ABCD,B,Cinnamon,NE,B,Cinnamon,True,False,False,,27.0,6,131432,"NW,SW,NW,SE,SW,NE","A,C,A,D,C,B",2,1,2,1,0,0,0,0,,3,43,5.0,True
Example_Animal_03,example_animal_03_four_choice.xlsx,,,,Food Restriction,,,,,Jackson,,,,Shipped,,,M,,Wilbrecht; UC Berkeley,Aspen,Dark,Cheerio,,Kaytee,,Han-Ning Lu,10:10:00,N,Y,Y,22:00,,,,Food Restriction,False,M,reversal,REV,2026-08-28,15:55,17:18,ZT 17:55,ZT 19:18,46,55,BCDA,B,Cinnamon,NW,B,Cinnamon,True,False,False,,12.0,4,3431,"SW,SE,SW,NW","D,A,D,B",1,1,0,2,0,0,0,0,,4,44,5.0,True
Example_Animal_03,example_animal_03_four_choice.xlsx,,,,Food Restriction,,,,,Jackson,,,,Shipped,,,M,,Wilbrecht; UC Berkeley,Aspen,Dark,Cheerio,,Kaytee,,Han-Ning Lu,10:10:00,N,Y,Y,22:00,,,,Food Restriction,False,M,reversal,REV,2026-08-28,15:55,17:18,ZT 17:55,ZT 19:18,47,56,CDAB,B,Cinnamon,SE,B,Cinnamon,True,False,False,,5.0,2,24,"NE,SE","D,B",0,1,0,1,0,0,0,0,,5,45,6.0,True
Example_Animal_03,example_animal_03_four_choice.xlsx,,,,Food Restriction,,,,,Jackson,,,,Shipped,,,M,,Wilbrecht; UC Berkeley,Aspen,Dark,Cheerio,,Kaytee,,Han-Ning Lu,10:10:00,N,Y,Y,22:00,,,,Food Restriction,False,M,reversal,REV,2026-08-28,15:55,17:18,ZT 17:55,ZT 19:18,48,57,DABC,B,Cinnamon,SW,B,Cinnamon,True,False,False,,58.0,7,2424243,"NE,SE,NE,SE,NE,SE,SW","A,C,A,C,A,C,B",3,1,3,0,0,0,0,0,,6,46,7.0,True
Example_Animal_03,example_animal_03_four_choice.xlsx,,,,Food Restriction,,,,,Jackson,,,,Shipped,,,M,,Wilbrecht; UC Berkeley,Aspen,Dark,Cheerio,,Kaytee,,Han-Ning Lu,10:10:00,N,Y,Y,22:00,,,,Food Restriction,False,M,reversal,REV,2026-08-28,15:55,17:18,ZT 17:55,ZT 19:18,49,58,ABCD,B,Cinnamon,NE,B,Cinnamon,True,False,False,,18.0,3,312,"SW,NW,NE","C,A,B",1,1,1,0,0,0,0,0,,7,47,8.0,True
Example_Animal_04,example_animal_04_four_choice.xlsx,JAX C57,,,Control,WT,unknown,,N/A,JAX,N/A,Y,,Shipped,N/A,N,M,N,"UC Berkeley, Wilbrecht Lab",Aspen,Dark,Bioserv,20.0,Kaytee,,Albert Ader,12:12:00,Y,Y,Y,22:00,,,Y,Control,False,M,discrimination,DISC,2026-08-27,17:40,20:10,ZT 19:40,ZT 22:10,1,10,ABCD,Omit,Omit,,A,Anise,False,False,True,Omission,180.0,29,42141314243124321424312132143,"SE,NE,NW,SE,NW,SW,NW,SE,NE,SE,SW,NW,NE,SE,SW,NE,NW,SE,NE,SE,SW,NW,NE,NW,SW,NE,NW,SE,SW","D,B,A,D,A,C,A,D,B,D,C,A,B,D,C,B,A,D,B,D,C,A,B,A,C,B,A,D,C",8,7,6,8,0,0,0,0,,0,0,,False
Example_Animal_04,example_animal_04_four_choice.xlsx,JAX C57,,,Control,WT,unknown,,N/A,JAX,N/A,Y,,Shipped,N/A,N,M,N,"UC Berkeley, Wilbrecht Lab",Aspen,Dark,Bioserv,20.0,Kaytee,,Albert Ader,12:12:00,Y,Y,Y,22:00,,,Y,Control,False,M,discrimination,DISC,2026-08-27,17:40,20:10,ZT 19:40,ZT 22:10,2,11,BCDA,Omit,Omit,,A,Anise,False,False,True,Omission,180.0,27,142313421241242434232242214,"NW,SE,NE,SW,NW,SW,SE,NE,NW,NE,SE,NW,NE,SE,NE,SE,SW,SE,NE,SW,NE,NE,SE,NE,NE,NW,SE","B,A,C,D,B,D,A,C,B,C,A,B,C,A,C,A,D,A,C,D,C,C,A,C,C,B,A",8,5,10,4,0,0,0,0,"reminder after T2: 106 to dig, 242 to eat",0,0,,False
Example_Animal_04,example_animal_04_four_choice.xlsx,JAX C57,,,Control,WT,unknown,,N/A,JAX,N/A,Y,,Shipped,N/A,N,M,N,"UC Berkeley, Wilbrecht Lab",Aspen,Dark,Bioserv,20.0,Kaytee,,Albert Ader,12:12:00,Y,Y,Y,22:00,,,Y,Control,False,M,discrimination,DISC,2026-08-27,17:40,20:10,ZT 19:40,ZT 22:10,3,12,CDAB,B,Cinnamon,SE,A,Anise,False,True,False,B_error,116.0,23,43231342424312432314124,"SE,SW,NE,SW,NW,SW,SE,NE,SE,NE,SE,SW,NW,NE,SE,SW,NE,SW,NW,SE,NW,NE,SE","B,A,D,A,C,A,B,D,B,D,B,A,C,D,B,A,D,A,C,B,C,D,B",6,7,4,6,0,0,0,0,,0,1,,False
Example_Animal_04,example_animal_04_four_choice.xlsx,JAX C57,,,Control,WT,unknown,,N/A,JAX,N/A,Y,,Shipped,N/A,N,M,N,"UC Berkeley, Wilbrecht Lab",Aspen,Dark,Bioserv,20.0,Kaytee,,Albert Ader,12:12:00,Y,Y,Y,22:00,,,Y,Control,False,M,discrimination,DISC,2026-08-27,17:40,20:10,ZT 19:40,ZT 22:10,4,13,DABC,A,Anise,NE,A,Anise,True,False,False,,121.0,14,34342124243412,"SW,SE,SW,SE,NE,NW,NE,SE,NE,SE,SW,SE,NW,NE","B,C,B,C,A,D,A,C,A,C,B,C,D,A",4,3,5,2,0,0,0,0,"groom, 3:57 to eat",1,2,,False
Example_Animal_04,example_animal_04_four_choice.xlsx,JAX C57,,,Control,WT,unknown,,N/A,JAX,N/A,Y,,Shipped,N/A,N,M,N,"UC Berkeley, Wilbrecht Lab",Aspen,Dark,Bioserv,20.0,Kaytee,,Albert Ader,12:12:00,Y,Y,Y,22:00,,,Y,Control,False,M,discrimination,DISC,2026-08-27,17:40,20:10,ZT 19:40,ZT 22:10,5,14,ABCD,A,Anise,NW,A,Anise,True,False,False,,28.0,6,421241,"SE,NE,NW,NE,SE,NW","D,B,A,B,D,A",2,2,0,2,0,0,0,0,,2,3,,False
Example_Animal_04,example_animal_04_four_choice.xlsx,JAX C57,,,Control,WT,unknown,,N/A,JAX,N/A,Y,,Shipped,N/A,N,M,N,"UC Berkeley, Wilbrecht Lab",Aspen,Dark,Bioserv,20.0,Kaytee,,Albert Ader,12:12:00,Y,Y,Y,22:00,,,Y,Control,False,M,discrimination,DISC,2026-08-27,17:40,20:10,ZT 19:40,ZT 22:10,6,15,BCDA,Omit,Omit,,A,Anise,False,False,True,Omission,180.0,22,4312432212441343241243,"SE,SW,NW,NE,SE,SW,NE,NE,NW,NE,SE,SE,NW,SW,SE,SW,NE,SE,NW,NE,SE,SW","A,D,B,C,A,D,C,C,B,C,A,A,B,D,A,D,C,A,B,C,A,D",7,4,6,5,0,0,0,0,climb,0,3,,False
Example_Animal_04,example_animal_04_four_choice.xlsx,JAX C57,,,Control,WT,unknown,,N/A,JAX,N/A,Y,,Shipped,N/A,N,M,N,"UC Berkeley, Wilbrecht Lab",Aspen,Dark,Bioserv,20.0,Kaytee,,Albert Ader,12:12:00,Y,Y,Y,22:00,,,Y,Control,False,M,discrimination,DISC,2026-08-27,17:40,20:10,ZT 19:40,ZT 22:10,7,16,CDAB,D,Vanilla,NE,A,Anise,False,True,False,D_error,50.0,5,31442,"SW,NW,SE,SE,NE","A,C,B,B,D",1,2,1,1,0,0,0,0,groom,0,4,,False
Example_Animal_04,example_animal_04_four_choice.xlsx,JAX C57,,,Control,WT,unknown,,N/A,JAX,N/A,Y,,Shipped,N/A,N,M,N,"UC Berkeley, Wilbrecht Lab",Aspen,Dark,Bioserv,20.0,Kaytee,,Albert Ader,12:12:00,Y,Y,Y,22:00,,,Y,Control,False,M,discrimination,DISC,2026-08-27,17:40,20:10,ZT 19:40,ZT 22:10,8,17,DABC,A,Anise,NE,A,Anise,True,False,False,,9.0,2,12,"NW,NE","D,A",1,0,0,1,0,0,0,0,,1,5,,False
Example_Animal_04,example_animal_04_four_choice.xlsx,JAX C57,,,Control,WT,unknown,,N/A,JAX,N/A,Y,,Shipped,N/A,N,M,N,"UC Berkeley, Wilbrecht Lab",Aspen,Dark,Bioserv,20.0,Kaytee,,Albert Ader,12:12:00,Y,Y,Y,22:00,,,Y,Control,False,M,discrimination,DISC,2026-08-27,17:40,20:10,ZT 19:40,ZT 22:10,9,18,ABCD,B,Cinnamon,NE,A,Anise,False,True,False,B_error,8.0,2,12,"NW,NE","A,B",1,1,0,0,0,0,0,0,,0,6,,False
Example_Animal_04,example_animal_04_four_choice.xlsx,JAX C57,,,Control,WT,unknown,,N/A,JAX,N/A,Y,,Shipped,N/A,N,M,N,"UC Berkeley, Wilbrecht Lab",Aspen,Dark,Bioserv,20.0,Kaytee,,Albert Ader,12:12:00,Y,Y,Y,22:00,,,Y,Control,False,M,discrimination,DISC,2026-08-27,17:40,20:10,ZT 19:40,ZT 22:10,10,19,BCDA,D,Vanilla,SW,A,Anise,False,True,False,D_error,29.0,5,13243,"NW,SW,NE,SE,SW","B,D,C,A,D",1,1,1,2,0,0,0,0,,0,7,,False
Example_Animal_04,example_animal_04_four_choice.xlsx,JAX C57,,,Control,WT,unknown,,N/A,JAX,N/A,Y,,Shipped,N/A,N,M,N,"UC Berkeley, Wilbrecht Lab",Aspen,Dark,Bioserv,20.0,Kaytee,,Albert Ader,12:12:00,Y,Y,Y,22:00,,,Y,Control,False,M,discrimination,DISC,2026-08-27,17:40,20:10,ZT 19:40,ZT 22:10,11,20,CDAB,D,Vanilla,NE,A,Anise,False,True,False,D_error,109.0,13,3124243424242,"SW,NW,NE,SE,NE,SE,SW,SE,NE,SE,NE,SE,NE","A,C,D,B,D,B,A,B,D,B,D,B,D",2,5,1,5,0,0,0,0,climb,0,8,,False
Example_Animal_04,example_animal_04_four_choice.xlsx,JAX C57,,,Control,WT,unknown,,N/A,JAX,N/A,Y,,Shipped,N/A,N,M,N,"UC Berkeley, Wilbrecht Lab",Aspen,Dark,Bioserv,20.0,Kaytee,,Albert Ader,12:12:00,Y,Y,Y,22:00,,,Y,Control,False,M,discrimination,DISC,2026-08-27,17:40,20:10,ZT 19:40,ZT 22:10,12,21,DABC,A,Anise,NE,A,Anise,True,False,False,,14.0,3,242,"NE,SE,NE","A,C,A",2,0,1,0,0,0,0,0,,1,9,,False
Example_Animal_04,example_animal_04_four_choice.xlsx,JAX C57,,,Control,WT,unknown,,N/A,JAX,N/A,Y,,Shipped,N/A,N,M,N,"UC Berkeley, Wilbrecht Lab",Aspen,Dark,Bioserv,20.0,Kaytee,,Albert Ader,12:12:00,Y,Y,Y,22:00,,,Y,Control,False,M,discrimination,DISC,2026-08-27,17:40,20:10,ZT 19:40,ZT 22:10,13,22,ABCD,D,Vanilla,SE,A,Anise,False,True,False,D_error,105.0,15,424244242314124,"SE,NE,SE,NE,SE,SE,NE,SE,NE,SW,NW,SE,NW,NE,SE","D,B,D,B,D,D,B,D,B,C,A,D,A,B,D",2,5,1,7,0,0,0,0,,0,10,4.0,False
Example_Animal_04,example_animal_04_four_choice.xlsx,JAX C57,,,Control,WT,unknown,,N/A,JAX,N/A,Y,,Shipped,N/A,N,M,N,"UC Berkeley, Wilbrecht Lab",Aspen,Dark,Bioserv,20.0,Kaytee,,Albert Ader,12:12:00,Y,Y,Y,22:00,,,Y,Control,False,M,discrimination,DISC,2026-08-27,17:40,20:10,ZT 19:40,ZT 22:10,14,23,BCDA,D,Vanilla,SW,A,Anise,False,True,False,D_error,9.0,2,43,"SE,SW","A,D",1,0,0,1,0,0,0,0,,0,11,4.0,False
Example_Animal_04,example_animal_04_four_choice.xlsx,JAX C57,,,Control,WT,unknown,,N/A,JAX,N/A,Y,,Shipped,N/A,N,M,N,"UC Berkeley, Wilbrecht Lab",Aspen,Dark,Bioserv,20.0,Kaytee,,Albert Ader,12:12:00,Y,Y,Y,22:00,,,Y,Control,False,M,discrimination,DISC,2026-08-27,17:40,20:10,ZT 19:40,ZT 22:10,15,24,CDAB,A,Anise,SW,A,Anise,True,False,False,,8.0,2,23,"NE,SW","D,A",1,0,0,1,0,0,0,0,groom,1,12,4.0,False
Example_Animal_04,example_animal_04_four_choice.xlsx,JAX C57,,,Control,WT,unknown,,N/A,JAX,N/A,Y,,Shipped,N/A,N,M,N,"UC Berkeley, Wilbrecht Lab",Aspen,Dark,Bioserv,20.0,Kaytee,,Albert Ader,12:12:00,Y,Y,Y,22:00,,,Y,Control,False,M,discrimination,DISC,2026-08-27,17:40,20:10,ZT 19:40,ZT 22:10,16,25,DABC,A,Anise,NE,A,Anise,True,False,False,,14.0,3,242,"NE,SE,NE","A,C,A",2,0,1,0,0,0,0,0,,2,13,4.0,False
Example_Animal_04,example_animal_04_four_choice.xlsx,JAX C57,,,Control,WT,unknown,,N/A,JAX,N/A,Y,,Shipped,N/A,N,M,N,"UC Berkeley, Wilbrecht Lab",Aspen,Dark,Bioserv,20.0,Kaytee,,Albert Ader,12:12:00,Y,Y,Y,22:00,,,Y,Control,False,M,discrimination,DISC,2026-08-27,17:40,20:10,ZT 19:40,ZT 22:10,17,26,ABCD,D,Vanilla,SE,A,Anise,False,True,False,D_error,23.0,4,4314,"SE,SW,NW,SE","D,C,A,D",1,0,1,2,0,0,0,0,,0,14,4.0,False
Example_Animal_04,example_animal_04_four_choice.xlsx,JAX C57,,,Control,WT,unknown,,N/A,JAX,N/A,Y,,Shipped,N/A,N,M,N,"UC Berkeley, Wilbrecht Lab",Aspen,Dark,Bioserv,20.0,Kaytee,,Albert Ader,12:12:00,Y,Y,Y,22:00,,,Y,Control,False,M,discrimination,DISC,2026-08-27,17:40,20:10,ZT 19:40,ZT 22:10,18,27,BCDA,Omit,Omit,,A,Anise,False,False,True,Omission,180.0,22,3213121212434213241243,"SW,NE,NW,SW,NW,NE,NW,NE,NW,NE,SE,SW,SE,NE,NW,SW,NE,SE,NW,NE,SE,SW","D,C,B,D,B,C,B,C,B,C,A,D,A,C,B,D,C,A,B,C,A,D",4,6,7,5,0,0,0,0,groom,0,14,4.0,False
Example_Animal_04,example_animal_04_four_choice.xlsx,JAX C57,,,Control,WT,unknown,,N/A,JAX,N/A,Y,,Shipped,N/A,N,M,N,"UC Berkeley, Wilbrecht Lab",Aspen,Dark,Bioserv,20.0,Kaytee,,Albert Ader,12:12:00,Y,Y,Y,22:00,,,Y,Control,False,M,discrimination,DISC,2026-08-27,17:40,20:10,ZT 19:40,ZT 22:10,19,28,CDAB,D,Vanilla,NE,A,Anise,False,True,False,D_error,79.0,12,242434211242,"NE,SE,NE,SE,SW,SE,NE,NW,NW,NE,SE,NE","D,B,D,B,A,B,D,C,C,D,B,D",1,4,2,5,0,0,0,0,,0,15,3.0,False
Example_Animal_04,example_animal_04_four_choice.xlsx,JAX C57,,,Control,WT,unknown,,N/A,JAX,N/A,Y,,Shipped,N/A,N,M,N,"UC Berkeley, Wilbrecht Lab",Aspen,Dark,Bioserv,20.0,Kaytee,,Albert Ader,12:12:00,Y,Y,Y,22:00,,,Y,Control,False,M,discrimination,DISC,2026-08-27,17:40,20:10,ZT 19:40,ZT 22:10,20,29,DABC,D,Vanilla,NW,A,Anise,False,True,False,D_error,4.0,1,1,NW,D,0,0,0,1,0,0,0,0,,0,16,3.0,False
Example_Animal_04,example_animal_04_four_choice.xlsx,JAX C57,,,Control,WT,unknown,,N/A,JAX,N/A,Y,,Shipped,N/A,N,M,N,"UC Berkeley, Wilbrecht Lab",Aspen,Dark,Bioserv,20.0,Kaytee,,Albert Ader,12:12:00,Y,Y,Y,22:00,,,Y,Control,False,M,discrimination,DISC,2026-08-27,17:40,20:10,ZT 19:40,ZT 22:10,21,30,ABCD,A,Anise,NW,A,Anise,True,False,False,,16.0,2,31,"SW,NW","C,A",1,0,1,0,0,0,0,0,,1,17,4.0,False
Example_Animal_04,example_animal_04_four_choice.xlsx,JAX C57,,,Control,WT,unknown,,N/A,JAX,N/A,Y,,Shipped,N/A,N,M,N,"UC Berkeley, Wilbrecht Lab",Aspen,Dark,Bioserv,20.0,Kaytee,,Albert Ader,12:12:00,Y,Y,Y,22:00,,,Y,Control,False,M,discrimination,DISC,2026-08-27,17:40,20:10,ZT 19:40,ZT 22:10,22,31,BCDA,A,Anise,SE,A,Anise,True,False,False,,14.0,2,34,"SW,SE","D,A",1,0,0,1,0,0,0,0,,2,18,5.0,False
Example_Animal_04,example_animal_04_four_choice.xlsx,JAX C57,,,Control,WT,unknown,,N/A,JAX,N/A,Y,,Shipped,N/A,N,M,N,"UC Berkeley, Wilbrecht Lab",Aspen,Dark,Bioserv,20.0,Kaytee,,Albert Ader,12:12:00,Y,Y,Y,22:00,,,Y,Control,False,M,discrimination,DISC,2026-08-27,17:40,20:10,ZT 19:40,ZT 22:10,23,32,CDAB,A,Anise,SW,A,Anise,True,False,False,,3.0,2,23,"NE,SW","D,A",1,0,0,1,0,0,0,0,,3,19,5.0,False
Example_Animal_04,example_animal_04_four_choice.xlsx,JAX C57,,,Control,WT,unknown,,N/A,JAX,N/A,Y,,Shipped,N/A,N,M,N,"UC Berkeley, Wilbrecht Lab",Aspen,Dark,Bioserv,20.0,Kaytee,,Albert Ader,12:12:00,Y,Y,Y,22:00,,,Y,Control,False,M,discrimination,DISC,2026-08-27,17:40,20:10,ZT 19:40,ZT 22:10,24,33,DABC,A,Anise,NE,A,Anise,True,False,False,,15.0,1,2,NE,A,1,0,0,0,0,0,0,0,,4,20,6.0,False
Example_Animal_04,example_animal_04_four_choice.xlsx,JAX C57,,,Control,WT,unknown,,N/A,JAX,N/A,Y,,Shipped,N/A,N,M,N,"UC Berkeley, Wilbrecht Lab",Aspen,Dark,Bioserv,20.0,Kaytee,,Albert Ader,12:12:00,Y,Y,Y,22:00,,,Y,Control,False,M,discrimination,DISC,2026-08-27,17:40,20:10,ZT 19:40,ZT 22:10,25,34,ABCD,A,Anise,NW,A,Anise,True,False,False,,9.0,3,421,"SE,NE,NW","D,B,A",1,1,0,1,0,0,0,0,groom,5,21,7.0,False
Example_Animal_04,example_animal_04_four_choice.xlsx,JAX C57,,,Control,WT,unknown,,N/A,JAX,N/A,Y,,Shipped,N/A,N,M,N,"UC Berkeley, Wilbrecht Lab",Aspen,Dark,Bioserv,20.0,Kaytee,,Albert Ader,12:12:00,Y,Y,Y,22:00,,,Y,Control,False,M,discrimination,DISC,2026-08-27,17:40,20:10,ZT 19:40,ZT 22:10,26,35,BCDA,A,Anise,SE,A,Anise,True,False,False,,7.0,2,34,"SW,SE","D,A",1,0,0,1,0,0,0,0,,6,22,7.0,False
Example_Animal_04,example_animal_04_four_choice.xlsx,JAX C57,,,Control,WT,unknown,,N/A,JAX,N/A,Y,,Shipped,N/A,N,M,N,"UC Berkeley, Wilbrecht Lab",Aspen,Dark,Bioserv,20.0,Kaytee,,Albert Ader,12:12:00,Y,Y,Y,22:00,,,Y,Control,False,M,discrimination,DISC,2026-08-27,17:40,20:10,ZT 19:40,ZT 22:10,27,36,CDAB,B,Cinnamon,SE,A,Anise,False,True,False,B_error,7.0,1,4,SE,B,0,1,0,0,0,0,0,0,,0,23,6.0,False
Example_Animal_04,example_animal_04_four_choice.xlsx,JAX C57,,,Control,WT,unknown,,N/A,JAX,N/A,Y,,Shipped,N/A,N,M,N,"UC Berkeley, Wilbrecht Lab",Aspen,Dark,Bioserv,20.0,Kaytee,,Albert Ader,12:12:00,Y,Y,Y,22:00,,,Y,Control,False,M,discrimination,DISC,2026-08-27,17:40,20:10,ZT 19:40,ZT 22:10,28,37,DABC,B,Cinnamon,SW,A,Anise,False,True,False,B_error,172.0,22,2121342143313431342443,"NE,NW,NE,NW,SW,SE,NE,NW,SE,SW,SW,NW,SW,SE,SW,NW,SW,SE,NE,SE,SE,SW","A,D,A,D,B,C,A,D,C,B,B,D,B,C,B,D,B,C,A,C,C,B",4,7,6,5,0,0,0,0,climb,0,24,6.0,False
Example_Animal_04,example_animal_04_four_choice.xlsx,JAX C57,,,Control,WT,unknown,,N/A,JAX,N/A,Y,,Shipped,N/A,N,M,N,"UC Berkeley, Wilbrecht Lab",Aspen,Dark,Bioserv,20.0,Kaytee,,Albert Ader,12:12:00,Y,Y,Y,22:00,,,Y,Control,False,M,discrimination,DISC,2026-08-27,17:40,20:10,ZT 19:40,ZT 22:10,29,38,ABCD,D,Vanilla,SE,A,Anise,False,True,False,D_error,10.0,2,34,"SW,SE","C,D",0,0,1,1,0,0,0,0,,0,25,6.0,False
Example_Animal_04,example_animal_04_four_choice.xlsx,JAX C57,,,Control,WT,unknown,,N/A,JAX,N/A,Y,,Shipped,N/A,N,M,N,"UC Berkeley, Wilbrecht Lab",Aspen,Dark,Bioserv,20.0,Kaytee,,Albert Ader,12:12:00,Y,Y,Y,22:00,,,Y,Control,False,M,discrimination,DISC,2026-08-27,17:40,20:10,ZT 19:40,ZT 22:10,30,39,BCDA,A,Anise,SE,A,Anise,True,False,False,,36.0,5,12134,"NW,NE,NW,SW,SE","B,C,B,D,A",1,2,1,1,0,0,0,0,,1,26,7.0,False
Example_Animal_04,example_animal_04_four_choice.xlsx,JAX C57,,,Control,WT,unknown,,N/A,JAX,N/A,Y,,Shipped,N/A,N,M,N,"UC Berkeley, Wilbrecht Lab",Aspen,Dark,Bioserv,20.0,Kaytee,,Albert Ader,12:12:00,Y,Y,Y,22:00,,,Y,Control,False,M,discrimination,DISC,2026-08-27,17:40,20:10,ZT 19:40,ZT 22:10,31,40,CDAB,A,Anise,SW,A,Anise,True,False,False,,51.0,6,412343,"SE,NW,NE,SW,SE,SW","B,C,D,A,B,A",2,2,1,1,0,0,0,0,groom,2,27,7.0,False
Example_Animal_04,example_animal_04_four_choice.xlsx,JAX C57,,,Control,WT,unknown,,N/A,JAX,N/A,Y,,Shipped,N/A,N,M,N,"UC Berkeley, Wilbrecht Lab",Aspen,Dark,Bioserv,20.0,Kaytee,,Albert Ader,12:12:00,Y,Y,Y,22:00,,,Y,Control,False,M,discrimination,DISC,2026-08-27,17:40,20:10,ZT 19:40,ZT 22:10,32,41,DABC,A,Anise,NE,A,Anise,True,False,False,,160.0,12,342343221234,"SW,SE,NE,SW,SE,SW,NE,NE,NW,NE,SW,SE","B,C,A,B,C,B,A,A,D,A,B,C",4,4,3,1,0,0,0,0,climb+groom,3,28,7.0,False
Example_Animal_04,example_animal_04_four_choice.xlsx,JAX C57,,,Control,WT,unknown,,N/A,JAX,N/A,Y,,Shipped,N/A,N,M,N,"UC Berkeley, Wilbrecht Lab",Aspen,Dark,Bioserv,20.0,Kaytee,,Albert Ader,12:12:00,Y,Y,Y,22:00,,,Y,Control,False,M,discrimination,DISC,2026-08-27,17:40,20:10,ZT 19:40,ZT 22:10,33,42,ABCD,A,Anise,NW,A,Anise,True,False,False,,7.0,1,1,NW,A,1,0,0,0,0,0,0,0,,4,29,7.0,False
Example_Animal_04,example_animal_04_four_choice.xlsx,JAX C57,,,Control,WT,unknown,,N/A,JAX,N/A,Y,,Shipped,N/A,N,M,N,"UC Berkeley, Wilbrecht Lab",Aspen,Dark,Bioserv,20.0,Kaytee,,Albert Ader,12:12:00,Y,Y,Y,22:00,,,Y,Control,False,M,discrimination,DISC,2026-08-27,17:40,20:10,ZT 19:40,ZT 22:10,34,43,BCDA,A,Anise,SE,A,Anise,True,False,False,,9.0,1,4,SE,A,1,0,0,0,0,0,0,0,,5,30,7.0,False
Example_Animal_04,example_animal_04_four_choice.xlsx,JAX C57,,,Control,WT,unknown,,N/A,JAX,N/A,Y,,Shipped,N/A,N,M,N,"UC Berkeley, Wilbrecht Lab",Aspen,Dark,Bioserv,20.0,Kaytee,,Albert Ader,12:12:00,Y,Y,Y,22:00,,,Y,Control,False,M,discrimination,DISC,2026-08-27,17:40,20:10,ZT 19:40,ZT 22:10,35,44,CDAB,Omit,Omit,,A,Anise,False,False,True,Omission,180.0,22,1342434242324243134121,"NW,SW,SE,NE,SE,SW,SE,NE,SE,NE,SW,NE,SE,NE,SE,SW,NW,SW,SE,NW,NE,NW","C,A,B,D,B,A,B,D,B,D,A,D,B,D,B,A,C,A,B,C,D,C",5,7,4,6,0,0,0,0,climb+groom,0,30,7.0,False
Example_Animal_04,example_animal_04_four_choice.xlsx,JAX C57,,,Control,WT,unknown,,N/A,JAX,N/A,Y,,Shipped,N/A,N,M,N,"UC Berkeley, Wilbrecht Lab",Aspen,Dark,Bioserv,20.0,Kaytee,,Albert Ader,12:12:00,Y,Y,Y,22:00,,,Y,Control,False,M,discrimination,DISC,2026-08-27,17:40,20:10,ZT 19:40,ZT 22:10,36,45,DABC,B,Cinnamon,SW,A,Anise,False,True,False,B_error,20.0,4,2433,"NE,SE,SW,SW","A,C,B,B",1,2,1,0,0,0,0,0,,0,31,6.0,False
Example_Animal_04,example_animal_04_four_choice.xlsx,JAX C57,,,Control,WT,unknown,,N/A,JAX,N/A,Y,,Shipped,N/A,N,M,N,"UC Berkeley, Wilbrecht Lab",Aspen,Dark,Bioserv,20.0,Kaytee,,Albert Ader,12:12:00,Y,Y,Y,22:00,,,Y,Control,False,M,discrimination,DISC,2026-08-27,17:40,20:10,ZT 19:40,ZT 22:10,37,46,ABCD,A,Anise,NW,A,Anise,True,False,False,,80.0,14,34342424242421,"SW,SE,SW,SE,NE,SE,NE,SE,NE,SE,NE,SE,NE,NW","C,D,C,D,B,D,B,D,B,D,B,D,B,A",1,5,2,6,0,0,0,0,very active,1,32,6.0,False
Example_Animal_04,example_animal_04_four_choice.xlsx,JAX C57,,,Control,WT,unknown,,N/A,JAX,N/A,Y,,Shipped,N/A,N,M,N,"UC Berkeley, Wilbrecht Lab",Aspen,Dark,Bioserv,20.0,Kaytee,,Albert Ader,12:12:00,Y,Y,Y,22:00,,,Y,Control,False,M,discrimination,DISC,2026-08-27,17:40,20:10,ZT 19:40,ZT 22:10,38,47,BCDA,B,Cinnamon,NW,A,Anise,False,True,False,B_error,30.0,2,41,"SE,NW","A,B",1,1,0,0,0,0,0,0,peed,0,33,6.0,False
Example_Animal_04,example_animal_04_four_choice.xlsx,JAX C57,,,Control,WT,unknown,,N/A,JAX,N/A,Y,,Shipped,N/A,N,M,N,"UC Berkeley, Wilbrecht Lab",Aspen,Dark,Bioserv,20.0,Kaytee,,Albert Ader,12:12:00,Y,Y,Y,22:00,,,Y,Control,False,M,discrimination,DISC,2026-08-27,17:40,20:10,ZT 19:40,ZT 22:10,39,48,CDAB,D,Vanilla,NE,A,Anise,False,True,False,D_error,30.0,3,412,"SE,NW,NE","B,C,D",0,1,1,1,0,0,0,0,,0,34,6.0,False
Example_Animal_04,example_animal_04_four_choice.xlsx,JAX C57,,,Control,WT,unknown,,N/A,JAX,N/A,Y,,Shipped,N/A,N,M,N,"UC Berkeley, Wilbrecht Lab",Aspen,Dark,Bioserv,20.0,Kaytee,,Albert Ader,12:12:00,Y,Y,Y,22:00,,,Y,Control,False,M,discrimination,DISC,2026-08-27,17:40,20:10,ZT 19:40,ZT 22:10,40,49,DABC,A,Anise,NE,A,Anise,True,False,False,,5.0,1,2,NE,A,1,0,0,0,0,0,0,0,,1,35,7.0,False
Example_Animal_04,example_animal_04_four_choice.xlsx,JAX C57,,,Control,WT,unknown,,N/A,JAX,N/A,Y,,Shipped,N/A,N,M,N,"UC Berkeley, Wilbrecht Lab",Aspen,Dark,Bioserv,20.0,Kaytee,,Albert Ader,12:12:00,Y,Y,Y,22:00,,,Y,Control,False,M,discrimination,DISC,2026-08-27,17:40,20:10,ZT 19:40,ZT 22:10,41,50,ABCD,D,Vanilla,SE,A,Anise,False,True,False,D_error,10.0,2,24,"NE,SE","B,D",0,1,0,1,0,0,0,0,,0,36,6.0,False
Example_Animal_04,example_animal_04_four_choice.xlsx,JAX C57,,,Control,WT,unknown,,N/A,JAX,N/A,Y,,Shipped,N/A,N,M,N,"UC Berkeley, Wilbrecht Lab",Aspen,Dark,Bioserv,20.0,Kaytee,,Albert Ader,12:12:00,Y,Y,Y,22:00,,,Y,Control,False,M,discrimination,DISC,2026-08-27,17:40,20:10,ZT 19:40,ZT 22:10,42,51,BCDA,A,Anise,SE,A,Anise,True,False,False,,14.0,3,124,"NW,NE,SE","B,C,A",1,1,1,0,0,0,0,0,,1,37,6.0,False
Example_Animal_04,example_animal_04_four_choice.xlsx,JAX C57,,,Control,WT,unknown,,N/A,JAX,N/A,Y,,Shipped,N/A,N,M,N,"UC Berkeley, Wilbrecht Lab",Aspen,Dark,Bioserv,20.0,Kaytee,,Albert Ader,12:12:00,Y,Y,Y,22:00,,,Y,Control,False,M,discrimination,DISC,2026-08-27,17:40,20:10,ZT 19:40,ZT 22:10,43,52,CDAB,B,Cinnamon,SE,A,Anise,False,True,False,B_error,18.0,2,34,"SW,SE","A,B",1,1,0,0,0,0,0,0,,0,38,5.0,False
Example_Animal_04,example_animal_04_four_choice.xlsx,JAX C57,,,Control,WT,unknown,,N/A,JAX,N/A,Y,,Shipped,N/A,N,M,N,"UC Berkeley, Wilbrecht Lab",Aspen,Dark,Bioserv,20.0,Kaytee,,Albert Ader,12:12:00,Y,Y,Y,22:00,,,Y,Control,False,M,discrimination,DISC,2026-08-27,17:40,20:10,ZT 19:40,ZT 22:10,44,53,DABC,B,Cinnamon,SW,A,Anise,False,True,False,B_error,9.0,1,3,SW,B,0,1,0,0,0,0,0,0,,0,39,4.0,False
Example_Animal_04,example_animal_04_four_choice.xlsx,JAX C57,,,Control,WT,unknown,,N/A,JAX,N/A,Y,,Shipped,N/A,N,M,N,"UC Berkeley, Wilbrecht Lab",Aspen,Dark,Bioserv,20.0,Kaytee,,Albert Ader,12:12:00,Y,Y,Y,22:00,,,Y,Control,False,M,discrimination,DISC,2026-08-27,17:40,20:10,ZT 19:40,ZT 22:10,45,54,ABCD,D,Vanilla,SE,A,Anise,False,True,False,D_error,20.0,3,431,"SE,SW,NW","D,C,A",1,0,1,1,0,0,0,0,,0,40,3.0,False
Example_Animal_04,example_animal_04_four_choice.xlsx,JAX C57,,,Control,WT,unknown,,N/A,JAX,N/A,Y,,Shipped,N/A,N,M,N,"UC Berkeley, Wilbrecht Lab",Aspen,Dark,Bioserv,20.0,Kaytee,,Albert Ader,12:12:00,Y,Y,Y,22:00,,,Y,Control,False,M,discrimination,DISC,2026-08-27,17:40,20:10,ZT 19:40,ZT 22:10,46,55,BCDA,D,Vanilla,SW,A,Anise,False,True,False,D_error,7.0,1,3,SW,D,0,0,0,1,0,0,0,0,,0,41,3.0,False
Example_Animal_04,example_animal_04_four_choice.xlsx,JAX C57,,,Control,WT,unknown,,N/A,JAX,N/A,Y,,Shipped,N/A,N,M,N,"UC Berkeley, Wilbrecht Lab",Aspen,Dark,Bioserv,20.0,Kaytee,,Albert Ader,12:12:00,Y,Y,Y,22:00,,,Y,Control,False,M,discrimination,DISC,2026-08-27,17:40,20:10,ZT 19:40,ZT 22:10,47,56,CDAB,D,Vanilla,NE,A,Anise,False,True,False,D_error,13.0,3,342,"SW,SE,NE","A,B,D",1,1,0,1,0,0,0,0,,0,42,2.0,False
Example_Animal_04,example_animal_04_four_choice.xlsx,JAX C57,,,Control,WT,unknown,,N/A,JAX,N/A,Y,,Shipped,N/A,N,M,N,"UC Berkeley, Wilbrecht Lab",Aspen,Dark,Bioserv,20.0,Kaytee,,Albert Ader,12:12:00,Y,Y,Y,22:00,,,Y,Control,False,M,discrimination,DISC,2026-08-27,17:40,20:10,ZT 19:40,ZT 22:10,48,57,DABC,D,Vanilla,NW,A,Anise,False,True,False,D_error,6.0,1,1,NW,D,0,0,0,1,0,0,0,0,,0,43,2.0,False
Example_Animal_04,example_animal_04_four_choice.xlsx,JAX C57,,,Control,WT,unknown,,N/A,JAX,N/A,Y,,Shipped,N/A,N,M,N,"UC Berkeley, Wilbrecht Lab",Aspen,Dark,Bioserv,20.0,Kaytee,,Albert Ader,12:12:00,Y,Y,Y,22:00,,,Y,Control,False,M,discrimination,DISC,2026-08-27,17:40,20:10,ZT 19:40,ZT 22:10,49,58,ABCD,A,Anise,NW,A,Anise,True,False,False,,32.0,4,3421,"SW,SE,NE,NW","C,D,B,A",1,1,1,1,0,0,0,0,,1,44,3.0,False
Example_Animal_04,example_animal_04_four_choice.xlsx,JAX C57,,,Control,WT,unknown,,N/A,JAX,N/A,Y,,Shipped,N/A,N,M,N,"UC Berkeley, Wilbrecht Lab",Aspen,Dark,Bioserv,20.0,Kaytee,,Albert Ader,12:12:00,Y,Y,Y,22:00,,,Y,Control,False,M,discrimination,DISC,2026-08-27,17:40,20:10,ZT 19:40,ZT 22:10,50,59,BCDA,A,Anise,SE,A,Anise,True,False,False,,38.0,6,313134,"SW,NW,SW,NW,SW,SE","D,B,D,B,D,A",1,2,0,3,0,0,0,0,,2,45,3.0,False
Example_Animal_04,example_animal_04_four_choice.xlsx,JAX C57,,,Control,WT,unknown,,N/A,JAX,N/A,Y,,Shipped,N/A,N,M,N,"UC Berkeley, Wilbrecht Lab",Aspen,Dark,Bioserv,20.0,Kaytee,,Albert Ader,12:12:00,Y,Y,Y,22:00,,,Y,Control,False,M,discrimination,DISC,2026-08-27,17:40,20:10,ZT 19:40,ZT 22:10,51,60,CDAB,A,Anise,SW,A,Anise,True,False,False,,4.0,1,3,SW,A,1,0,0,0,0,0,0,0,,3,46,4.0,False
Example_Animal_04,example_animal_04_four_choice.xlsx,JAX C57,,,Control,WT,unknown,,N/A,JAX,N/A,Y,,Shipped,N/A,N,M,N,"UC Berkeley, Wilbrecht Lab",Aspen,Dark,Bioserv,20.0,Kaytee,,Albert Ader,12:12:00,Y,Y,Y,22:00,,,Y,Control,False,M,discrimination,DISC,2026-08-27,17:40,20:10,ZT 19:40,ZT 22:10,52,61,DABC,D,Vanilla,NW,A,Anise,False,True,False,D_error,12.0,3,421,"SE,NE,NW","C,A,D",1,0,1,1,0,0,0,0,escaped to O1 after lock,0,47,3.0,False
Example_Animal_04,example_animal_04_four_choice.xlsx,JAX C57,,,Control,WT,unknown,,N/A,JAX,N/A,Y,,Shipped,N/A,N,M,N,"UC Berkeley, Wilbrecht Lab",Aspen,Dark,Bioserv,20.0,Kaytee,,Albert Ader,12:12:00,Y,Y,Y,22:00,,,Y,Control,False,M,discrimination,DISC,2026-08-27,17:40,20:10,ZT 19:40,ZT 22:10,53,62,ABCD,A,Anise,NW,A,Anise,True,False,False,,13.0,3,421,"SE,NE,NW","D,B,A",1,1,0,1,0,0,0,0,,1,48,4.0,False
Example_Animal_04,example_animal_04_four_choice.xlsx,JAX C57,,,Control,WT,unknown,,N/A,JAX,N/A,Y,,Shipped,N/A,N,M,N,"UC Berkeley, Wilbrecht Lab",Aspen,Dark,Bioserv,20.0,Kaytee,,Albert Ader,12:12:00,Y,Y,Y,22:00,,,Y,Control,False,M,discrimination,DISC,2026-08-27,17:40,20:10,ZT 19:40,ZT 22:10,54,63,BCDA,A,Anise,SE,A,Anise,True,False,False,,5.0,1,4,SE,A,1,0,0,0,0,0,0,0,,2,49,5.0,False
Example_Animal_04,example_animal_04_four_choice.xlsx,JAX C57,,,Control,WT,unknown,,N/A,JAX,N/A,Y,,Shipped,N/A,N,M,N,"UC Berkeley, Wilbrecht Lab",Aspen,Dark,Bioserv,20.0,Kaytee,,Albert Ader,12:12:00,Y,Y,Y,22:00,,,Y,Control,False,M,discrimination,DISC,2026-08-27,17:40,20:10,ZT 19:40,ZT 22:10,55,64,CDAB,A,Anise,SW,A,Anise,True,False,False,,104.0,10,2121241213,"NE,NW,NE,NW,NE,SE,NW,NE,NW,SW","D,C,D,C,D,B,C,D,C,A",1,1,4,4,0,0,0,0,groom,3,50,6.0,False
Example_Animal_04,example_animal_04_four_choice.xlsx,JAX C57,,,Control,WT,unknown,,N/A,JAX,N/A,Y,,Shipped,N/A,N,M,N,"UC Berkeley, Wilbrecht Lab",Aspen,Dark,Bioserv,20.0,Kaytee,,Albert Ader,12:12:00,Y,Y,Y,22:00,,,Y,Control,False,M,discrimination,DISC,2026-08-27,17:40,20:10,ZT 19:40,ZT 22:10,56,65,DABC,A,Anise,NE,A,Anise,True,False,False,,38.0,6,242342,"NE,SE,NE,SW,SE,NE","A,C,A,B,C,A",3,1,2,0,0,0,0,0,,4,51,7.0,False
Example_Animal_04,example_animal_04_four_choice.xlsx,JAX C57,,,Control,WT,unknown,,N/A,JAX,N/A,Y,,Shipped,N/A,N,M,N,"UC Berkeley, Wilbrecht Lab",Aspen,Dark,Bioserv,20.0,Kaytee,,Albert Ader,12:12:00,Y,Y,Y,22:00,,,Y,Control,False,M,discrimination,DISC,2026-08-27,17:40,20:10,ZT 19:40,ZT 22:10,57,66,ABCD,A,Anise,NW,A,Anise,True,False,False,,65.0,4,4321,"SE,SW,NE,NW","D,C,B,A",1,1,1,1,0,0,0,0,groom,5,52,8.0,False
Example_Animal_04,example_animal_04_four_choice.xlsx,JAX C57,,,Control,WT,unknown,,N/A,JAX,N/A,Y,,Shipped,N/A,N,M,N,"UC Berkeley, Wilbrecht Lab",Aspen,Dark,Bioserv,20.0,Kaytee,,Albert Ader,12:12:00,Y,Y,Y,22:00,,,Y,Control,False,M,recall,RECALL,2026-08-28,18:14,19:40,ZT 20:14,ZT 21:40,1,10,ABCD,Omit,Omit,,A,Anise,False,False,True,Omission,180.0,28,4213414312432412421324134242,"SE,NE,NW,SW,SE,NW,SE,SW,NW,NE,SE,SW,NE,SE,NW,NE,SE,NE,NW,SW,NE,SE,NW,SW,SE,NE,SE,NE","D,B,A,C,D,A,D,C,A,B,D,C,B,D,A,B,D,B,A,C,B,D,A,C,D,B,D,B",6,8,5,9,0,0,0,0,,0,0,,False
Example_Animal_04,example_animal_04_four_choice.xlsx,JAX C57,,,Control,WT,unknown,,N/A,JAX,N/A,Y,,Shipped,N/A,N,M,N,"UC Berkeley, Wilbrecht Lab",Aspen,Dark,Bioserv,20.0,Kaytee,,Albert Ader,12:12:00,Y,Y,Y,22:00,,,Y,Control,False,M,recall,RECALL,2026-08-28,18:14,19:40,ZT 20:14,ZT 21:40,2,11,BCDA,Omit,Omit,,A,Anise,False,False,True,Omission,180.0,22,2413142241243134242423,"NE,SE,NW,SW,NW,SE,NE,NE,SE,NW,NE,SE,SW,NW,SW,SE,NE,SE,NE,SE,NE,SW","C,A,B,D,B,A,C,C,A,B,C,A,D,B,D,A,C,A,C,A,C,D",7,4,7,4,0,0,0,0,,0,0,,False
Example_Animal_04,example_animal_04_four_choice.xlsx,JAX C57,,,Control,WT,unknown,,N/A,JAX,N/A,Y,,Shipped,N/A,N,M,N,"UC Berkeley, Wilbrecht Lab",Aspen,Dark,Bioserv,20.0,Kaytee,,Albert Ader,12:12:00,Y,Y,Y,22:00,,,Y,Control,False,M,recall,RECALL,2026-08-28,18:14,19:40,ZT 20:14,ZT 21:40,3,12,CDAB,A,Anise,SW,A,Anise,True,False,False,,19.0,4,2313,"NE,SW,NW,SW","D,A,C,A",2,0,1,1,0,0,0,0,,1,1,,False
Example_Animal_04,example_animal_04_four_choice.xlsx,JAX C57,,,Control,WT,unknown,,N/A,JAX,N/A,Y,,Shipped,N/A,N,M,N,"UC Berkeley, Wilbrecht Lab",Aspen,Dark,Bioserv,20.0,Kaytee,,Albert Ader,12:12:00,Y,Y,Y,22:00,,,Y,Control,False,M,recall,RECALL,2026-08-28,18:14,19:40,ZT 20:14,ZT 21:40,4,13,DABC,A,Anise,NE,A,Anise,True,False,False,,20.0,4,4212,"SE,NE,NW,NE","C,A,D,A",2,0,1,1,0,0,0,0,,2,2,,False
Example_Animal_04,example_animal_04_four_choice.xlsx,JAX C57,,,Control,WT,unknown,,N/A,JAX,N/A,Y,,Shipped,N/A,N,M,N,"UC Berkeley, Wilbrecht Lab",Aspen,Dark,Bioserv,20.0,Kaytee,,Albert Ader,12:12:00,Y,Y,Y,22:00,,,Y,Control,False,M,recall,RECALL,2026-08-28,18:14,19:40,ZT 20:14,ZT 21:40,5,14,ABCD,A,Anise,NW,A,Anise,True,False,False,,98.0,12,313421213121,"SW,NW,SW,SE,NE,NW,NE,NW,SW,NW,NE,NW","C,A,C,D,B,A,B,A,C,A,B,A",5,3,3,1,0,0,0,0,,3,3,,False
Example_Animal_04,example_animal_04_four_choice.xlsx,JAX C57,,,Control,WT,unknown,,N/A,JAX,N/A,Y,,Shipped,N/A,N,M,N,"UC Berkeley, Wilbrecht Lab",Aspen,Dark,Bioserv,20.0,Kaytee,,Albert Ader,12:12:00,Y,Y,Y,22:00,,,Y,Control,False,M,recall,RECALL,2026-08-28,18:14,19:40,ZT 20:14,ZT 21:40,6,15,BCDA,A,Anise,SE,A,Anise,True,False,False,,34.0,3,434,"SE,SW,SE","A,D,A",2,0,0,1,0,0,0,0,,4,4,,False
Example_Animal_04,example_animal_04_four_choice.xlsx,JAX C57,,,Control,WT,unknown,,N/A,JAX,N/A,Y,,Shipped,N/A,N,M,N,"UC Berkeley, Wilbrecht Lab",Aspen,Dark,Bioserv,20.0,Kaytee,,Albert Ader,12:12:00,Y,Y,Y,22:00,,,Y,Control,False,M,recall,RECALL,2026-08-28,18:14,19:40,ZT 20:14,ZT 21:40,7,16,CDAB,C,Lemon,NW,A,Anise,False,True,False,C_error,10.0,2,21,"NE,NW","D,C",0,0,1,1,0,0,0,0,,0,5,,False
Example_Animal_04,example_animal_04_four_choice.xlsx,JAX C57,,,Control,WT,unknown,,N/A,JAX,N/A,Y,,Shipped,N/A,N,M,N,"UC Berkeley, Wilbrecht Lab",Aspen,Dark,Bioserv,20.0,Kaytee,,Albert Ader,12:12:00,Y,Y,Y,22:00,,,Y,Control,False,M,recall,RECALL,2026-08-28,18:14,19:40,ZT 20:14,ZT 21:40,8,17,DABC,A,Anise,NE,A,Anise,True,False,False,,81.0,10,1214434212,"NW,NE,NW,SE,SE,SW,SE,NE,NW,NE","D,A,D,C,C,B,C,A,D,A",3,1,3,3,0,0,0,0,,1,6,,False
Example_Animal_04,example_animal_04_four_choice.xlsx,JAX C57,,,Control,WT,unknown,,N/A,JAX,N/A,Y,,Shipped,N/A,N,M,N,"UC Berkeley, Wilbrecht Lab",Aspen,Dark,Bioserv,20.0,Kaytee,,Albert Ader,12:12:00,Y,Y,Y,22:00,,,Y,Control,False,M,recall,RECALL,2026-08-28,18:14,19:40,ZT 20:14,ZT 21:40,9,18,ABCD,A,Anise,NW,A,Anise,True,False,False,,19.0,5,22421,"NE,NE,SE,NE,NW","B,B,D,B,A",1,3,0,1,0,0,0,0,,2,7,,False
Example_Animal_04,example_animal_04_four_choice.xlsx,JAX C57,,,Control,WT,unknown,,N/A,JAX,N/A,Y,,Shipped,N/A,N,M,N,"UC Berkeley, Wilbrecht Lab",Aspen,Dark,Bioserv,20.0,Kaytee,,Albert Ader,12:12:00,Y,Y,Y,22:00,,,Y,Control,False,M,recall,RECALL,2026-08-28,18:14,19:40,ZT 20:14,ZT 21:40,10,19,BCDA,C,Lemon,NE,A,Anise,False,True,False,C_error,66.0,6,341212,"SW,SE,NW,NE,NW,NE","D,A,B,C,B,C",1,2,2,1,0,0,0,0,,0,8,,False
Example_Animal_04,example_animal_04_four_choice.xlsx,JAX C57,,,Control,WT,unknown,,N/A,JAX,N/A,Y,,Shipped,N/A,N,M,N,"UC Berkeley, Wilbrecht Lab",Aspen,Dark,Bioserv,20.0,Kaytee,,Albert Ader,12:12:00,Y,Y,Y,22:00,,,Y,Control,False,M,recall,RECALL,2026-08-28,18:14,19:40,ZT 20:14,ZT 21:40,11,20,CDAB,A,Anise,SW,A,Anise,True,False,False,,16.0,2,43,"SE,SW","B,A",1,1,0,0,0,0,0,0,,1,9,,False
Example_Animal_04,example_animal_04_four_choice.xlsx,JAX C57,,,Control,WT,unknown,,N/A,JAX,N/A,Y,,Shipped,N/A,N,M,N,"UC Berkeley, Wilbrecht Lab",Aspen,Dark,Bioserv,20.0,Kaytee,,Albert Ader,12:12:00,Y,Y,Y,22:00,,,Y,Control,False,M,recall,RECALL,2026-08-28,18:14,19:40,ZT 20:14,ZT 21:40,12,21,DABC,D,Vanilla,NW,A,Anise,False,True,False,D_error,18.0,2,31,"SW,NW","B,D",0,1,0,1,0,0,0,0,,0,10,7.0,False
Example_Animal_04,example_animal_04_four_choice.xlsx,JAX C57,,,Control,WT,unknown,,N/A,JAX,N/A,Y,,Shipped,N/A,N,M,N,"UC Berkeley, Wilbrecht Lab",Aspen,Dark,Bioserv,20.0,Kaytee,,Albert Ader,12:12:00,Y,Y,Y,22:00,,,Y,Control,False,M,recall,RECALL,2026-08-28,18:14,19:40,ZT 20:14,ZT 21:40,13,22,ABCD,B,Cinnamon,NE,A,Anise,False,True,False,B_error,7.0,1,2,NE,B,0,1,0,0,0,0,0,0,,0,11,6.0,False
Example_Animal_04,example_animal_04_four_choice.xlsx,JAX C57,,,Control,WT,unknown,,N/A,JAX,N/A,Y,,Shipped,N/A,N,M,N,"UC Berkeley, Wilbrecht Lab",Aspen,Dark,Bioserv,20.0,Kaytee,,Albert Ader,12:12:00,Y,Y,Y,22:00,,,Y,Control,False,M,recall,RECALL,2026-08-28,18:14,19:40,ZT 20:14,ZT 21:40,14,23,BCDA,A,Anise,SE,A,Anise,True,False,False,,17.0,3,214,"NE,NW,SE","C,B,A",1,1,1,0,0,0,0,0,,1,12,6.0,False
Example_Animal_04,example_animal_04_four_choice.xlsx,JAX C57,,,Control,WT,unknown,,N/A,JAX,N/A,Y,,Shipped,N/A,N,M,N,"UC Berkeley, Wilbrecht Lab",Aspen,Dark,Bioserv,20.0,Kaytee,,Albert Ader,12:12:00,Y,Y,Y,22:00,,,Y,Control,False,M,recall,RECALL,2026-08-28,18:14,19:40,ZT 20:14,ZT 21:40,15,24,CDAB,A,Anise,SW,A,Anise,True,False,False,,9.0,2,13,"NW,SW","C,A",1,0,1,0,0,0,0,0,,2,13,6.0,False
Example_Animal_04,example_animal_04_four_choice.xlsx,JAX C57,,,Control,WT,unknown,,N/A,JAX,N/A,Y,,Shipped,N/A,N,M,N,"UC Berkeley, Wilbrecht Lab",Aspen,Dark,Bioserv,20.0,Kaytee,,Albert Ader,12:12:00,Y,Y,Y,22:00,,,Y,Control,False,M,recall,RECALL,2026-08-28,18:14,19:40,ZT 20:14,ZT 21:40,16,25,DABC,A,Anise,NE,A,Anise,True,False,False,,24.0,2,42,"SE,NE","C,A",1,0,1,0,0,0,0,0,,3,14,6.0,False
Example_Animal_04,example_animal_04_four_choice.xlsx,JAX C57,,,Control,WT,unknown,,N/A,JAX,N/A,Y,,Shipped,N/A,N,M,N,"UC Berkeley, Wilbrecht Lab",Aspen,Dark,Bioserv,20.0,Kaytee,,Albert Ader,12:12:00,Y,Y,Y,22:00,,,Y,Control,False,M,recall,RECALL,2026-08-28,18:14,19:40,ZT 20:14,ZT 21:40,17,26,ABCD,B,Cinnamon,NE,A,Anise,False,True,False,B_error,5.0,2,42,"SE,NE","D,B",0,1,0,1,0,0,0,0,,0,15,6.0,False
Example_Animal_04,example_animal_04_four_choice.xlsx,JAX C57,,,Control,WT,unknown,,N/A,JAX,N/A,Y,,Shipped,N/A,N,M,N,"UC Berkeley, Wilbrecht Lab",Aspen,Dark,Bioserv,20.0,Kaytee,,Albert Ader,12:12:00,Y,Y,Y,22:00,,,Y,Control,False,M,recall,RECALL,2026-08-28,18:14,19:40,ZT 20:14,ZT 21:40,18,27,BCDA,A,Anise,SE,A,Anise,True,False,False,,13.0,2,14,"NW,SE","B,A",1,1,0,0,0,0,0,0,,1,16,6.0,False
Example_Animal_04,example_animal_04_four_choice.xlsx,JAX C57,,,Control,WT,unknown,,N/A,JAX,N/A,Y,,Shipped,N/A,N,M,N,"UC Berkeley, Wilbrecht Lab",Aspen,Dark,Bioserv,20.0,Kaytee,,Albert Ader,12:12:00,Y,Y,Y,22:00,,,Y,Control,False,M,recall,RECALL,2026-08-28,18:14,19:40,ZT 20:14,ZT 21:40,19,28,CDAB,Omit,Omit,,A,Anise,False,False,True,Omission,180.0,24,212124242343424321221443,"NE,NW,NE,NW,NE,SE,NE,SE,NE,SW,SE,SW,SE,NE,SE,SW,NE,NW,NE,NE,NW,SE,SE,SW","D,C,D,C,D,B,D,B,D,A,B,A,B,D,B,A,D,C,D,D,C,B,B,A",4,7,4,9,0,0,0,0,,0,16,6.0,False
Example_Animal_04,example_animal_04_four_choice.xlsx,JAX C57,,,Control,WT,unknown,,N/A,JAX,N/A,Y,,Shipped,N/A,N,M,N,"UC Berkeley, Wilbrecht Lab",Aspen,Dark,Bioserv,20.0,Kaytee,,Albert Ader,12:12:00,Y,Y,Y,22:00,,,Y,Control,False,M,recall,RECALL,2026-08-28,18:14,19:40,ZT 20:14,ZT 21:40,20,29,DABC,B,Cinnamon,SW,A,Anise,False,True,False,B_error,5.0,2,43,"SE,SW","C,B",0,1,1,0,0,0,0,0,,0,17,5.0,False
Example_Animal_04,example_animal_04_four_choice.xlsx,JAX C57,,,Control,WT,unknown,,N/A,JAX,N/A,Y,,Shipped,N/A,N,M,N,"UC Berkeley, Wilbrecht Lab",Aspen,Dark,Bioserv,20.0,Kaytee,,Albert Ader,12:12:00,Y,Y,Y,22:00,,,Y,Control,False,M,recall,RECALL,2026-08-28,18:14,19:40,ZT 20:14,ZT 21:40,21,30,ABCD,B,Cinnamon,NE,A,Anise,False,True,False,B_error,4.0,1,2,NE,B,0,1,0,0,0,0,0,0,,0,18,5.0,False
Example_Animal_04,example_animal_04_four_choice.xlsx,JAX C57,,,Control,WT,unknown,,N/A,JAX,N/A,Y,,Shipped,N/A,N,M,N,"UC Berkeley, Wilbrecht Lab",Aspen,Dark,Bioserv,20.0,Kaytee,,Albert Ader,12:12:00,Y,Y,Y,22:00,,,Y,Control,False,M,recall,RECALL,2026-08-28,18:14,19:40,ZT 20:14,ZT 21:40,22,31,BCDA,B,Cinnamon,NW,A,Anise,False,True,False,B_error,6.0,1,1,NW,B,0,1,0,0,0,0,0,0,,0,19,4.0,False
Example_Animal_04,example_animal_04_four_choice.xlsx,JAX C57,,,Control,WT,unknown,,N/A,JAX,N/A,Y,,Shipped,N/A,N,M,N,"UC Berkeley, Wilbrecht Lab",Aspen,Dark,Bioserv,20.0,Kaytee,,Albert Ader,12:12:00,Y,Y,Y,22:00,,,Y,Control,False,M,recall,RECALL,2026-08-28,18:14,19:40,ZT 20:14,ZT 21:40,23,32,CDAB,A,Anise,SW,A,Anise,True,False,False,,12.0,2,13,"NW,SW","C,A",1,0,1,0,0,0,0,0,,1,20,5.0,False
Example_Animal_04,example_animal_04_four_choice.xlsx,JAX C57,,,Control,WT,unknown,,N/A,JAX,N/A,Y,,Shipped,N/A,N,M,N,"UC Berkeley, Wilbrecht Lab",Aspen,Dark,Bioserv,20.0,Kaytee,,Albert Ader,12:12:00,Y,Y,Y,22:00,,,Y,Control,False,M,recall,RECALL,2026-08-28,18:14,19:40,ZT 20:14,ZT 21:40,24,33,DABC,A,Anise,NE,A,Anise,True,False,False,,24.0,4,4342,"SE,SW,SE,NE","C,B,C,A",1,1,2,0,0,0,0,0,,2,21,6.0,False
Example_Animal_04,example_animal_04_four_choice.xlsx,JAX C57,,,Control,WT,unknown,,N/A,JAX,N/A,Y,,Shipped,N/A,N,M,N,"UC Berkeley, Wilbrecht Lab",Aspen,Dark,Bioserv,20.0,Kaytee,,Albert Ader,12:12:00,Y,Y,Y,22:00,,,Y,Control,False,M,recall,RECALL,2026-08-28,18:14,19:40,ZT 20:14,ZT 21:40,25,34,ABCD,A,Anise,NW,A,Anise,True,False,False,,6.0,2,21,"NE,NW","B,A",1,1,0,0,0,0,0,0,,3,22,6.0,False
Example_Animal_04,example_animal_04_four_choice.xlsx,JAX C57,,,Control,WT,unknown,,N/A,JAX,N/A,Y,,Shipped,N/A,N,M,N,"UC Berkeley, Wilbrecht Lab",Aspen,Dark,Bioserv,20.0,Kaytee,,Albert Ader,12:12:00,Y,Y,Y,22:00,,,Y,Control,False,M,recall,RECALL,2026-08-28,18:14,19:40,ZT 20:14,ZT 21:40,26,35,BCDA,A,Anise,SE,A,Anise,True,False,False,,5.0,1,4,SE,A,1,0,0,0,0,0,0,0,,4,23,6.0,False
Example_Animal_04,example_animal_04_four_choice.xlsx,JAX C57,,,Control,WT,unknown,,N/A,JAX,N/A,Y,,Shipped,N/A,N,M,N,"UC Berkeley, Wilbrecht Lab",Aspen,Dark,Bioserv,20.0,Kaytee,,Albert Ader,12:12:00,Y,Y,Y,22:00,,,Y,Control,False,M,recall,RECALL,2026-08-28,18:14,19:40,ZT 20:14,ZT 21:40,27,36,CDAB,C,Lemon,NW,A,Anise,False,True,False,C_error,47.0,7,1212141,"NW,NE,NW,NE,NW,SE,NW","C,D,C,D,C,B,C",0,1,4,2,0,0,0,0,,0,24,5.0,False
Example_Animal_04,example_animal_04_four_choice.xlsx,JAX C57,,,Control,WT,unknown,,N/A,JAX,N/A,Y,,Shipped,N/A,N,M,N,"UC Berkeley, Wilbrecht Lab",Aspen,Dark,Bioserv,20.0,Kaytee,,Albert Ader,12:12:00,Y,Y,Y,22:00,,,Y,Control,False,M,recall,RECALL,2026-08-28,18:14,19:40,ZT 20:14,ZT 21:40,28,37,DABC,Omit,Omit,,A,Anise,False,False,True,Omission,180.0,28,3424214342421343424234214241,"SW,SE,NE,SE,NE,NW,SE,SW,SE,NE,SE,NE,NW,SW,SE,SW,SE,NE,SE,NE,SW,SE,NE,NW,SE,NE,SE,NW","B,C,A,C,A,D,C,B,C,A,C,A,D,B,C,B,C,A,C,A,B,C,A,D,C,A,C,D",8,5,11,4,0,0,0,0,,0,24,5.0,False
Example_Animal_04,example_animal_04_four_choice.xlsx,JAX C57,,,Control,WT,unknown,,N/A,JAX,N/A,Y,,Shipped,N/A,N,M,N,"UC Berkeley, Wilbrecht Lab",Aspen,Dark,Bioserv,20.0,Kaytee,,Albert Ader,12:12:00,Y,Y,Y,22:00,,,Y,Control,False,M,recall,RECALL,2026-08-28,18:14,19:40,ZT 20:14,ZT 21:40,29,38,ABCD,A,Anise,NW,A,Anise,True,False,False,,125.0,17,32421342134242124,"SW,NE,SE,NE,NW,SW,SE,NE,NW,SW,SE,NE,SE,NE,NW,NE,SE","C,B,D,B,A,C,D,B,A,C,D,B,D,B,A,B,D",3,6,3,5,0,0,0,0,,1,25,6.0,False
Example_Animal_04,example_animal_04_four_choice.xlsx,JAX C57,,,Control,WT,unknown,,N/A,JAX,N/A,Y,,Shipped,N/A,N,M,N,"UC Berkeley, Wilbrecht Lab",Aspen,Dark,Bioserv,20.0,Kaytee,,Albert Ader,12:12:00,Y,Y,Y,22:00,,,Y,Control,False,M,recall,RECALL,2026-08-28,18:14,19:40,ZT 20:14,ZT 21:40,30,39,BCDA,A,Anise,SE,A,Anise,True,False,False,,20.0,3,134,"NW,SW,SE","B,D,A",1,1,0,1,0,0,0,0,small dig in D,2,26,6.0,False
Example_Animal_04,example_animal_04_four_choice.xlsx,JAX C57,,,Control,WT,unknown,,N/A,JAX,N/A,Y,,Shipped,N/A,N,M,N,"UC Berkeley, Wilbrecht Lab",Aspen,Dark,Bioserv,20.0,Kaytee,,Albert Ader,12:12:00,Y,Y,Y,22:00,,,Y,Control,False,M,recall,RECALL,2026-08-28,18:14,19:40,ZT 20:14,ZT 21:40,31,40,CDAB,C,Lemon,NW,A,Anise,False,True,False,C_error,40.0,9,434212421,"SE,SW,SE,NE,NW,NE,SE,NE,NW","B,A,B,D,C,D,B,D,C",1,3,2,3,0,0,0,0,,0,27,6.0,False
Example_Animal_04,example_animal_04_four_choice.xlsx,JAX C57,,,Control,WT,unknown,,N/A,JAX,N/A,Y,,Shipped,N/A,N,M,N,"UC Berkeley, Wilbrecht Lab",Aspen,Dark,Bioserv,20.0,Kaytee,,Albert Ader,12:12:00,Y,Y,Y,22:00,,,Y,Control,False,M,recall,RECALL,2026-08-28,18:14,19:40,ZT 20:14,ZT 21:40,32,41,DABC,A,Anise,NE,A,Anise,True,False,False,,99.0,7,1434242,"NW,SE,SW,SE,NE,SE,NE","D,C,B,C,A,C,A",2,1,3,1,0,0,0,0,groom,1,28,7.0,False
Example_Animal_04,example_animal_04_four_choice.xlsx,JAX C57,,,Control,WT,unknown,,N/A,JAX,N/A,Y,,Shipped,N/A,N,M,N,"UC Berkeley, Wilbrecht Lab",Aspen,Dark,Bioserv,20.0,Kaytee,,Albert Ader,12:12:00,Y,Y,Y,22:00,,,Y,Control,False,M,recall,RECALL,2026-08-28,18:14,19:40,ZT 20:14,ZT 21:40,33,42,ABCD,B,Cinnamon,NE,A,Anise,False,True,False,B_error,15.0,4,4242,"SE,NE,SE,NE","D,B,D,B",0,2,0,2,0,0,0,0,,0,29,7.0,False
Example_Animal_04,example_animal_04_four_choice.xlsx,JAX C57,,,Control,WT,unknown,,N/A,JAX,N/A,Y,,Shipped,N/A,N,M,N,"UC Berkeley, Wilbrecht Lab",Aspen,Dark,Bioserv,20.0,Kaytee,,Albert Ader,12:12:00,Y,Y,Y,22:00,,,Y,Control,False,M,recall,RECALL,2026-08-28,18:14,19:40,ZT 20:14,ZT 21:40,34,43,BCDA,A,Anise,SE,A,Anise,True,False,False,,15.0,4,2134,"NE,NW,SW,SE","C,B,D,A",1,1,1,1,0,0,0,0,,1,30,7.0,False
Example_Animal_04,example_animal_04_four_choice.xlsx,JAX C57,,,Control,WT,unknown,,N/A,JAX,N/A,Y,,Shipped,N/A,N,M,N,"UC Berkeley, Wilbrecht Lab",Aspen,Dark,Bioserv,20.0,Kaytee,,Albert Ader,12:12:00,Y,Y,Y,22:00,,,Y,Control,False,M,recall,RECALL,2026-08-28,18:14,19:40,ZT 20:14,ZT 21:40,35,44,CDAB,A,Anise,SW,A,Anise,True,False,False,,2.0,1,3,SW,A,1,0,0,0,0,0,0,0,,2,31,7.0,False
Example_Animal_04,example_animal_04_four_choice.xlsx,JAX C57,,,Control,WT,unknown,,N/A,JAX,N/A,Y,,Shipped,N/A,N,M,N,"UC Berkeley, Wilbrecht Lab",Aspen,Dark,Bioserv,20.0,Kaytee,,Albert Ader,12:12:00,Y,Y,Y,22:00,,,Y,Control,False,M,recall,RECALL,2026-08-28,18:14,19:40,ZT 20:14,ZT 21:40,36,45,DABC,A,Anise,NE,A,Anise,True,False,False,,3.0,1,2,NE,A,1,0,0,0,0,0,0,0,,3,32,7.0,False
Example_Animal_04,example_animal_04_four_choice.xlsx,JAX C57,,,Control,WT,unknown,,N/A,JAX,N/A,Y,,Shipped,N/A,N,M,N,"UC Berkeley, Wilbrecht Lab",Aspen,Dark,Bioserv,20.0,Kaytee,,Albert Ader,12:12:00,Y,Y,Y,22:00,,,Y,Control,False,M,recall,RECALL,2026-08-28,18:14,19:40,ZT 20:14,ZT 21:40,37,46,ABCD,A,Anise,NW,A,Anise,True,False,False,,10.0,2,41,"SE,NW","D,A",1,0,0,1,0,0,0,0,,4,33,7.0,False
Example_Animal_04,example_animal_04_four_choice.xlsx,JAX C57,,,Control,WT,unknown,,N/A,JAX,N/A,Y,,Shipped,N/A,N,M,N,"UC Berkeley, Wilbrecht Lab",Aspen,Dark,Bioserv,20.0,Kaytee,,Albert Ader,12:12:00,Y,Y,Y,22:00,,,Y,Control,False,M,recall,RECALL,2026-08-28,18:14,19:40,ZT 20:14,ZT 21:40,38,47,BCDA,A,Anise,SE,A,Anise,True,False,False,,3.0,1,4,SE,A,1,0,0,0,0,0,0,0,,5,34,8.0,False
Example_Animal_04,example_animal_04_four_choice.xlsx,JAX C57,,,Control,WT,unknown,,N/A,JAX,N/A,Y,,Shipped,N/A,N,M,N,"UC Berkeley, Wilbrecht Lab",Aspen,Dark,Bioserv,20.0,Kaytee,,Albert Ader,12:12:00,Y,Y,Y,22:00,,,Y,Control,False,M,reversal,REV,2026-08-28,19:48,21:12,ZT 21:48,ZT 23:12,1,10,ABCD,D,Mint,SE,B,Cinnamon,False,True,False,Novel,25.0,2,34,"SW,SE","C,D",0,0,1,1,0,0,0,0,,0,1,,False
Example_Animal_04,example_animal_04_four_choice.xlsx,JAX C57,,,Control,WT,unknown,,N/A,JAX,N/A,Y,,Shipped,N/A,N,M,N,"UC Berkeley, Wilbrecht Lab",Aspen,Dark,Bioserv,20.0,Kaytee,,Albert Ader,12:12:00,Y,Y,Y,22:00,,,Y,Control,False,M,reversal,REV,2026-08-28,19:48,21:12,ZT 21:48,ZT 23:12,2,11,BCDA,D,Mint,SW,B,Cinnamon,False,True,False,Novel,30.0,4,4213,"SE,NE,NW,SW","A,C,B,D",1,1,1,1,0,0,0,0,,0,2,,False
Example_Animal_04,example_animal_04_four_choice.xlsx,JAX C57,,,Control,WT,unknown,,N/A,JAX,N/A,Y,,Shipped,N/A,N,M,N,"UC Berkeley, Wilbrecht Lab",Aspen,Dark,Bioserv,20.0,Kaytee,,Albert Ader,12:12:00,Y,Y,Y,22:00,,,Y,Control,False,M,reversal,REV,2026-08-28,19:48,21:12,ZT 21:48,ZT 23:12,3,12,CDAB,B,Cinnamon,SE,B,Cinnamon,True,False,False,,17.0,3,424,"SE,NE,SE","B,D,B",0,2,0,1,0,0,0,0,,1,3,,True
Example_Animal_04,example_animal_04_four_choice.xlsx,JAX C57,,,Control,WT,unknown,,N/A,JAX,N/A,Y,,Shipped,N/A,N,M,N,"UC Berkeley, Wilbrecht Lab",Aspen,Dark,Bioserv,20.0,Kaytee,,Albert Ader,12:12:00,Y,Y,Y,22:00,,,Y,Control,False,M,reversal,REV,2026-08-28,19:48,21:12,ZT 21:48,ZT 23:12,4,13,DABC,D,Mint,NW,B,Cinnamon,False,True,False,Novel,20.0,3,141,"NW,SE,NW","D,C,D",0,0,1,2,0,0,0,0,,0,4,,True
Example_Animal_04,example_animal_04_four_choice.xlsx,JAX C57,,,Control,WT,unknown,,N/A,JAX,N/A,Y,,Shipped,N/A,N,M,N,"UC Berkeley, Wilbrecht Lab",Aspen,Dark,Bioserv,20.0,Kaytee,,Albert Ader,12:12:00,Y,Y,Y,22:00,,,Y,Control,False,M,reversal,REV,2026-08-28,19:48,21:12,ZT 21:48,ZT 23:12,5,14,ABCD,D,Mint,SE,B,Cinnamon,False,True,False,Novel,4.0,1,4,SE,D,0,0,0,1,0,0,0,0,,0,5,,True
Example_Animal_04,example_animal_04_four_choice.xlsx,JAX C57,,,Control,WT,unknown,,N/A,JAX,N/A,Y,,Shipped,N/A,N,M,N,"UC Berkeley, Wilbrecht Lab",Aspen,Dark,Bioserv,20.0,Kaytee,,Albert Ader,12:12:00,Y,Y,Y,22:00,,,Y,Control,False,M,reversal,REV,2026-08-28,19:48,21:12,ZT 21:48,ZT 23:12,6,15,BCDA,C,Lemon,NE,B,Cinnamon,False,True,False,Irrelevant,3.0,1,2,NE,C,0,0,1,0,0,0,0,0,,0,6,,True
Example_Animal_04,example_animal_04_four_choice.xlsx,JAX C57,,,Control,WT,unknown,,N/A,JAX,N/A,Y,,Shipped,N/A,N,M,N,"UC Berkeley, Wilbrecht Lab",Aspen,Dark,Bioserv,20.0,Kaytee,,Albert Ader,12:12:00,Y,Y,Y,22:00,,,Y,Control,False,M,reversal,REV,2026-08-28,19:48,21:12,ZT 21:48,ZT 23:12,7,16,CDAB,B,Cinnamon,SE,B,Cinnamon,True,False,False,,4.0,1,4,SE,B,0,1,0,0,0,0,0,0,groom after lock,1,7,,True
Example_Animal_04,example_animal_04_four_choice.xlsx,JAX C57,,,Control,WT,unknown,,N/A,JAX,N/A,Y,,Shipped,N/A,N,M,N,"UC Berkeley, Wilbrecht Lab",Aspen,Dark,Bioserv,20.0,Kaytee,,Albert Ader,12:12:00,Y,Y,Y,22:00,,,Y,Control,False,M,reversal,REV,2026-08-28,19:48,21:12,ZT 21:48,ZT 23:12,8,17,DABC,A,Anise,NE,B,Cinnamon,False,True,False,Regressive,23.0,2,42,"SE,NE","C,A",1,0,1,0,0,0,0,0,,0,8,,True
Example_Animal_04,example_animal_04_four_choice.xlsx,JAX C57,,,Control,WT,unknown,,N/A,JAX,N/A,Y,,Shipped,N/A,N,M,N,"UC Berkeley, Wilbrecht Lab",Aspen,Dark,Bioserv,20.0,Kaytee,,Albert Ader,12:12:00,Y,Y,Y,22:00,,,Y,Control,False,M,reversal,REV,2026-08-28,19:48,21:12,ZT 21:48,ZT 23:12,9,18,ABCD,D,Mint,SE,B,Cinnamon,False,True,False,Novel,6.0,2,34,"SW,SE","C,D",0,0,1,1,0,0,0,0,,0,9,,True
Example_Animal_04,example_animal_04_four_choice.xlsx,JAX C57,,,Control,WT,unknown,,N/A,JAX,N/A,Y,,Shipped,N/A,N,M,N,"UC Berkeley, Wilbrecht Lab",Aspen,Dark,Bioserv,20.0,Kaytee,,Albert Ader,12:12:00,Y,Y,Y,22:00,,,Y,Control,False,M,reversal,REV,2026-08-28,19:48,21:12,ZT 21:48,ZT 23:12,10,19,BCDA,A,Anise,SE,B,Cinnamon,False,True,False,Regressive,6.0,2,34,"SW,SE","D,A",1,0,0,1,0,0,0,0,,0,10,2.0,True
Example_Animal_04,example_animal_04_four_choice.xlsx,JAX C57,,,Control,WT,unknown,,N/A,JAX,N/A,Y,,Shipped,N/A,N,M,N,"UC Berkeley, Wilbrecht Lab",Aspen,Dark,Bioserv,20.0,Kaytee,,Albert Ader,12:12:00,Y,Y,Y,22:00,,,Y,Control,False,M,reversal,REV,2026-08-28,19:48,21:12,ZT 21:48,ZT 23:12,11,20,CDAB,B,Cinnamon,SE,B,Cinnamon,True,False,False,,16.0,3,124,"NW,NE,SE","C,D,B",0,1,1,1,0,0,0,0,,1,11,3.0,True
Example_Animal_04,example_animal_04_four_choice.xlsx,JAX C57,,,Control,WT,unknown,,N/A,JAX,N/A,Y,,Shipped,N/A,N,M,N,"UC Berkeley, Wilbrecht Lab",Aspen,Dark,Bioserv,20.0,Kaytee,,Albert Ader,12:12:00,Y,Y,Y,22:00,,,Y,Control,False,M,reversal,REV,2026-08-28,19:48,21:12,ZT 21:48,ZT 23:12,12,21,DABC,B,Cinnamon,SW,B,Cinnamon,True,False,False,,2.0,1,3,SW,B,0,1,0,0,0,0,0,0,,2,12,4.0,True
Example_Animal_04,example_animal_04_four_choice.xlsx,JAX C57,,,Control,WT,unknown,,N/A,JAX,N/A,Y,,Shipped,N/A,N,M,N,"UC Berkeley, Wilbrecht Lab",Aspen,Dark,Bioserv,20.0,Kaytee,,Albert Ader,12:12:00,Y,Y,Y,22:00,,,Y,Control,False,M,reversal,REV,2026-08-28,19:48,21:12,ZT 21:48,ZT 23:12,13,22,ABCD,B,Cinnamon,NE,B,Cinnamon,True,False,False,,6.0,2,42,"SE,NE","D,B",0,1,0,1,0,0,0,0,,3,13,4.0,True
Example_Animal_04,example_animal_04_four_choice.xlsx,JAX C57,,,Control,WT,unknown,,N/A,JAX,N/A,Y,,Shipped,N/A,N,M,N,"UC Berkeley, Wilbrecht Lab",Aspen,Dark,Bioserv,20.0,Kaytee,,Albert Ader,12:12:00,Y,Y,Y,22:00,,,Y,Control,False,M,reversal,REV,2026-08-28,19:48,21:12,ZT 21:48,ZT 23:12,14,23,BCDA,A,Anise,SE,B,Cinnamon,False,True,False,Regressive,3.0,1,4,SE,A,1,0,0,0,0,0,0,0,,0,14,4.0,True
Example_Animal_04,example_animal_04_four_choice.xlsx,JAX C57,,,Control,WT,unknown,,N/A,JAX,N/A,Y,,Shipped,N/A,N,M,N,"UC Berkeley, Wilbrecht Lab",Aspen,Dark,Bioserv,20.0,Kaytee,,Albert Ader,12:12:00,Y,Y,Y,22:00,,,Y,Control,False,M,reversal,REV,2026-08-28,19:48,21:12,ZT 21:48,ZT 23:12,15,24,CDAB,A,Anise,SW,B,Cinnamon,False,True,False,Regressive,3.0,1,3,SW,A,1,0,0,0,0,0,0,0,,0,15,4.0,True
Example_Animal_04,example_animal_04_four_choice.xlsx,JAX C57,,,Control,WT,unknown,,N/A,JAX,N/A,Y,,Shipped,N/A,N,M,N,"UC Berkeley, Wilbrecht Lab",Aspen,Dark,Bioserv,20.0,Kaytee,,Albert Ader,12:12:00,Y,Y,Y,22:00,,,Y,Control,False,M,reversal,REV,2026-08-28,19:48,21:12,ZT 21:48,ZT 23:12,16,25,DABC,B,Cinnamon,SW,B,Cinnamon,True,False,False,,5.0,2,13,"NW,SW","D,B",0,1,0,1,0,0,0,0,,1,16,5.0,True
Example_Animal_04,example_animal_04_four_choice.xlsx,JAX C57,,,Control,WT,unknown,,N/A,JAX,N/A,Y,,Shipped,N/A,N,M,N,"UC Berkeley, Wilbrecht Lab",Aspen,Dark,Bioserv,20.0,Kaytee,,Albert Ader,12:12:00,Y,Y,Y,22:00,,,Y,Control,False,M,reversal,REV,2026-08-28,19:48,21:12,ZT 21:48,ZT 23:12,17,26,ABCD,D,Mint,SE,B,Cinnamon,False,True,False,Novel,5.0,1,4,SE,D,0,0,0,1,0,0,0,0,,0,17,4.0,True
Example_Animal_04,example_animal_04_four_choice.xlsx,JAX C57,,,Control,WT,unknown,,N/A,JAX,N/A,Y,,Shipped,N/A,N,M,N,"UC Berkeley, Wilbrecht Lab",Aspen,Dark,Bioserv,20.0,Kaytee,,Albert Ader,12:12:00,Y,Y,Y,22:00,,,Y,Control,False,M,reversal,REV,2026-08-28,19:48,21:12,ZT 21:48,ZT 23:12,18,27,BCDA,A,Anise,SE,B,Cinnamon,False,True,False,Regressive,4.0,1,4,SE,A,1,0,0,0,0,0,0,0,,0,18,4.0,True
Example_Animal_04,example_animal_04_four_choice.xlsx,JAX C57,,,Control,WT,unknown,,N/A,JAX,N/A,Y,,Shipped,N/A,N,M,N,"UC Berkeley, Wilbrecht Lab",Aspen,Dark,Bioserv,20.0,Kaytee,,Albert Ader,12:12:00,Y,Y,Y,22:00,,,Y,Control,False,M,reversal,REV,2026-08-28,19:48,21:12,ZT 21:48,ZT 23:12,19,28,CDAB,B,Cinnamon,SE,B,Cinnamon,True,False,False,,4.0,1,4,SE,B,0,1,0,0,0,0,0,0,,1,19,5.0,True
Example_Animal_04,example_animal_04_four_choice.xlsx,JAX C57,,,Control,WT,unknown,,N/A,JAX,N/A,Y,,Shipped,N/A,N,M,N,"UC Berkeley, Wilbrecht Lab",Aspen,Dark,Bioserv,20.0,Kaytee,,Albert Ader,12:12:00,Y,Y,Y,22:00,,,Y,Control,False,M,reversal,REV,2026-08-28,19:48,21:12,ZT 21:48,ZT 23:12,20,29,DABC,B,Cinnamon,SW,B,Cinnamon,True,False,False,,3.0,1,3,SW,B,0,1,0,0,0,0,0,0,,2,20,6.0,True
Example_Animal_04,example_animal_04_four_choice.xlsx,JAX C57,,,Control,WT,unknown,,N/A,JAX,N/A,Y,,Shipped,N/A,N,M,N,"UC Berkeley, Wilbrecht Lab",Aspen,Dark,Bioserv,20.0,Kaytee,,Albert Ader,12:12:00,Y,Y,Y,22:00,,,Y,Control,False,M,reversal,REV,2026-08-28,19:48,21:12,ZT 21:48,ZT 23:12,21,30,ABCD,B,Cinnamon,NE,B,Cinnamon,True,False,False,,5.0,1,2,NE,B,0,1,0,0,0,0,0,0,,3,21,6.0,True
Example_Animal_04,example_animal_04_four_choice.xlsx,JAX C57,,,Control,WT,unknown,,N/A,JAX,N/A,Y,,Shipped,N/A,N,M,N,"UC Berkeley, Wilbrecht Lab",Aspen,Dark,Bioserv,20.0,Kaytee,,Albert Ader,12:12:00,Y,Y,Y,22:00,,,Y,Control,False,M,reversal,REV,2026-08-28,19:48,21:12,ZT 21:48,ZT 23:12,22,31,BCDA,A,Anise,SE,B,Cinnamon,False,True,False,Regressive,6.0,1,4,SE,A,1,0,0,0,0,0,0,0,,0,22,5.0,True
Example_Animal_04,example_animal_04_four_choice.xlsx,JAX C57,,,Control,WT,unknown,,N/A,JAX,N/A,Y,,Shipped,N/A,N,M,N,"UC Berkeley, Wilbrecht Lab",Aspen,Dark,Bioserv,20.0,Kaytee,,Albert Ader,12:12:00,Y,Y,Y,22:00,,,Y,Control,False,M,reversal,REV,2026-08-28,19:48,21:12,ZT 21:48,ZT 23:12,23,32,CDAB,D,Mint,NE,B,Cinnamon,False,True,False,Novel,20.0,1,2,NE,D,0,0,0,1,0,0,0,0,,0,23,4.0,True
Example_Animal_04,example_animal_04_four_choice.xlsx,JAX C57,,,Control,WT,unknown,,N/A,JAX,N/A,Y,,Shipped,N/A,N,M,N,"UC Berkeley, Wilbrecht Lab",Aspen,Dark,Bioserv,20.0,Kaytee,,Albert Ader,12:12:00,Y,Y,Y,22:00,,,Y,Control,False,M,reversal,REV,2026-08-28,19:48,21:12,ZT 21:48,ZT 23:12,24,33,DABC,B,Cinnamon,SW,B,Cinnamon,True,False,False,,3.0,1,3,SW,B,0,1,0,0,0,0,0,0,,1,24,5.0,True
Example_Animal_04,example_animal_04_four_choice.xlsx,JAX C57,,,Control,WT,unknown,,N/A,JAX,N/A,Y,,Shipped,N/A,N,M,N,"UC Berkeley, Wilbrecht Lab",Aspen,Dark,Bioserv,20.0,Kaytee,,Albert Ader,12:12:00,Y,Y,Y,22:00,,,Y,Control,False,M,reversal,REV,2026-08-28,19:48,21:12,ZT 21:48,ZT 23:12,25,34,ABCD,B,Cinnamon,NE,B,Cinnamon,True,False,False,,13.0,2,42,"SE,NE","D,B",0,1,0,1,0,0,0,0,,2,25,6.0,True
Example_Animal_04,example_animal_04_four_choice.xlsx,JAX C57,,,Control,WT,unknown,,N/A,JAX,N/A,Y,,Shipped,N/A,N,M,N,"UC Berkeley, Wilbrecht Lab",Aspen,Dark,Bioserv,20.0,Kaytee,,Albert Ader,12:12:00,Y,Y,Y,22:00,,,Y,Control,False,M,reversal,REV,2026-08-28,19:48,21:12,ZT 21:48,ZT 23:12,26,35,BCDA,C,Lemon,NE,B,Cinnamon,False,True,False,Irrelevant,14.0,3,342,"SW,SE,NE","D,A,C",1,0,1,1,0,0,0,0,,0,26,5.0,True
Example_Animal_04,example_animal_04_four_choice.xlsx,JAX C57,,,Control,WT,unknown,,N/A,JAX,N/A,Y,,Shipped,N/A,N,M,N,"UC Berkeley, Wilbrecht Lab",Aspen,Dark,Bioserv,20.0,Kaytee,,Albert Ader,12:12:00,Y,Y,Y,22:00,,,Y,Control,False,M,reversal,REV,2026-08-28,19:48,21:12,ZT 21:48,ZT 23:12,27,36,CDAB,B,Cinnamon,SE,B,Cinnamon,True,False,False,,3.0,1,4,SE,B,0,1,0,0,0,0,0,0,,1,27,6.0,True
Example_Animal_04,example_animal_04_four_choice.xlsx,JAX C57,,,Control,WT,unknown,,N/A,JAX,N/A,Y,,Shipped,N/A,N,M,N,"UC Berkeley, Wilbrecht Lab",Aspen,Dark,Bioserv,20.0,Kaytee,,Albert Ader,12:12:00,Y,Y,Y,22:00,,,Y,Control,False,M,reversal,REV,2026-08-28,19:48,21:12,ZT 21:48,ZT 23:12,28,37,DABC,A,Anise,NE,B,Cinnamon,False,True,False,Regressive,103.0,20,42343422441212124242,"SE,NE,SW,SE,SW,SE,NE,NE,SE,SE,NW,NE,NW,NE,NW,NE,SE,NE,SE,NE","C,A,B,C,B,C,A,A,C,C,D,A,D,A,D,A,C,A,C,A",8,2,7,3,0,0,0,0,climb,0,28,6.0,True
Example_Animal_04,example_animal_04_four_choice.xlsx,JAX C57,,,Control,WT,unknown,,N/A,JAX,N/A,Y,,Shipped,N/A,N,M,N,"UC Berkeley, Wilbrecht Lab",Aspen,Dark,Bioserv,20.0,Kaytee,,Albert Ader,12:12:00,Y,Y,Y,22:00,,,Y,Control,False,M,reversal,REV,2026-08-28,19:48,21:12,ZT 21:48,ZT 23:12,29,38,ABCD,B,Cinnamon,NE,B,Cinnamon,True,False,False,,9.0,2,42,"SE,NE","D,B",0,1,0,1,0,0,0,0,,1,29,6.0,True
Example_Animal_04,example_animal_04_four_choice.xlsx,JAX C57,,,Control,WT,unknown,,N/A,JAX,N/A,Y,,Shipped,N/A,N,M,N,"UC Berkeley, Wilbrecht Lab",Aspen,Dark,Bioserv,20.0,Kaytee,,Albert Ader,12:12:00,Y,Y,Y,22:00,,,Y,Control,False,M,reversal,REV,2026-08-28,19:48,21:12,ZT 21:48,ZT 23:12,30,39,BCDA,C,Lemon,NE,B,Cinnamon,False,True,False,Irrelevant,9.0,2,42,"SE,NE","A,C",1,0,1,0,0,0,0,0,,0,30,5.0,True
Example_Animal_04,example_animal_04_four_choice.xlsx,JAX C57,,,Control,WT,unknown,,N/A,JAX,N/A,Y,,Shipped,N/A,N,M,N,"UC Berkeley, Wilbrecht Lab",Aspen,Dark,Bioserv,20.0,Kaytee,,Albert Ader,12:12:00,Y,Y,Y,22:00,,,Y,Control,False,M,reversal,REV,2026-08-28,19:48,21:12,ZT 21:48,ZT 23:12,31,40,CDAB,A,Anise,SW,B,Cinnamon,False,True,False,Regressive,26.0,2,13,"NW,SW","C,A",1,0,1,0,0,0,0,0,,0,31,4.0,True
Example_Animal_04,example_animal_04_four_choice.xlsx,JAX C57,,,Control,WT,unknown,,N/A,JAX,N/A,Y,,Shipped,N/A,N,M,N,"UC Berkeley, Wilbrecht Lab",Aspen,Dark,Bioserv,20.0,Kaytee,,Albert Ader,12:12:00,Y,Y,Y,22:00,,,Y,Control,False,M,reversal,REV,2026-08-28,19:48,21:12,ZT 21:48,ZT 23:12,32,41,DABC,B,Cinnamon,SW,B,Cinnamon,True,False,False,,92.0,5,42143,"SE,NE,NW,SE,SW","C,A,D,C,B",1,1,2,1,0,0,0,0,groom,1,32,5.0,True
Example_Animal_04,example_animal_04_four_choice.xlsx,JAX C57,,,Control,WT,unknown,,N/A,JAX,N/A,Y,,Shipped,N/A,N,M,N,"UC Berkeley, Wilbrecht Lab",Aspen,Dark,Bioserv,20.0,Kaytee,,Albert Ader,12:12:00,Y,Y,Y,22:00,,,Y,Control,False,M,reversal,REV,2026-08-28,19:48,21:12,ZT 21:48,ZT 23:12,33,42,ABCD,B,Cinnamon,NE,B,Cinnamon,True,False,False,,5.0,1,2,NE,B,0,1,0,0,0,0,0,0,,2,33,6.0,True
Example_Animal_04,example_animal_04_four_choice.xlsx,JAX C57,,,Control,WT,unknown,,N/A,JAX,N/A,Y,,Shipped,N/A,N,M,N,"UC Berkeley, Wilbrecht Lab",Aspen,Dark,Bioserv,20.0,Kaytee,,Albert Ader,12:12:00,Y,Y,Y,22:00,,,Y,Control,False,M,reversal,REV,2026-08-28,19:48,21:12,ZT 21:48,ZT 23:12,34,43,BCDA,B,Cinnamon,NW,B,Cinnamon,True,False,False,,2.0,1,1,NW,B,0,1,0,0,0,0,0,0,,3,34,6.0,True
Example_Animal_04,example_animal_04_four_choice.xlsx,JAX C57,,,Control,WT,unknown,,N/A,JAX,N/A,Y,,Shipped,N/A,N,M,N,"UC Berkeley, Wilbrecht Lab",Aspen,Dark,Bioserv,20.0,Kaytee,,Albert Ader,12:12:00,Y,Y,Y,22:00,,,Y,Control,False,M,reversal,REV,2026-08-28,19:48,21:12,ZT 21:48,ZT 23:12,35,44,CDAB,B,Cinnamon,SE,B,Cinnamon,True,False,False,,2.0,1,4,SE,B,0,1,0,0,0,0,0,0,,4,35,6.0,True
Example_Animal_04,example_animal_04_four_choice.xlsx,JAX C57,,,Control,WT,unknown,,N/A,JAX,N/A,Y,,Shipped,N/A,N,M,N,"UC Berkeley, Wilbrecht Lab",Aspen,Dark,Bioserv,20.0,Kaytee,,Albert Ader,12:12:00,Y,Y,Y,22:00,,,Y,Control,False,M,reversal,REV,2026-08-28,19:48,21:12,ZT 21:48,ZT 23:12,36,45,DABC,B,Cinnamon,SW,B,Cinnamon,True,False,False,,3.0,1,3,SW,B,0,1,0,0,0,0,0,0,,5,36,7.0,True
Example_Animal_04,example_animal_04_four_choice.xlsx,JAX C57,,,Control,WT,unknown,,N/A,JAX,N/A,Y,,Shipped,N/A,N,M,N,"UC Berkeley, Wilbrecht Lab",Aspen,Dark,Bioserv,20.0,Kaytee,,Albert Ader,12:12:00,Y,Y,Y,22:00,,,Y,Control,False,M,reversal,REV,2026-08-28,19:48,21:12,ZT 21:48,ZT 23:12,37,46,ABCD,B,Cinnamon,NE,B,Cinnamon,True,False,False,,20.0,4,3142,"SW,NW,SE,NE","C,A,D,B",1,1,1,1,0,0,0,0,climb,6,37,7.0,True
Example_Animal_04,example_animal_04_four_choice.xlsx,JAX C57,,,Control,WT,unknown,,N/A,JAX,N/A,Y,,Shipped,N/A,N,M,N,"UC Berkeley, Wilbrecht Lab",Aspen,Dark,Bioserv,20.0,Kaytee,,Albert Ader,12:12:00,Y,Y,Y,22:00,,,Y,Control,False,M,reversal,REV,2026-08-28,19:48,21:12,ZT 21:48,ZT 23:12,38,47,BCDA,C,Lemon,NE,B,Cinnamon,False,True,False,Irrelevant,39.0,2,42,"SE,NE","A,C",1,0,1,0,0,0,0,0,,0,38,7.0,True
Example_Animal_04,example_animal_04_four_choice.xlsx,JAX C57,,,Control,WT,unknown,,N/A,JAX,N/A,Y,,Shipped,N/A,N,M,N,"UC Berkeley, Wilbrecht Lab",Aspen,Dark,Bioserv,20.0,Kaytee,,Albert Ader,12:12:00,Y,Y,Y,22:00,,,Y,Control,False,M,reversal,REV,2026-08-28,19:48,21:12,ZT 21:48,ZT 23:12,39,48,CDAB,B,Cinnamon,SE,B,Cinnamon,True,False,False,,8.0,3,124,"NW,NE,SE","C,D,B",0,1,1,1,0,0,0,0,,1,39,7.0,True
Example_Animal_04,example_animal_04_four_choice.xlsx,JAX C57,,,Control,WT,unknown,,N/A,JAX,N/A,Y,,Shipped,N/A,N,M,N,"UC Berkeley, Wilbrecht Lab",Aspen,Dark,Bioserv,20.0,Kaytee,,Albert Ader,12:12:00,Y,Y,Y,22:00,,,Y,Control,False,M,reversal,REV,2026-08-28,19:48,21:12,ZT 21:48,ZT 23:12,40,49,DABC,A,Anise,NE,B,Cinnamon,False,True,False,Regressive,4.0,1,2,NE,A,1,0,0,0,0,0,0,0,,0,40,7.0,True
Example_Animal_04,example_animal_04_four_choice.xlsx,JAX C57,,,Control,WT,unknown,,N/A,JAX,N/A,Y,,Shipped,N/A,N,M,N,"UC Berkeley, Wilbrecht Lab",Aspen,Dark,Bioserv,20.0,Kaytee,,Albert Ader,12:12:00,Y,Y,Y,22:00,,,Y,Control,False,M,reversal,REV,2026-08-28,19:48,21:12,ZT 21:48,ZT 23:12,41,50,ABCD,C,Lemon,SW,B,Cinnamon,False,True,False,Irrelevant,8.0,2,13,"NW,SW","A,C",1,0,1,0,0,0,0,0,,0,41,7.0,True
Example_Animal_04,example_animal_04_four_choice.xlsx,JAX C57,,,Control,WT,unknown,,N/A,JAX,N/A,Y,,Shipped,N/A,N,M,N,"UC Berkeley, Wilbrecht Lab",Aspen,Dark,Bioserv,20.0,Kaytee,,Albert Ader,12:12:00,Y,Y,Y,22:00,,,Y,Control,False,M,reversal,REV,2026-08-28,19:48,21:12,ZT 21:48,ZT 23:12,42,51,BCDA,B,Cinnamon,NW,B,Cinnamon,True,False,False,,3.0,1,1,NW,B,0,1,0,0,0,0,0,0,,1,42,7.0,True
Example_Animal_04,example_animal_04_four_choice.xlsx,JAX C57,,,Control,WT,unknown,,N/A,JAX,N/A,Y,,Shipped,N/A,N,M,N,"UC Berkeley, Wilbrecht Lab",Aspen,Dark,Bioserv,20.0,Kaytee,,Albert Ader,12:12:00,Y,Y,Y,22:00,,,Y,Control,False,M,reversal,REV,2026-08-28,19:48,21:12,ZT 21:48,ZT 23:12,43,52,CDAB,B,Cinnamon,SE,B,Cinnamon,True,False,False,,7.0,2,34,"SW,SE","A,B",1,1,0,0,0,0,0,0,,2,43,7.0,True
Example_Animal_04,example_animal_04_four_choice.xlsx,JAX C57,,,Control,WT,unknown,,N/A,JAX,N/A,Y,,Shipped,N/A,N,M,N,"UC Berkeley, Wilbrecht Lab",Aspen,Dark,Bioserv,20.0,Kaytee,,Albert Ader,12:12:00,Y,Y,Y,22:00,,,Y,Control,False,M,reversal,REV,2026-08-28,19:48,21:12,ZT 21:48,ZT 23:12,44,53,DABC,B,Cinnamon,SW,B,Cinnamon,True,False,False,,2.0,1,3,SW,B,0,1,0,0,0,0,0,0,,3,44,7.0,True
Example_Animal_04,example_animal_04_four_choice.xlsx,JAX C57,,,Control,WT,unknown,,N/A,JAX,N/A,Y,,Shipped,N/A,N,M,N,"UC Berkeley, Wilbrecht Lab",Aspen,Dark,Bioserv,20.0,Kaytee,,Albert Ader,12:12:00,Y,Y,Y,22:00,,,Y,Control,False,M,reversal,REV,2026-08-28,19:48,21:12,ZT 21:48,ZT 23:12,45,54,ABCD,D,Mint,SE,B,Cinnamon,False,True,False,Novel,5.0,2,34,"SW,SE","C,D",0,0,1,1,0,0,0,0,,0,45,6.0,True
Example_Animal_04,example_animal_04_four_choice.xlsx,JAX C57,,,Control,WT,unknown,,N/A,JAX,N/A,Y,,Shipped,N/A,N,M,N,"UC Berkeley, Wilbrecht Lab",Aspen,Dark,Bioserv,20.0,Kaytee,,Albert Ader,12:12:00,Y,Y,Y,22:00,,,Y,Control,False,M,reversal,REV,2026-08-28,19:48,21:12,ZT 21:48,ZT 23:12,46,55,BCDA,B,Cinnamon,NW,B,Cinnamon,True,False,False,,12.0,3,421,"SE,NE,NW","A,C,B",1,1,1,0,0,0,0,0,,1,46,6.0,True
Example_Animal_04,example_animal_04_four_choice.xlsx,JAX C57,,,Control,WT,unknown,,N/A,JAX,N/A,Y,,Shipped,N/A,N,M,N,"UC Berkeley, Wilbrecht Lab",Aspen,Dark,Bioserv,20.0,Kaytee,,Albert Ader,12:12:00,Y,Y,Y,22:00,,,Y,Control,False,M,reversal,REV,2026-08-28,19:48,21:12,ZT 21:48,ZT 23:12,47,56,CDAB,B,Cinnamon,SE,B,Cinnamon,True,False,False,,4.0,2,34,"SW,SE","A,B",1,1,0,0,0,0,0,0,,2,47,6.0,True
Example_Animal_04,example_animal_04_four_choice.xlsx,JAX C57,,,Control,WT,unknown,,N/A,JAX,N/A,Y,,Shipped,N/A,N,M,N,"UC Berkeley, Wilbrecht Lab",Aspen,Dark,Bioserv,20.0,Kaytee,,Albert Ader,12:12:00,Y,Y,Y,22:00,,,Y,Control,False,M,reversal,REV,2026-08-28,19:48,21:12,ZT 21:48,ZT 23:12,48,57,DABC,A,Anise,NE,B,Cinnamon,False,True,False,Regressive,6.0,2,42,"SE,NE","C,A",1,0,1,0,0,0,0,0,,0,48,6.0,True
Example_Animal_04,example_animal_04_four_choice.xlsx,JAX C57,,,Control,WT,unknown,,N/A,JAX,N/A,Y,,Shipped,N/A,N,M,N,"UC Berkeley, Wilbrecht Lab",Aspen,Dark,Bioserv,20.0,Kaytee,,Albert Ader,12:12:00,Y,Y,Y,22:00,,,Y,Control,False,M,reversal,REV,2026-08-28,19:48,21:12,ZT 21:48,ZT 23:12,49,58,ABCD,B,Cinnamon,NE,B,Cinnamon,True,False,False,,4.0,2,42,"SE,NE","D,B",0,1,0,1,0,0,0,0,,1,49,6.0,True
Example_Animal_04,example_animal_04_four_choice.xlsx,JAX C57,,,Control,WT,unknown,,N/A,JAX,N/A,Y,,Shipped,N/A,N,M,N,"UC Berkeley, Wilbrecht Lab",Aspen,Dark,Bioserv,20.0,Kaytee,,Albert Ader,12:12:00,Y,Y,Y,22:00,,,Y,Control,False,M,reversal,REV,2026-08-28,19:48,21:12,ZT 21:48,ZT 23:12,50,59,BCDA,B,Cinnamon,NW,B,Cinnamon,True,False,False,,2.0,1,1,NW,B,0,1,0,0,0,0,0,0,,2,50,7.0,True
Example_Animal_04,example_animal_04_four_choice.xlsx,JAX C57,,,Control,WT,unknown,,N/A,JAX,N/A,Y,,Shipped,N/A,N,M,N,"UC Berkeley, Wilbrecht Lab",Aspen,Dark,Bioserv,20.0,Kaytee,,Albert Ader,12:12:00,Y,Y,Y,22:00,,,Y,Control,False,M,reversal,REV,2026-08-28,19:48,21:12,ZT 21:48,ZT 23:12,51,60,CDAB,B,Cinnamon,SE,B,Cinnamon,True,False,False,,3.0,2,34,"SW,SE","A,B",1,1,0,0,0,0,0,0,,3,51,8.0,True
Example_Animal_05,example_animal_05_four_choice.xlsx,JAX C57,2026-06-30,,Control,WT,unknown,,N/A,JAX,N/A,Y,,Shipped,N/A,N,M,N,"UC Berkeley, Wilbrecht Lab",Aspen,Dark,Bioserv,20.0,Kaytee,,Han-Ning Lu,12:12:00,Y,Y,Y,22:00,,,Y,Control,False,M,discrimination,DISC,2026-09-03,17:34,18:06,ZT 19:34,ZT 20:06,1,10,ABCD,Omit,Omit,,A,Anise,False,False,True,Omission,180.0,29,12341242123431423242414232142,"NW,NE,SW,SE,NW,NE,SE,NE,NW,NE,SW,SE,SW,NW,SE,NE,SW,NE,SE,NE,SE,NW,SE,NE,SW,NE,NW,SE,NE","A,B,C,D,A,B,D,B,A,B,C,D,C,A,D,B,C,B,D,B,D,A,D,B,C,B,A,D,B",6,10,5,8,0,0,0,0,climb,0,0,,False
Example_Animal_05,example_animal_05_four_choice.xlsx,JAX C57,2026-06-30,,Control,WT,unknown,,N/A,JAX,N/A,Y,,Shipped,N/A,N,M,N,"UC Berkeley, Wilbrecht Lab",Aspen,Dark,Bioserv,20.0,Kaytee,,Han-Ning Lu,12:12:00,Y,Y,Y,22:00,,,Y,Control,False,M,discrimination,DISC,2026-09-03,17:34,18:06,ZT 19:34,ZT 20:06,2,11,BCDA,A,Anise,SE,A,Anise,True,False,False,,65.0,14,12324123243414,"NW,NE,SW,NE,SE,NW,NE,SW,NE,SE,SW,SE,NW,SE","B,C,D,C,A,B,C,D,C,A,D,A,B,A",4,3,4,3,0,0,0,0,,1,1,,False
Example_Animal_05,example_animal_05_four_choice.xlsx,JAX C57,2026-06-30,,Control,WT,unknown,,N/A,JAX,N/A,Y,,Shipped,N/A,N,M,N,"UC Berkeley, Wilbrecht Lab",Aspen,Dark,Bioserv,20.0,Kaytee,,Han-Ning Lu,12:12:00,Y,Y,Y,22:00,,,Y,Control,False,M,discrimination,DISC,2026-09-03,17:34,18:06,ZT 19:34,ZT 20:06,3,12,CDAB,A,Anise,SW,A,Anise,True,False,False,,17.0,4,2413,"NE,SE,NW,SW","D,B,C,A",1,1,1,1,0,0,0,0,,2,2,,False
Example_Animal_05,example_animal_05_four_choice.xlsx,JAX C57,2026-06-30,,Control,WT,unknown,,N/A,JAX,N/A,Y,,Shipped,N/A,N,M,N,"UC Berkeley, Wilbrecht Lab",Aspen,Dark,Bioserv,20.0,Kaytee,,Han-Ning Lu,12:12:00,Y,Y,Y,22:00,,,Y,Control,False,M,discrimination,DISC,2026-09-03,17:34,18:06,ZT 19:34,ZT 20:06,4,13,DABC,A,Anise,NE,A,Anise,True,False,False,,77.0,11,14143242312,"NW,SE,NW,SE,SW,NE,SE,NE,SW,NW,NE","D,C,D,C,B,A,C,A,B,D,A",3,2,3,3,0,0,0,0,,3,3,,False
Example_Animal_05,example_animal_05_four_choice.xlsx,JAX C57,2026-06-30,,Control,WT,unknown,,N/A,JAX,N/A,Y,,Shipped,N/A,N,M,N,"UC Berkeley, Wilbrecht Lab",Aspen,Dark,Bioserv,20.0,Kaytee,,Han-Ning Lu,12:12:00,Y,Y,Y,22:00,,,Y,Control,False,M,discrimination,DISC,2026-09-03,17:34,18:06,ZT 19:34,ZT 20:06,5,14,ABCD,B,Cinnamon,NE,A,Anise,False,True,False,B_error,100.0,11,14231432142,"NW,SE,NE,SW,NW,SE,SW,NE,NW,SE,NE","A,D,B,C,A,D,C,B,A,D,B",3,3,2,3,0,0,0,0,,0,4,,False
Example_Animal_05,example_animal_05_four_choice.xlsx,JAX C57,2026-06-30,,Control,WT,unknown,,N/A,JAX,N/A,Y,,Shipped,N/A,N,M,N,"UC Berkeley, Wilbrecht Lab",Aspen,Dark,Bioserv,20.0,Kaytee,,Han-Ning Lu,12:12:00,Y,Y,Y,22:00,,,Y,Control,False,M,discrimination,DISC,2026-09-03,17:34,18:06,ZT 19:34,ZT 20:06,6,15,BCDA,A,Anise,SE,A,Anise,True,False,False,,28.0,4,3124,"SW,NW,NE,SE","D,B,C,A",1,1,1,1,0,0,0,0,,1,5,,False
Example_Animal_05,example_animal_05_four_choice.xlsx,JAX C57,2026-06-30,,Control,WT,unknown,,N/A,JAX,N/A,Y,,Shipped,N/A,N,M,N,"UC Berkeley, Wilbrecht Lab",Aspen,Dark,Bioserv,20.0,Kaytee,,Han-Ning Lu,12:12:00,Y,Y,Y,22:00,,,Y,Control,False,M,discrimination,DISC,2026-09-03,17:34,18:06,ZT 19:34,ZT 20:06,7,16,CDAB,A,Anise,SW,A,Anise,True,False,False,,14.0,3,423,"SE,NE,SW","B,D,A",1,1,0,1,0,0,0,0,groom,2,6,,False
Example_Animal_05,example_animal_05_four_choice.xlsx,JAX C57,2026-06-30,,Control,WT,unknown,,N/A,JAX,N/A,Y,,Shipped,N/A,N,M,N,"UC Berkeley, Wilbrecht Lab",Aspen,Dark,Bioserv,20.0,Kaytee,,Han-Ning Lu,12:12:00,Y,Y,Y,22:00,,,Y,Control,False,M,discrimination,DISC,2026-09-03,17:34,18:06,ZT 19:34,ZT 20:06,8,17,DABC,A,Anise,NE,A,Anise,True,False,False,,35.0,4,3142,"SW,NW,SE,NE","B,D,C,A",1,1,1,1,0,0,0,0,,3,7,,False
Example_Animal_05,example_animal_05_four_choice.xlsx,JAX C57,2026-06-30,,Control,WT,unknown,,N/A,JAX,N/A,Y,,Shipped,N/A,N,M,N,"UC Berkeley, Wilbrecht Lab",Aspen,Dark,Bioserv,20.0,Kaytee,,Han-Ning Lu,12:12:00,Y,Y,Y,22:00,,,Y,Control,False,M,discrimination,DISC,2026-09-03,17:34,18:06,ZT 19:34,ZT 20:06,9,18,ABCD,A,Anise,NW,A,Anise,True,False,False,,10.0,3,121,"NW,NE,NW","A,B,A",2,1,0,0,0,0,0,0,,4,8,,False
Example_Animal_05,example_animal_05_four_choice.xlsx,JAX C57,2026-06-30,,Control,WT,unknown,,N/A,JAX,N/A,Y,,Shipped,N/A,N,M,N,"UC Berkeley, Wilbrecht Lab",Aspen,Dark,Bioserv,20.0,Kaytee,,Han-Ning Lu,12:12:00,Y,Y,Y,22:00,,,Y,Control,False,M,discrimination,DISC,2026-09-03,17:34,18:06,ZT 19:34,ZT 20:06,10,19,BCDA,D,Vanilla,SW,A,Anise,False,True,False,D_error,28.0,3,143,"NW,SE,SW","B,A,D",1,1,0,1,0,0,0,0,,0,9,,False
Example_Animal_05,example_animal_05_four_choice.xlsx,JAX C57,2026-06-30,,Control,WT,unknown,,N/A,JAX,N/A,Y,,Shipped,N/A,N,M,N,"UC Berkeley, Wilbrecht Lab",Aspen,Dark,Bioserv,20.0,Kaytee,,Han-Ning Lu,12:12:00,Y,Y,Y,22:00,,,Y,Control,False,M,discrimination,DISC,2026-09-03,17:34,18:06,ZT 19:34,ZT 20:06,11,20,CDAB,A,Anise,SW,A,Anise,True,False,False,,72.0,9,234123213,"NE,SW,SE,NW,NE,SW,NE,NW,SW","D,A,B,C,D,A,D,C,A",3,1,2,3,0,0,0,0,"groom, climb",1,10,8.0,False
Example_Animal_05,example_animal_05_four_choice.xlsx,JAX C57,2026-06-30,,Control,WT,unknown,,N/A,JAX,N/A,Y,,Shipped,N/A,N,M,N,"UC Berkeley, Wilbrecht Lab",Aspen,Dark,Bioserv,20.0,Kaytee,,Han-Ning Lu,12:12:00,Y,Y,Y,22:00,,,Y,Control,False,M,recall,RECALL,2026-09-04,19:33,19:56,ZT 21:33,ZT 21:56,1,10,ABCD,A,Anise,NW,A,Anise,True,False,False,,111.0,21,324124143231432414131,"SW,NE,SE,NW,NE,SE,NW,SE,SW,NE,SW,NW,SE,SW,NE,SE,NW,SE,NW,SW,NW","C,B,D,A,B,D,A,D,C,B,C,A,D,C,B,D,A,D,A,C,A",6,4,5,6,0,0,0,0,,1,1,,False
Example_Animal_05,example_animal_05_four_choice.xlsx,JAX C57,2026-06-30,,Control,WT,unknown,,N/A,JAX,N/A,Y,,Shipped,N/A,N,M,N,"UC Berkeley, Wilbrecht Lab",Aspen,Dark,Bioserv,20.0,Kaytee,,Han-Ning Lu,12:12:00,Y,Y,Y,22:00,,,Y,Control,False,M,recall,RECALL,2026-09-04,19:33,19:56,ZT 21:33,ZT 21:56,2,11,BCDA,A,Anise,SE,A,Anise,True,False,False,,69.0,13,2432132312424,"NE,SE,SW,NE,NW,SW,NE,SW,NW,NE,SE,NE,SE","C,A,D,C,B,D,C,D,B,C,A,C,A",3,2,5,3,0,0,0,0,climb,2,2,,False
Example_Animal_05,example_animal_05_four_choice.xlsx,JAX C57,2026-06-30,,Control,WT,unknown,,N/A,JAX,N/A,Y,,Shipped,N/A,N,M,N,"UC Berkeley, Wilbrecht Lab",Aspen,Dark,Bioserv,20.0,Kaytee,,Han-Ning Lu,12:12:00,Y,Y,Y,22:00,,,Y,Control,False,M,recall,RECALL,2026-09-04,19:33,19:56,ZT 21:33,ZT 21:56,3,12,CDAB,A,Anise,SW,A,Anise,True,False,False,,77.0,9,424132123,"SE,NE,SE,NW,SW,NE,NW,NE,SW","B,D,B,C,A,D,C,D,A",2,2,2,3,0,0,0,0,climb,3,3,,False
Example_Animal_05,example_animal_05_four_choice.xlsx,JAX C57,2026-06-30,,Control,WT,unknown,,N/A,JAX,N/A,Y,,Shipped,N/A,N,M,N,"UC Berkeley, Wilbrecht Lab",Aspen,Dark,Bioserv,20.0,Kaytee,,Han-Ning Lu,12:12:00,Y,Y,Y,22:00,,,Y,Control,False,M,recall,RECALL,2026-09-04,19:33,19:56,ZT 21:33,ZT 21:56,4,13,DABC,A,Anise,NE,A,Anise,True,False,False,,28.0,6,321412,"SW,NE,NW,SE,NW,NE","B,A,D,C,D,A",2,1,1,2,0,0,0,0,,4,4,,False
Example_Animal_05,example_animal_05_four_choice.xlsx,JAX C57,2026-06-30,,Control,WT,unknown,,N/A,JAX,N/A,Y,,Shipped,N/A,N,M,N,"UC Berkeley, Wilbrecht Lab",Aspen,Dark,Bioserv,20.0,Kaytee,,Han-Ning Lu,12:12:00,Y,Y,Y,22:00,,,Y,Control,False,M,recall,RECALL,2026-09-04,19:33,19:56,ZT 21:33,ZT 21:56,5,14,ABCD,B,Cinnamon,NE,A,Anise,False,True,False,B_error,17.0,4,1242,"NW,NE,SE,NE","A,B,D,B",1,2,0,1,0,0,0,0,,0,5,,False
Example_Animal_05,example_animal_05_four_choice.xlsx,JAX C57,2026-06-30,,Control,WT,unknown,,N/A,JAX,N/A,Y,,Shipped,N/A,N,M,N,"UC Berkeley, Wilbrecht Lab",Aspen,Dark,Bioserv,20.0,Kaytee,,Han-Ning Lu,12:12:00,Y,Y,Y,22:00,,,Y,Control,False,M,recall,RECALL,2026-09-04,19:33,19:56,ZT 21:33,ZT 21:56,6,15,BCDA,A,Anise,SE,A,Anise,True,False,False,,98.0,15,314243231232324,"SW,NW,SE,NE,SE,SW,NE,SW,NW,NE,SW,NE,SW,NE,SE","D,B,A,C,A,D,C,D,B,C,D,C,D,C,A",3,2,5,5,0,0,0,0,,1,6,,False
Example_Animal_05,example_animal_05_four_choice.xlsx,JAX C57,2026-06-30,,Control,WT,unknown,,N/A,JAX,N/A,Y,,Shipped,N/A,N,M,N,"UC Berkeley, Wilbrecht Lab",Aspen,Dark,Bioserv,20.0,Kaytee,,Han-Ning Lu,12:12:00,Y,Y,Y,22:00,,,Y,Control,False,M,recall,RECALL,2026-09-04,19:33,19:56,ZT 21:33,ZT 21:56,7,16,CDAB,A,Anise,SW,A,Anise,True,False,False,,15.0,3,413,"SE,NW,SW","B,C,A",1,1,1,0,0,0,0,0,,2,7,,False
Example_Animal_05,example_animal_05_four_choice.xlsx,JAX C57,2026-06-30,,Control,WT,unknown,,N/A,JAX,N/A,Y,,Shipped,N/A,N,M,N,"UC Berkeley, Wilbrecht Lab",Aspen,Dark,Bioserv,20.0,Kaytee,,Han-Ning Lu,12:12:00,Y,Y,Y,22:00,,,Y,Control,False,M,recall,RECALL,2026-09-04,19:33,19:56,ZT 21:33,ZT 21:56,8,17,DABC,A,Anise,NE,A,Anise,True,False,False,,21.0,4,3432,"SW,SE,SW,NE","B,C,B,A",1,2,1,0,0,0,0,0,,3,8,,False
Example_Animal_05,example_animal_05_four_choice.xlsx,JAX C57,2026-06-30,,Control,WT,unknown,,N/A,JAX,N/A,Y,,Shipped,N/A,N,M,N,"UC Berkeley, Wilbrecht Lab",Aspen,Dark,Bioserv,20.0,Kaytee,,Han-Ning Lu,12:12:00,Y,Y,Y,22:00,,,Y,Control,False,M,recall,RECALL,2026-09-04,19:33,19:56,ZT 21:33,ZT 21:56,9,18,ABCD,A,Anise,NW,A,Anise,True,False,False,,63.0,9,241242431,"NE,SE,NW,NE,SE,NE,SE,SW,NW","B,D,A,B,D,B,D,C,A",2,3,1,3,0,0,0,0,,4,9,,False
Example_Animal_05,example_animal_05_four_choice.xlsx,JAX C57,2026-06-30,,Control,WT,unknown,,N/A,JAX,N/A,Y,,Shipped,N/A,N,M,N,"UC Berkeley, Wilbrecht Lab",Aspen,Dark,Bioserv,20.0,Kaytee,,Han-Ning Lu,12:12:00,Y,Y,Y,22:00,,,Y,Control,False,M,recall,RECALL,2026-09-04,19:33,19:56,ZT 21:33,ZT 21:56,10,19,BCDA,A,Anise,SE,A,Anise,True,False,False,,9.0,2,24,"NE,SE","C,A",1,0,1,0,0,0,0,0,,5,10,9.0,False
Example_Animal_05,example_animal_05_four_choice.xlsx,JAX C57,2026-06-30,,Control,WT,unknown,,N/A,JAX,N/A,Y,,Shipped,N/A,N,M,N,"UC Berkeley, Wilbrecht Lab",Aspen,Dark,Bioserv,20.0,Kaytee,,Han-Ning Lu,12:12:00,Y,Y,Y,22:00,,,Y,Control,False,M,reversal,REV,2026-09-04,20:06,20:46,ZT 22:06,ZT 22:46,1,10,ABCD,A,Anise,NW,B,Cinnamon,False,True,False,Perseverative,76.0,16,1432413241231231,"NW,SE,SW,NE,SE,NW,SW,NE,SE,NW,NE,SW,NW,NE,SW,NW","A,D,C,B,D,A,C,B,D,A,B,C,A,B,C,A",5,4,4,3,0,0,0,0,,0,1,,False
Example_Animal_05,example_animal_05_four_choice.xlsx,JAX C57,2026-06-30,,Control,WT,unknown,,N/A,JAX,N/A,Y,,Shipped,N/A,N,M,N,"UC Berkeley, Wilbrecht Lab",Aspen,Dark,Bioserv,20.0,Kaytee,,Han-Ning Lu,12:12:00,Y,Y,Y,22:00,,,Y,Control,False,M,reversal,REV,2026-09-04,20:06,20:46,ZT 22:06,ZT 22:46,2,11,BCDA,A,Anise,SE,B,Cinnamon,False,True,False,Perseverative,10.0,2,24,"NE,SE","C,A",1,0,1,0,0,0,0,0,,0,2,,False
Example_Animal_05,example_animal_05_four_choice.xlsx,JAX C57,2026-06-30,,Control,WT,unknown,,N/A,JAX,N/A,Y,,Shipped,N/A,N,M,N,"UC Berkeley, Wilbrecht Lab",Aspen,Dark,Bioserv,20.0,Kaytee,,Han-Ning Lu,12:12:00,Y,Y,Y,22:00,,,Y,Control,False,M,reversal,REV,2026-09-04,20:06,20:46,ZT 22:06,ZT 22:46,3,12,CDAB,A,Anise,SW,B,Cinnamon,False,True,False,Perseverative,61.0,12,232424124243,"NE,SW,NE,SE,NE,SE,NW,NE,SE,NE,SE,SW","D,A,D,B,D,B,C,D,B,D,B,A",2,4,1,5,0,0,0,0,,0,3,,False
Example_Animal_05,example_animal_05_four_choice.xlsx,JAX C57,2026-06-30,,Control,WT,unknown,,N/A,JAX,N/A,Y,,Shipped,N/A,N,M,N,"UC Berkeley, Wilbrecht Lab",Aspen,Dark,Bioserv,20.0,Kaytee,,Han-Ning Lu,12:12:00,Y,Y,Y,22:00,,,Y,Control,False,M,reversal,REV,2026-09-04,20:06,20:46,ZT 22:06,ZT 22:46,4,13,DABC,A,Anise,NE,B,Cinnamon,False,True,False,Perseverative,43.0,9,431231432,"SE,SW,NW,NE,SW,NW,SE,SW,NE","C,B,D,A,B,D,C,B,A",2,3,2,2,0,0,0,0,,0,4,,False
Example_Animal_05,example_animal_05_four_choice.xlsx,JAX C57,2026-06-30,,Control,WT,unknown,,N/A,JAX,N/A,Y,,Shipped,N/A,N,M,N,"UC Berkeley, Wilbrecht Lab",Aspen,Dark,Bioserv,20.0,Kaytee,,Han-Ning Lu,12:12:00,Y,Y,Y,22:00,,,Y,Control,False,M,reversal,REV,2026-09-04,20:06,20:46,ZT 22:06,ZT 22:46,5,14,ABCD,A,Anise,NW,B,Cinnamon,False,True,False,Perseverative,25.0,5,24341,"NE,SE,SW,SE,NW","B,D,C,D,A",1,1,1,2,0,0,0,0,,0,5,,False
Example_Animal_05,example_animal_05_four_choice.xlsx,JAX C57,2026-06-30,,Control,WT,unknown,,N/A,JAX,N/A,Y,,Shipped,N/A,N,M,N,"UC Berkeley, Wilbrecht Lab",Aspen,Dark,Bioserv,20.0,Kaytee,,Han-Ning Lu,12:12:00,Y,Y,Y,22:00,,,Y,Control,False,M,reversal,REV,2026-09-04,20:06,20:46,ZT 22:06,ZT 22:46,6,15,BCDA,B,Cinnamon,NW,B,Cinnamon,True,False,False,,15.0,3,431,"SE,SW,NW","A,D,B",1,1,0,1,0,0,0,0,,1,6,,True
Example_Animal_05,example_animal_05_four_choice.xlsx,JAX C57,2026-06-30,,Control,WT,unknown,,N/A,JAX,N/A,Y,,Shipped,N/A,N,M,N,"UC Berkeley, Wilbrecht Lab",Aspen,Dark,Bioserv,20.0,Kaytee,,Han-Ning Lu,12:12:00,Y,Y,Y,22:00,,,Y,Control,False,M,reversal,REV,2026-09-04,20:06,20:46,ZT 22:06,ZT 22:46,7,16,CDAB,A,Anise,SW,B,Cinnamon,False,True,False,Regressive,6.0,3,213,"NE,NW,SW","D,C,A",1,0,1,1,0,0,0,0,,0,7,,True
Example_Animal_05,example_animal_05_four_choice.xlsx,JAX C57,2026-06-30,,Control,WT,unknown,,N/A,JAX,N/A,Y,,Shipped,N/A,N,M,N,"UC Berkeley, Wilbrecht Lab",Aspen,Dark,Bioserv,20.0,Kaytee,,Han-Ning Lu,12:12:00,Y,Y,Y,22:00,,,Y,Control,False,M,reversal,REV,2026-09-04,20:06,20:46,ZT 22:06,ZT 22:46,8,17,DABC,A,Anise,NE,B,Cinnamon,False,True,False,Regressive,16.0,6,341312,"SW,SE,NW,SW,NW,NE","B,C,D,B,D,A",1,2,1,2,0,0,0,0,,0,8,,True
Example_Animal_05,example_animal_05_four_choice.xlsx,JAX C57,2026-06-30,,Control,WT,unknown,,N/A,JAX,N/A,Y,,Shipped,N/A,N,M,N,"UC Berkeley, Wilbrecht Lab",Aspen,Dark,Bioserv,20.0,Kaytee,,Han-Ning Lu,12:12:00,Y,Y,Y,22:00,,,Y,Control,False,M,reversal,REV,2026-09-04,20:06,20:46,ZT 22:06,ZT 22:46,9,18,ABCD,B,Cinnamon,NE,B,Cinnamon,True,False,False,,6.0,2,32,"SW,NE","C,B",0,1,1,0,0,0,0,0,,1,9,,True
Example_Animal_05,example_animal_05_four_choice.xlsx,JAX C57,2026-06-30,,Control,WT,unknown,,N/A,JAX,N/A,Y,,Shipped,N/A,N,M,N,"UC Berkeley, Wilbrecht Lab",Aspen,Dark,Bioserv,20.0,Kaytee,,Han-Ning Lu,12:12:00,Y,Y,Y,22:00,,,Y,Control,False,M,reversal,REV,2026-09-04,20:06,20:46,ZT 22:06,ZT 22:46,10,19,BCDA,B,Cinnamon,NW,B,Cinnamon,True,False,False,,6.0,2,31,"SW,NW","D,B",0,1,0,1,0,0,0,0,,2,10,3.0,True
Example_Animal_05,example_animal_05_four_choice.xlsx,JAX C57,2026-06-30,,Control,WT,unknown,,N/A,JAX,N/A,Y,,Shipped,N/A,N,M,N,"UC Berkeley, Wilbrecht Lab",Aspen,Dark,Bioserv,20.0,Kaytee,,Han-Ning Lu,12:12:00,Y,Y,Y,22:00,,,Y,Control,False,M,reversal,REV,2026-09-04,20:06,20:46,ZT 22:06,ZT 22:46,11,20,CDAB,B,Cinnamon,SE,B,Cinnamon,True,False,False,,6.0,1,4,SE,B,0,1,0,0,0,0,0,0,,3,11,4.0,True
Example_Animal_05,example_animal_05_four_choice.xlsx,JAX C57,2026-06-30,,Control,WT,unknown,,N/A,JAX,N/A,Y,,Shipped,N/A,N,M,N,"UC Berkeley, Wilbrecht Lab",Aspen,Dark,Bioserv,20.0,Kaytee,,Han-Ning Lu,12:12:00,Y,Y,Y,22:00,,,Y,Control,False,M,reversal,REV,2026-09-04,20:06,20:46,ZT 22:06,ZT 22:46,12,21,DABC,D,Mint,NW,B,Cinnamon,False,True,False,Novel,5.0,1,1,NW,D,0,0,0,1,0,0,0,0,,0,12,4.0,True
Example_Animal_05,example_animal_05_four_choice.xlsx,JAX C57,2026-06-30,,Control,WT,unknown,,N/A,JAX,N/A,Y,,Shipped,N/A,N,M,N,"UC Berkeley, Wilbrecht Lab",Aspen,Dark,Bioserv,20.0,Kaytee,,Han-Ning Lu,12:12:00,Y,Y,Y,22:00,,,Y,Control,False,M,reversal,REV,2026-09-04,20:06,20:46,ZT 22:06,ZT 22:46,13,22,ABCD,D,Mint,SE,B,Cinnamon,False,True,False,Novel,3.0,1,4,SE,D,0,0,0,1,0,0,0,0,,0,13,4.0,True
Example_Animal_05,example_animal_05_four_choice.xlsx,JAX C57,2026-06-30,,Control,WT,unknown,,N/A,JAX,N/A,Y,,Shipped,N/A,N,M,N,"UC Berkeley, Wilbrecht Lab",Aspen,Dark,Bioserv,20.0,Kaytee,,Han-Ning Lu,12:12:00,Y,Y,Y,22:00,,,Y,Control,False,M,reversal,REV,2026-09-04,20:06,20:46,ZT 22:06,ZT 22:46,14,23,BCDA,A,Anise,SE,B,Cinnamon,False,True,False,Regressive,3.0,1,4,SE,A,1,0,0,0,0,0,0,0,,0,14,4.0,True
Example_Animal_05,example_animal_05_four_choice.xlsx,JAX C57,2026-06-30,,Control,WT,unknown,,N/A,JAX,N/A,Y,,Shipped,N/A,N,M,N,"UC Berkeley, Wilbrecht Lab",Aspen,Dark,Bioserv,20.0,Kaytee,,Han-Ning Lu,12:12:00,Y,Y,Y,22:00,,,Y,Control,False,M,reversal,REV,2026-09-04,20:06,20:46,ZT 22:06,ZT 22:46,15,24,CDAB,B,Cinnamon,SE,B,Cinnamon,True,False,False,,4.0,2,24,"NE,SE","D,B",0,1,0,1,0,0,0,0,,1,15,5.0,True
Example_Animal_05,example_animal_05_four_choice.xlsx,JAX C57,2026-06-30,,Control,WT,unknown,,N/A,JAX,N/A,Y,,Shipped,N/A,N,M,N,"UC Berkeley, Wilbrecht Lab",Aspen,Dark,Bioserv,20.0,Kaytee,,Han-Ning Lu,12:12:00,Y,Y,Y,22:00,,,Y,Control,False,M,reversal,REV,2026-09-04,20:06,20:46,ZT 22:06,ZT 22:46,16,25,DABC,D,Mint,NW,B,Cinnamon,False,True,False,Novel,7.0,2,31,"SW,NW","B,D",0,1,0,1,0,0,0,0,,0,16,4.0,True
Example_Animal_05,example_animal_05_four_choice.xlsx,JAX C57,2026-06-30,,Control,WT,unknown,,N/A,JAX,N/A,Y,,Shipped,N/A,N,M,N,"UC Berkeley, Wilbrecht Lab",Aspen,Dark,Bioserv,20.0,Kaytee,,Han-Ning Lu,12:12:00,Y,Y,Y,22:00,,,Y,Control,False,M,reversal,REV,2026-09-04,20:06,20:46,ZT 22:06,ZT 22:46,17,26,ABCD,D,Mint,SE,B,Cinnamon,False,True,False,Novel,7.0,2,34,"SW,SE","C,D",0,0,1,1,0,0,0,0,,0,17,4.0,True
Example_Animal_05,example_animal_05_four_choice.xlsx,JAX C57,2026-06-30,,Control,WT,unknown,,N/A,JAX,N/A,Y,,Shipped,N/A,N,M,N,"UC Berkeley, Wilbrecht Lab",Aspen,Dark,Bioserv,20.0,Kaytee,,Han-Ning Lu,12:12:00,Y,Y,Y,22:00,,,Y,Control,False,M,reversal,REV,2026-09-04,20:06,20:46,ZT 22:06,ZT 22:46,18,27,BCDA,B,Cinnamon,NW,B,Cinnamon,True,False,False,,3.0,1,1,NW,B,0,1,0,0,0,0,0,0,,1,18,5.0,True
Example_Animal_05,example_animal_05_four_choice.xlsx,JAX C57,2026-06-30,,Control,WT,unknown,,N/A,JAX,N/A,Y,,Shipped,N/A,N,M,N,"UC Berkeley, Wilbrecht Lab",Aspen,Dark,Bioserv,20.0,Kaytee,,Han-Ning Lu,12:12:00,Y,Y,Y,22:00,,,Y,Control,False,M,reversal,REV,2026-09-04,20:06,20:46,ZT 22:06,ZT 22:46,19,28,CDAB,B,Cinnamon,SE,B,Cinnamon,True,False,False,,24.0,4,3124,"SW,NW,NE,SE","A,C,D,B",1,1,1,1,0,0,0,0,,2,19,5.0,True
Example_Animal_05,example_animal_05_four_choice.xlsx,JAX C57,2026-06-30,,Control,WT,unknown,,N/A,JAX,N/A,Y,,Shipped,N/A,N,M,N,"UC Berkeley, Wilbrecht Lab",Aspen,Dark,Bioserv,20.0,Kaytee,,Han-Ning Lu,12:12:00,Y,Y,Y,22:00,,,Y,Control,False,M,reversal,REV,2026-09-04,20:06,20:46,ZT 22:06,ZT 22:46,20,29,DABC,A,Anise,NE,B,Cinnamon,False,True,False,Regressive,11.0,2,12,"NW,NE","D,A",1,0,0,1,0,0,0,0,,0,20,4.0,True
Example_Animal_05,example_animal_05_four_choice.xlsx,JAX C57,2026-06-30,,Control,WT,unknown,,N/A,JAX,N/A,Y,,Shipped,N/A,N,M,N,"UC Berkeley, Wilbrecht Lab",Aspen,Dark,Bioserv,20.0,Kaytee,,Han-Ning Lu,12:12:00,Y,Y,Y,22:00,,,Y,Control,False,M,reversal,REV,2026-09-04,20:06,20:46,ZT 22:06,ZT 22:46,21,30,ABCD,A,Anise,NW,B,Cinnamon,False,True,False,Regressive,7.0,1,1,NW,A,1,0,0,0,0,0,0,0,,0,21,3.0,True
Example_Animal_05,example_animal_05_four_choice.xlsx,JAX C57,2026-06-30,,Control,WT,unknown,,N/A,JAX,N/A,Y,,Shipped,N/A,N,M,N,"UC Berkeley, Wilbrecht Lab",Aspen,Dark,Bioserv,20.0,Kaytee,,Han-Ning Lu,12:12:00,Y,Y,Y,22:00,,,Y,Control,False,M,reversal,REV,2026-09-04,20:06,20:46,ZT 22:06,ZT 22:46,22,31,BCDA,B,Cinnamon,NW,B,Cinnamon,True,False,False,,2.0,1,1,NW,B,0,1,0,0,0,0,0,0,,1,22,4.0,True
Example_Animal_05,example_animal_05_four_choice.xlsx,JAX C57,2026-06-30,,Control,WT,unknown,,N/A,JAX,N/A,Y,,Shipped,N/A,N,M,N,"UC Berkeley, Wilbrecht Lab",Aspen,Dark,Bioserv,20.0,Kaytee,,Han-Ning Lu,12:12:00,Y,Y,Y,22:00,,,Y,Control,False,M,reversal,REV,2026-09-04,20:06,20:46,ZT 22:06,ZT 22:46,23,32,CDAB,B,Cinnamon,SE,B,Cinnamon,True,False,False,,3.0,1,4,SE,B,0,1,0,0,0,0,0,0,,2,23,5.0,True
Example_Animal_05,example_animal_05_four_choice.xlsx,JAX C57,2026-06-30,,Control,WT,unknown,,N/A,JAX,N/A,Y,,Shipped,N/A,N,M,N,"UC Berkeley, Wilbrecht Lab",Aspen,Dark,Bioserv,20.0,Kaytee,,Han-Ning Lu,12:12:00,Y,Y,Y,22:00,,,Y,Control,False,M,reversal,REV,2026-09-04,20:06,20:46,ZT 22:06,ZT 22:46,24,33,DABC,B,Cinnamon,SW,B,Cinnamon,True,False,False,,79.0,4,2413,"NE,SE,NW,SW","A,C,D,B",1,1,1,1,0,0,0,0,,3,24,6.0,True
Example_Animal_05,example_animal_05_four_choice.xlsx,JAX C57,2026-06-30,,Control,WT,unknown,,N/A,JAX,N/A,Y,,Shipped,N/A,N,M,N,"UC Berkeley, Wilbrecht Lab",Aspen,Dark,Bioserv,20.0,Kaytee,,Han-Ning Lu,12:12:00,Y,Y,Y,22:00,,,Y,Control,False,M,reversal,REV,2026-09-04,20:06,20:46,ZT 22:06,ZT 22:46,25,34,ABCD,B,Cinnamon,NE,B,Cinnamon,True,False,False,,7.0,1,2,NE,B,0,1,0,0,0,0,0,0,,4,25,6.0,True
Example_Animal_05,example_animal_05_four_choice.xlsx,JAX C57,2026-06-30,,Control,WT,unknown,,N/A,JAX,N/A,Y,,Shipped,N/A,N,M,N,"UC Berkeley, Wilbrecht Lab",Aspen,Dark,Bioserv,20.0,Kaytee,,Han-Ning Lu,12:12:00,Y,Y,Y,22:00,,,Y,Control,False,M,reversal,REV,2026-09-04,20:06,20:46,ZT 22:06,ZT 22:46,26,35,BCDA,A,Anise,SE,B,Cinnamon,False,True,False,Regressive,8.0,2,24,"NE,SE","C,A",1,0,1,0,0,0,0,0,,0,26,6.0,True
Example_Animal_05,example_animal_05_four_choice.xlsx,JAX C57,2026-06-30,,Control,WT,unknown,,N/A,JAX,N/A,Y,,Shipped,N/A,N,M,N,"UC Berkeley, Wilbrecht Lab",Aspen,Dark,Bioserv,20.0,Kaytee,,Han-Ning Lu,12:12:00,Y,Y,Y,22:00,,,Y,Control,False,M,reversal,REV,2026-09-04,20:06,20:46,ZT 22:06,ZT 22:46,27,36,CDAB,B,Cinnamon,SE,B,Cinnamon,True,False,False,,3.0,2,24,"NE,SE","D,B",0,1,0,1,0,0,0,0,,1,27,7.0,True
Example_Animal_05,example_animal_05_four_choice.xlsx,JAX C57,2026-06-30,,Control,WT,unknown,,N/A,JAX,N/A,Y,,Shipped,N/A,N,M,N,"UC Berkeley, Wilbrecht Lab",Aspen,Dark,Bioserv,20.0,Kaytee,,Han-Ning Lu,12:12:00,Y,Y,Y,22:00,,,Y,Control,False,M,reversal,REV,2026-09-04,20:06,20:46,ZT 22:06,ZT 22:46,28,37,DABC,B,Cinnamon,SW,B,Cinnamon,True,False,False,,3.0,1,3,SW,B,0,1,0,0,0,0,0,0,,2,28,7.0,True
Example_Animal_05,example_animal_05_four_choice.xlsx,JAX C57,2026-06-30,,Control,WT,unknown,,N/A,JAX,N/A,Y,,Shipped,N/A,N,M,N,"UC Berkeley, Wilbrecht Lab",Aspen,Dark,Bioserv,20.0,Kaytee,,Han-Ning Lu,12:12:00,Y,Y,Y,22:00,,,Y,Control,False,M,reversal,REV,2026-09-04,20:06,20:46,ZT 22:06,ZT 22:46,29,38,ABCD,B,Cinnamon,NE,B,Cinnamon,True,False,False,,9.0,3,342,"SW,SE,NE","C,D,B",0,1,1,1,0,0,0,0,,3,29,7.0,True
Example_Animal_05,example_animal_05_four_choice.xlsx,JAX C57,2026-06-30,,Control,WT,unknown,,N/A,JAX,N/A,Y,,Shipped,N/A,N,M,N,"UC Berkeley, Wilbrecht Lab",Aspen,Dark,Bioserv,20.0,Kaytee,,Han-Ning Lu,12:12:00,Y,Y,Y,22:00,,,Y,Control,False,M,reversal,REV,2026-09-04,20:06,20:46,ZT 22:06,ZT 22:46,30,39,BCDA,B,Cinnamon,NW,B,Cinnamon,True,False,False,,13.0,2,41,"SE,NW","A,B",1,1,0,0,0,0,0,0,,4,30,8.0,True
Example_Animal_06,example_animal_06_four_choice.xlsx,JAX C57,2026-06-30,,Control,WT,unknown,,N/A,JAX,N/A,Y,,Shipped,N/A,N,M,N,"UC Berkeley, Wilbrecht Lab",Aspen,Dark,Bioserv,20.0,Kaytee,,Han-Ning Lu,12:12:00,Y,Y,Y,22:00,,,Y,Control,False,M,discrimination,DISC,2026-08-03,16:06,16:41,ZT 18:06,ZT 18:41,1,10,ABCD,A,Anise,NW,A,Anise,True,False,False,,113.0,14,31213424243131,"SW,NW,NE,NW,SW,SE,NE,SE,NE,SE,SW,NW,SW,NW","C,A,B,A,C,D,B,D,B,D,C,A,C,A",4,3,4,3,0,0,0,0,,1,1,,False
Example_Animal_06,example_animal_06_four_choice.xlsx,JAX C57,2026-06-30,,Control,WT,unknown,,N/A,JAX,N/A,Y,,Shipped,N/A,N,M,N,"UC Berkeley, Wilbrecht Lab",Aspen,Dark,Bioserv,20.0,Kaytee,,Han-Ning Lu,12:12:00,Y,Y,Y,22:00,,,Y,Control,False,M,discrimination,DISC,2026-08-03,16:06,16:41,ZT 18:06,ZT 18:41,2,11,BCDA,D,Vanilla,SW,A,Anise,False,True,False,D_error,18.0,4,2143,"NE,NW,SE,SW","C,B,A,D",1,1,1,1,0,0,0,0,,0,2,,False
Example_Animal_06,example_animal_06_four_choice.xlsx,JAX C57,2026-06-30,,Control,WT,unknown,,N/A,JAX,N/A,Y,,Shipped,N/A,N,M,N,"UC Berkeley, Wilbrecht Lab",Aspen,Dark,Bioserv,20.0,Kaytee,,Han-Ning Lu,12:12:00,Y,Y,Y,22:00,,,Y,Control,False,M,discrimination,DISC,2026-08-03,16:06,16:41,ZT 18:06,ZT 18:41,3,12,CDAB,C,Lemon,NW,A,Anise,False,True,False,C_error,12.0,4,1231,"NW,NE,SW,NW","C,D,A,C",1,0,2,1,0,0,0,0,,0,3,,False
Example_Animal_06,example_animal_06_four_choice.xlsx,JAX C57,2026-06-30,,Control,WT,unknown,,N/A,JAX,N/A,Y,,Shipped,N/A,N,M,N,"UC Berkeley, Wilbrecht Lab",Aspen,Dark,Bioserv,20.0,Kaytee,,Han-Ning Lu,12:12:00,Y,Y,Y,22:00,,,Y,Control,False,M,discrimination,DISC,2026-08-03,16:06,16:41,ZT 18:06,ZT 18:41,4,13,DABC,A,Anise,NE,A,Anise,True,False,False,,24.0,3,132,"NW,SW,NE","D,B,A",1,1,0,1,0,0,0,0,,1,4,,False
Example_Animal_06,example_animal_06_four_choice.xlsx,JAX C57,2026-06-30,,Control,WT,unknown,,N/A,JAX,N/A,Y,,Shipped,N/A,N,M,N,"UC Berkeley, Wilbrecht Lab",Aspen,Dark,Bioserv,20.0,Kaytee,,Han-Ning Lu,12:12:00,Y,Y,Y,22:00,,,Y,Control,False,M,discrimination,DISC,2026-08-03,16:06,16:41,ZT 18:06,ZT 18:41,5,14,ABCD,D,Vanilla,SE,A,Anise,False,True,False,D_error,10.0,2,14,"NW,SE","A,D",1,0,0,1,0,0,0,0,,0,5,,False
Example_Animal_06,example_animal_06_four_choice.xlsx,JAX C57,2026-06-30,,Control,WT,unknown,,N/A,JAX,N/A,Y,,Shipped,N/A,N,M,N,"UC Berkeley, Wilbrecht Lab",Aspen,Dark,Bioserv,20.0,Kaytee,,Han-Ning Lu,12:12:00,Y,Y,Y,22:00,,,Y,Control,False,M,discrimination,DISC,2026-08-03,16:06,16:41,ZT 18:06,ZT 18:41,6,15,BCDA,A,Anise,SE,A,Anise,True,False,False,,6.0,2,24,"NE,SE","C,A",1,0,1,0,0,0,0,0,,1,6,,False
Example_Animal_06,example_animal_06_four_choice.xlsx,JAX C57,2026-06-30,,Control,WT,unknown,,N/A,JAX,N/A,Y,,Shipped,N/A,N,M,N,"UC Berkeley, Wilbrecht Lab",Aspen,Dark,Bioserv,20.0,Kaytee,,Han-Ning Lu,12:12:00,Y,Y,Y,22:00,,,Y,Control,False,M,discrimination,DISC,2026-08-03,16:06,16:41,ZT 18:06,ZT 18:41,7,16,CDAB,A,Anise,SW,A,Anise,True,False,False,,3.0,1,3,SW,A,1,0,0,0,0,0,0,0,,2,7,,False
Example_Animal_06,example_animal_06_four_choice.xlsx,JAX C57,2026-06-30,,Control,WT,unknown,,N/A,JAX,N/A,Y,,Shipped,N/A,N,M,N,"UC Berkeley, Wilbrecht Lab",Aspen,Dark,Bioserv,20.0,Kaytee,,Han-Ning Lu,12:12:00,Y,Y,Y,22:00,,,Y,Control,False,M,discrimination,DISC,2026-08-03,16:06,16:41,ZT 18:06,ZT 18:41,8,17,DABC,A,Anise,NE,A,Anise,True,False,False,,35.0,3,312,"SW,NW,NE","B,D,A",1,1,0,1,0,0,0,0,,3,8,,False
Example_Animal_06,example_animal_06_four_choice.xlsx,JAX C57,2026-06-30,,Control,WT,unknown,,N/A,JAX,N/A,Y,,Shipped,N/A,N,M,N,"UC Berkeley, Wilbrecht Lab",Aspen,Dark,Bioserv,20.0,Kaytee,,Han-Ning Lu,12:12:00,Y,Y,Y,22:00,,,Y,Control,False,M,discrimination,DISC,2026-08-03,16:06,16:41,ZT 18:06,ZT 18:41,9,18,ABCD,B,Cinnamon,NE,A,Anise,False,True,False,B_error,8.0,4,2432,"NE,SE,SW,NE","B,D,C,B",0,2,1,1,0,0,0,0,,0,9,,False
Example_Animal_06,example_animal_06_four_choice.xlsx,JAX C57,2026-06-30,,Control,WT,unknown,,N/A,JAX,N/A,Y,,Shipped,N/A,N,M,N,"UC Berkeley, Wilbrecht Lab",Aspen,Dark,Bioserv,20.0,Kaytee,,Han-Ning Lu,12:12:00,Y,Y,Y,22:00,,,Y,Control,False,M,discrimination,DISC,2026-08-03,16:06,16:41,ZT 18:06,ZT 18:41,10,19,BCDA,D,Vanilla,SW,A,Anise,False,True,False,D_error,8.0,1,3,SW,D,0,0,0,1,0,0,0,0,,0,10,5.0,False
Example_Animal_06,example_animal_06_four_choice.xlsx,JAX C57,2026-06-30,,Control,WT,unknown,,N/A,JAX,N/A,Y,,Shipped,N/A,N,M,N,"UC Berkeley, Wilbrecht Lab",Aspen,Dark,Bioserv,20.0,Kaytee,,Han-Ning Lu,12:12:00,Y,Y,Y,22:00,,,Y,Control,False,M,discrimination,DISC,2026-08-03,16:06,16:41,ZT 18:06,ZT 18:41,11,20,CDAB,A,Anise,SW,A,Anise,True,False,False,,6.0,1,3,SW,A,1,0,0,0,0,0,0,0,,1,11,5.0,False
Example_Animal_06,example_animal_06_four_choice.xlsx,JAX C57,2026-06-30,,Control,WT,unknown,,N/A,JAX,N/A,Y,,Shipped,N/A,N,M,N,"UC Berkeley, Wilbrecht Lab",Aspen,Dark,Bioserv,20.0,Kaytee,,Han-Ning Lu,12:12:00,Y,Y,Y,22:00,,,Y,Control,False,M,discrimination,DISC,2026-08-03,16:06,16:41,ZT 18:06,ZT 18:41,12,21,DABC,A,Anise,NE,A,Anise,True,False,False,,29.0,3,132,"NW,SW,NE","D,B,A",1,1,0,1,0,0,0,0,,2,12,6.0,False
Example_Animal_06,example_animal_06_four_choice.xlsx,JAX C57,2026-06-30,,Control,WT,unknown,,N/A,JAX,N/A,Y,,Shipped,N/A,N,M,N,"UC Berkeley, Wilbrecht Lab",Aspen,Dark,Bioserv,20.0,Kaytee,,Han-Ning Lu,12:12:00,Y,Y,Y,22:00,,,Y,Control,False,M,discrimination,DISC,2026-08-03,16:06,16:41,ZT 18:06,ZT 18:41,13,22,ABCD,A,Anise,NW,A,Anise,True,False,False,,38.0,7,2424231,"NE,SE,NE,SE,NE,SW,NW","B,D,B,D,B,C,A",1,3,1,2,0,0,0,0,,3,13,7.0,False
Example_Animal_06,example_animal_06_four_choice.xlsx,JAX C57,2026-06-30,,Control,WT,unknown,,N/A,JAX,N/A,Y,,Shipped,N/A,N,M,N,"UC Berkeley, Wilbrecht Lab",Aspen,Dark,Bioserv,20.0,Kaytee,,Han-Ning Lu,12:12:00,Y,Y,Y,22:00,,,Y,Control,False,M,discrimination,DISC,2026-08-03,16:06,16:41,ZT 18:06,ZT 18:41,14,23,BCDA,A,Anise,SE,A,Anise,True,False,False,,52.0,6,212124,"NE,NW,NE,NW,NE,SE","C,B,C,B,C,A",1,2,3,0,0,0,0,0,,4,14,7.0,False
Example_Animal_06,example_animal_06_four_choice.xlsx,JAX C57,2026-06-30,,Control,WT,unknown,,N/A,JAX,N/A,Y,,Shipped,N/A,N,M,N,"UC Berkeley, Wilbrecht Lab",Aspen,Dark,Bioserv,20.0,Kaytee,,Han-Ning Lu,12:12:00,Y,Y,Y,22:00,,,Y,Control,False,M,discrimination,DISC,2026-08-03,16:06,16:41,ZT 18:06,ZT 18:41,15,24,CDAB,A,Anise,SW,A,Anise,True,False,False,,10.0,2,43,"SE,SW","B,A",1,1,0,0,0,0,0,0,,5,15,8.0,False
Example_Animal_06,example_animal_06_four_choice.xlsx,JAX C57,2026-06-30,,Control,WT,unknown,,N/A,JAX,N/A,Y,,Shipped,N/A,N,M,N,"UC Berkeley, Wilbrecht Lab",Aspen,Dark,Bioserv,20.0,Kaytee,,Han-Ning Lu,12:12:00,Y,Y,Y,22:00,,,Y,Control,False,M,recall,RECALL,2026-09-04,15:56,16:50,ZT 17:56,ZT 18:50,1,10,ABCD,A,Anise,NW,A,Anise,True,False,False,,138.0,18,134231424141423241,"NW,SW,SE,NE,SW,NW,SE,NE,SE,NW,SE,NW,SE,NE,SW,NE,SE,NW","A,C,D,B,C,A,D,B,D,A,D,A,D,B,C,B,D,A",5,4,3,6,0,0,0,0,,1,1,,False
Example_Animal_06,example_animal_06_four_choice.xlsx,JAX C57,2026-06-30,,Control,WT,unknown,,N/A,JAX,N/A,Y,,Shipped,N/A,N,M,N,"UC Berkeley, Wilbrecht Lab",Aspen,Dark,Bioserv,20.0,Kaytee,,Han-Ning Lu,12:12:00,Y,Y,Y,22:00,,,Y,Control,False,M,recall,RECALL,2026-09-04,15:56,16:50,ZT 17:56,ZT 18:50,2,11,BCDA,D,Vanilla,SW,A,Anise,False,True,False,D_error,40.0,8,31431423,"SW,NW,SE,SW,NW,SE,NE,SW","D,B,A,D,B,A,C,D",2,2,1,3,0,0,0,0,,0,2,,False
Example_Animal_06,example_animal_06_four_choice.xlsx,JAX C57,2026-06-30,,Control,WT,unknown,,N/A,JAX,N/A,Y,,Shipped,N/A,N,M,N,"UC Berkeley, Wilbrecht Lab",Aspen,Dark,Bioserv,20.0,Kaytee,,Han-Ning Lu,12:12:00,Y,Y,Y,22:00,,,Y,Control,False,M,recall,RECALL,2026-09-04,15:56,16:50,ZT 17:56,ZT 18:50,3,12,CDAB,A,Anise,SW,A,Anise,True,False,False,,10.0,1,3,SW,A,1,0,0,0,0,0,0,0,,1,3,,False
Example_Animal_06,example_animal_06_four_choice.xlsx,JAX C57,2026-06-30,,Control,WT,unknown,,N/A,JAX,N/A,Y,,Shipped,N/A,N,M,N,"UC Berkeley, Wilbrecht Lab",Aspen,Dark,Bioserv,20.0,Kaytee,,Han-Ning Lu,12:12:00,Y,Y,Y,22:00,,,Y,Control,False,M,recall,RECALL,2026-09-04,15:56,16:50,ZT 17:56,ZT 18:50,4,13,DABC,D,Vanilla,NW,A,Anise,False,True,False,D_error,12.0,2,31,"SW,NW","B,D",0,1,0,1,0,0,0,0,,0,4,,False
Example_Animal_06,example_animal_06_four_choice.xlsx,JAX C57,2026-06-30,,Control,WT,unknown,,N/A,JAX,N/A,Y,,Shipped,N/A,N,M,N,"UC Berkeley, Wilbrecht Lab",Aspen,Dark,Bioserv,20.0,Kaytee,,Han-Ning Lu,12:12:00,Y,Y,Y,22:00,,,Y,Control,False,M,recall,RECALL,2026-09-04,15:56,16:50,ZT 17:56,ZT 18:50,5,14,ABCD,D,Vanilla,SE,A,Anise,False,True,False,D_error,12.0,2,34,"SW,SE","C,D",0,0,1,1,0,0,0,0,,0,5,,False
Example_Animal_06,example_animal_06_four_choice.xlsx,JAX C57,2026-06-30,,Control,WT,unknown,,N/A,JAX,N/A,Y,,Shipped,N/A,N,M,N,"UC Berkeley, Wilbrecht Lab",Aspen,Dark,Bioserv,20.0,Kaytee,,Han-Ning Lu,12:12:00,Y,Y,Y,22:00,,,Y,Control,False,M,recall,RECALL,2026-09-04,15:56,16:50,ZT 17:56,ZT 18:50,6,15,BCDA,A,Anise,SE,A,Anise,True,False,False,,5.0,1,4,SE,A,1,0,0,0,0,0,0,0,,1,6,,False
Example_Animal_06,example_animal_06_four_choice.xlsx,JAX C57,2026-06-30,,Control,WT,unknown,,N/A,JAX,N/A,Y,,Shipped,N/A,N,M,N,"UC Berkeley, Wilbrecht Lab",Aspen,Dark,Bioserv,20.0,Kaytee,,Han-Ning Lu,12:12:00,Y,Y,Y,22:00,,,Y,Control,False,M,recall,RECALL,2026-09-04,15:56,16:50,ZT 17:56,ZT 18:50,7,16,CDAB,A,Anise,SW,A,Anise,True,False,False,,17.0,3,413,"SE,NW,SW","B,C,A",1,1,1,0,0,0,0,0,,2,7,,False
Example_Animal_06,example_animal_06_four_choice.xlsx,JAX C57,2026-06-30,,Control,WT,unknown,,N/A,JAX,N/A,Y,,Shipped,N/A,N,M,N,"UC Berkeley, Wilbrecht Lab",Aspen,Dark,Bioserv,20.0,Kaytee,,Han-Ning Lu,12:12:00,Y,Y,Y,22:00,,,Y,Control,False,M,recall,RECALL,2026-09-04,15:56,16:50,ZT 17:56,ZT 18:50,8,17,DABC,A,Anise,NE,A,Anise,True,False,False,,20.0,4,3142,"SW,NW,SE,NE","B,D,C,A",1,1,1,1,0,0,0,0,,3,8,,False
Example_Animal_06,example_animal_06_four_choice.xlsx,JAX C57,2026-06-30,,Control,WT,unknown,,N/A,JAX,N/A,Y,,Shipped,N/A,N,M,N,"UC Berkeley, Wilbrecht Lab",Aspen,Dark,Bioserv,20.0,Kaytee,,Han-Ning Lu,12:12:00,Y,Y,Y,22:00,,,Y,Control,False,M,recall,RECALL,2026-09-04,15:56,16:50,ZT 17:56,ZT 18:50,9,18,ABCD,C,Lemon,SW,A,Anise,False,True,False,C_error,5.0,1,3,SW,C,0,0,1,0,0,0,0,0,,0,9,,False
Example_Animal_06,example_animal_06_four_choice.xlsx,JAX C57,2026-06-30,,Control,WT,unknown,,N/A,JAX,N/A,Y,,Shipped,N/A,N,M,N,"UC Berkeley, Wilbrecht Lab",Aspen,Dark,Bioserv,20.0,Kaytee,,Han-Ning Lu,12:12:00,Y,Y,Y,22:00,,,Y,Control,False,M,recall,RECALL,2026-09-04,15:56,16:50,ZT 17:56,ZT 18:50,10,19,BCDA,D,Vanilla,SW,A,Anise,False,True,False,D_error,6.0,2,12,"NW,NE","B,C",0,1,1,0,0,0,0,0,,0,10,5.0,False
Example_Animal_06,example_animal_06_four_choice.xlsx,JAX C57,2026-06-30,,Control,WT,unknown,,N/A,JAX,N/A,Y,,Shipped,N/A,N,M,N,"UC Berkeley, Wilbrecht Lab",Aspen,Dark,Bioserv,20.0,Kaytee,,Han-Ning Lu,12:12:00,Y,Y,Y,22:00,,,Y,Control,False,M,recall,RECALL,2026-09-04,15:56,16:50,ZT 17:56,ZT 18:50,11,20,CDAB,D,Vanilla,NE,A,Anise,False,True,False,D_error,4.0,2,42,"SE,NE","B,D",0,1,0,1,0,0,0,0,,0,11,4.0,False
Example_Animal_06,example_animal_06_four_choice.xlsx,JAX C57,2026-06-30,,Control,WT,unknown,,N/A,JAX,N/A,Y,,Shipped,N/A,N,M,N,"UC Berkeley, Wilbrecht Lab",Aspen,Dark,Bioserv,20.0,Kaytee,,Han-Ning Lu,12:12:00,Y,Y,Y,22:00,,,Y,Control,False,M,recall,RECALL,2026-09-04,15:56,16:50,ZT 17:56,ZT 18:50,12,21,DABC,A,Anise,NE,A,Anise,True,False,False,,4.0,1,2,NE,A,1,0,0,0,0,0,0,0,,1,12,5.0,False
Example_Animal_06,example_animal_06_four_choice.xlsx,JAX C57,2026-06-30,,Control,WT,unknown,,N/A,JAX,N/A,Y,,Shipped,N/A,N,M,N,"UC Berkeley, Wilbrecht Lab",Aspen,Dark,Bioserv,20.0,Kaytee,,Han-Ning Lu,12:12:00,Y,Y,Y,22:00,,,Y,Control,False,M,recall,RECALL,2026-09-04,15:56,16:50,ZT 17:56,ZT 18:50,13,22,ABCD,A,Anise,NW,A,Anise,True,False,False,,25.0,4,3421,"SW,SE,NE,NW","C,D,B,A",1,1,1,1,0,0,0,0,,2,13,5.0,False
Example_Animal_06,example_animal_06_four_choice.xlsx,JAX C57,2026-06-30,,Control,WT,unknown,,N/A,JAX,N/A,Y,,Shipped,N/A,N,M,N,"UC Berkeley, Wilbrecht Lab",Aspen,Dark,Bioserv,20.0,Kaytee,,Han-Ning Lu,12:12:00,Y,Y,Y,22:00,,,Y,Control,False,M,recall,RECALL,2026-09-04,15:56,16:50,ZT 17:56,ZT 18:50,14,23,BCDA,A,Anise,SE,A,Anise,True,False,False,,14.0,5,43124,"SE,SW,NW,NE,SE","A,D,B,C,A",2,1,1,1,0,0,0,0,,3,14,6.0,False
Example_Animal_06,example_animal_06_four_choice.xlsx,JAX C57,2026-06-30,,Control,WT,unknown,,N/A,JAX,N/A,Y,,Shipped,N/A,N,M,N,"UC Berkeley, Wilbrecht Lab",Aspen,Dark,Bioserv,20.0,Kaytee,,Han-Ning Lu,12:12:00,Y,Y,Y,22:00,,,Y,Control,False,M,recall,RECALL,2026-09-04,15:56,16:50,ZT 17:56,ZT 18:50,15,24,CDAB,A,Anise,SW,A,Anise,True,False,False,,3.0,2,43,"SE,SW","B,A",1,1,0,0,0,0,0,0,,4,15,7.0,False
Example_Animal_06,example_animal_06_four_choice.xlsx,JAX C57,2026-06-30,,Control,WT,unknown,,N/A,JAX,N/A,Y,,Shipped,N/A,N,M,N,"UC Berkeley, Wilbrecht Lab",Aspen,Dark,Bioserv,20.0,Kaytee,,Han-Ning Lu,12:12:00,Y,Y,Y,22:00,,,Y,Control,False,M,recall,RECALL,2026-09-04,15:56,16:50,ZT 17:56,ZT 18:50,16,25,DABC,D,Vanilla,NW,A,Anise,False,True,False,D_error,6.0,1,1,NW,D,0,0,0,1,0,0,0,0,,0,16,6.0,False
Example_Animal_06,example_animal_06_four_choice.xlsx,JAX C57,2026-06-30,,Control,WT,unknown,,N/A,JAX,N/A,Y,,Shipped,N/A,N,M,N,"UC Berkeley, Wilbrecht Lab",Aspen,Dark,Bioserv,20.0,Kaytee,,Han-Ning Lu,12:12:00,Y,Y,Y,22:00,,,Y,Control,False,M,recall,RECALL,2026-09-04,15:56,16:50,ZT 17:56,ZT 18:50,17,26,ABCD,D,Vanilla,SE,A,Anise,False,True,False,D_error,8.0,2,24,"NE,SE","B,D",0,1,0,1,0,0,0,0,,0,17,5.0,False
Example_Animal_06,example_animal_06_four_choice.xlsx,JAX C57,2026-06-30,,Control,WT,unknown,,N/A,JAX,N/A,Y,,Shipped,N/A,N,M,N,"UC Berkeley, Wilbrecht Lab",Aspen,Dark,Bioserv,20.0,Kaytee,,Han-Ning Lu,12:12:00,Y,Y,Y,22:00,,,Y,Control,False,M,recall,RECALL,2026-09-04,15:56,16:50,ZT 17:56,ZT 18:50,18,27,BCDA,A,Anise,SE,A,Anise,True,False,False,,7.0,2,24,"NE,SE","C,A",1,0,1,0,0,0,0,0,,1,18,5.0,False
Example_Animal_06,example_animal_06_four_choice.xlsx,JAX C57,2026-06-30,,Control,WT,unknown,,N/A,JAX,N/A,Y,,Shipped,N/A,N,M,N,"UC Berkeley, Wilbrecht Lab",Aspen,Dark,Bioserv,20.0,Kaytee,,Han-Ning Lu,12:12:00,Y,Y,Y,22:00,,,Y,Control,False,M,recall,RECALL,2026-09-04,15:56,16:50,ZT 17:56,ZT 18:50,19,28,CDAB,A,Anise,SW,A,Anise,True,False,False,,11.0,3,143,"NW,SE,SW","C,B,A",1,1,1,0,0,0,0,0,,2,19,6.0,False
Example_Animal_06,example_animal_06_four_choice.xlsx,JAX C57,2026-06-30,,Control,WT,unknown,,N/A,JAX,N/A,Y,,Shipped,N/A,N,M,N,"UC Berkeley, Wilbrecht Lab",Aspen,Dark,Bioserv,20.0,Kaytee,,Han-Ning Lu,12:12:00,Y,Y,Y,22:00,,,Y,Control,False,M,recall,RECALL,2026-09-04,15:56,16:50,ZT 17:56,ZT 18:50,20,29,DABC,B,Cinnamon,SW,A,Anise,False,True,False,B_error,5.0,1,3,SW,B,0,1,0,0,0,0,0,0,,0,20,6.0,False
Example_Animal_06,example_animal_06_four_choice.xlsx,JAX C57,2026-06-30,,Control,WT,unknown,,N/A,JAX,N/A,Y,,Shipped,N/A,N,M,N,"UC Berkeley, Wilbrecht Lab",Aspen,Dark,Bioserv,20.0,Kaytee,,Han-Ning Lu,12:12:00,Y,Y,Y,22:00,,,Y,Control,False,M,recall,RECALL,2026-09-04,15:56,16:50,ZT 17:56,ZT 18:50,21,30,ABCD,A,Anise,NW,A,Anise,True,False,False,,5.0,2,31,"SW,NW","C,A",1,0,1,0,0,0,0,0,,1,21,7.0,False
Example_Animal_06,example_animal_06_four_choice.xlsx,JAX C57,2026-06-30,,Control,WT,unknown,,N/A,JAX,N/A,Y,,Shipped,N/A,N,M,N,"UC Berkeley, Wilbrecht Lab",Aspen,Dark,Bioserv,20.0,Kaytee,,Han-Ning Lu,12:12:00,Y,Y,Y,22:00,,,Y,Control,False,M,recall,RECALL,2026-09-04,15:56,16:50,ZT 17:56,ZT 18:50,22,31,BCDA,A,Anise,SE,A,Anise,True,False,False,,3.0,1,4,SE,A,1,0,0,0,0,0,0,0,,2,22,7.0,False
Example_Animal_06,example_animal_06_four_choice.xlsx,JAX C57,2026-06-30,,Control,WT,unknown,,N/A,JAX,N/A,Y,,Shipped,N/A,N,M,N,"UC Berkeley, Wilbrecht Lab",Aspen,Dark,Bioserv,20.0,Kaytee,,Han-Ning Lu,12:12:00,Y,Y,Y,22:00,,,Y,Control,False,M,recall,RECALL,2026-09-04,15:56,16:50,ZT 17:56,ZT 18:50,23,32,CDAB,D,Vanilla,NE,A,Anise,False,True,False,D_error,17.0,5,24142,"NE,SE,NW,SE,NE","D,B,C,B,D",0,2,1,2,0,0,0,0,,0,23,6.0,False
Example_Animal_06,example_animal_06_four_choice.xlsx,JAX C57,2026-06-30,,Control,WT,unknown,,N/A,JAX,N/A,Y,,Shipped,N/A,N,M,N,"UC Berkeley, Wilbrecht Lab",Aspen,Dark,Bioserv,20.0,Kaytee,,Han-Ning Lu,12:12:00,Y,Y,Y,22:00,,,Y,Control,False,M,recall,RECALL,2026-09-04,15:56,16:50,ZT 17:56,ZT 18:50,24,33,DABC,A,Anise,NE,A,Anise,True,False,False,,6.0,3,412,"SE,NW,NE","C,D,A",1,0,1,1,0,0,0,0,,1,24,6.0,False
Example_Animal_06,example_animal_06_four_choice.xlsx,JAX C57,2026-06-30,,Control,WT,unknown,,N/A,JAX,N/A,Y,,Shipped,N/A,N,M,N,"UC Berkeley, Wilbrecht Lab",Aspen,Dark,Bioserv,20.0,Kaytee,,Han-Ning Lu,12:12:00,Y,Y,Y,22:00,,,Y,Control,False,M,recall,RECALL,2026-09-04,15:56,16:50,ZT 17:56,ZT 18:50,25,34,ABCD,D,Vanilla,SE,A,Anise,False,True,False,D_error,12.0,2,24,"NE,SE","B,D",0,1,0,1,0,0,0,0,,0,25,5.0,False
Example_Animal_06,example_animal_06_four_choice.xlsx,JAX C57,2026-06-30,,Control,WT,unknown,,N/A,JAX,N/A,Y,,Shipped,N/A,N,M,N,"UC Berkeley, Wilbrecht Lab",Aspen,Dark,Bioserv,20.0,Kaytee,,Han-Ning Lu,12:12:00,Y,Y,Y,22:00,,,Y,Control,False,M,recall,RECALL,2026-09-04,15:56,16:50,ZT 17:56,ZT 18:50,26,35,BCDA,A,Anise,SE,A,Anise,True,False,False,,20.0,5,32314,"SW,NE,SW,NW,SE","D,C,D,B,A",1,1,1,2,0,0,0,0,,1,26,6.0,False
Example_Animal_06,example_animal_06_four_choice.xlsx,JAX C57,2026-06-30,,Control,WT,unknown,,N/A,JAX,N/A,Y,,Shipped,N/A,N,M,N,"UC Berkeley, Wilbrecht Lab",Aspen,Dark,Bioserv,20.0,Kaytee,,Han-Ning Lu,12:12:00,Y,Y,Y,22:00,,,Y,Control,False,M,recall,RECALL,2026-09-04,15:56,16:50,ZT 17:56,ZT 18:50,27,36,CDAB,A,Anise,SW,A,Anise,True,False,False,,4.0,1,3,SW,A,1,0,0,0,0,0,0,0,,2,27,7.0,False
Example_Animal_06,example_animal_06_four_choice.xlsx,JAX C57,2026-06-30,,Control,WT,unknown,,N/A,JAX,N/A,Y,,Shipped,N/A,N,M,N,"UC Berkeley, Wilbrecht Lab",Aspen,Dark,Bioserv,20.0,Kaytee,,Han-Ning Lu,12:12:00,Y,Y,Y,22:00,,,Y,Control,False,M,recall,RECALL,2026-09-04,15:56,16:50,ZT 17:56,ZT 18:50,28,37,DABC,D,Vanilla,NW,A,Anise,False,True,False,D_error,21.0,5,43431,"SE,SW,SE,SW,NW","C,B,C,B,D",0,2,2,1,0,0,0,0,,0,28,6.0,False
Example_Animal_06,example_animal_06_four_choice.xlsx,JAX C57,2026-06-30,,Control,WT,unknown,,N/A,JAX,N/A,Y,,Shipped,N/A,N,M,N,"UC Berkeley, Wilbrecht Lab",Aspen,Dark,Bioserv,20.0,Kaytee,,Han-Ning Lu,12:12:00,Y,Y,Y,22:00,,,Y,Control,False,M,recall,RECALL,2026-09-04,15:56,16:50,ZT 17:56,ZT 18:50,29,38,ABCD,A,Anise,NW,A,Anise,True,False,False,,6.0,2,31,"SW,NW","C,A",1,0,1,0,0,0,0,0,,1,29,6.0,False
Example_Animal_06,example_animal_06_four_choice.xlsx,JAX C57,2026-06-30,,Control,WT,unknown,,N/A,JAX,N/A,Y,,Shipped,N/A,N,M,N,"UC Berkeley, Wilbrecht Lab",Aspen,Dark,Bioserv,20.0,Kaytee,,Han-Ning Lu,12:12:00,Y,Y,Y,22:00,,,Y,Control,False,M,recall,RECALL,2026-09-04,15:56,16:50,ZT 17:56,ZT 18:50,30,39,BCDA,A,Anise,SE,A,Anise,True,False,False,,3.0,1,4,SE,A,1,0,0,0,0,0,0,0,,2,30,7.0,False
Example_Animal_06,example_animal_06_four_choice.xlsx,JAX C57,2026-06-30,,Control,WT,unknown,,N/A,JAX,N/A,Y,,Shipped,N/A,N,M,N,"UC Berkeley, Wilbrecht Lab",Aspen,Dark,Bioserv,20.0,Kaytee,,Han-Ning Lu,12:12:00,Y,Y,Y,22:00,,,Y,Control,False,M,recall,RECALL,2026-09-04,15:56,16:50,ZT 17:56,ZT 18:50,31,40,CDAB,A,Anise,SW,A,Anise,True,False,False,,4.0,2,13,"NW,SW","C,A",1,0,1,0,0,0,0,0,,3,31,7.0,False
Example_Animal_06,example_animal_06_four_choice.xlsx,JAX C57,2026-06-30,,Control,WT,unknown,,N/A,JAX,N/A,Y,,Shipped,N/A,N,M,N,"UC Berkeley, Wilbrecht Lab",Aspen,Dark,Bioserv,20.0,Kaytee,,Han-Ning Lu,12:12:00,Y,Y,Y,22:00,,,Y,Control,False,M,recall,RECALL,2026-09-04,15:56,16:50,ZT 17:56,ZT 18:50,32,41,DABC,A,Anise,NE,A,Anise,True,False,False,,7.0,3,142,"NW,SE,NE","D,C,A",1,0,1,1,0,0,0,0,,4,32,7.0,False
Example_Animal_06,example_animal_06_four_choice.xlsx,JAX C57,2026-06-30,,Control,WT,unknown,,N/A,JAX,N/A,Y,,Shipped,N/A,N,M,N,"UC Berkeley, Wilbrecht Lab",Aspen,Dark,Bioserv,20.0,Kaytee,,Han-Ning Lu,12:12:00,Y,Y,Y,22:00,,,Y,Control,False,M,recall,RECALL,2026-09-04,15:56,16:50,ZT 17:56,ZT 18:50,33,42,ABCD,A,Anise,NW,A,Anise,True,False,False,,15.0,5,24321,"NE,SE,SW,NE,NW","B,D,C,B,A",1,2,1,1,0,0,0,0,,5,33,8.0,False
Example_Animal_06,example_animal_06_four_choice.xlsx,JAX C57,2026-06-30,,Control,WT,unknown,,N/A,JAX,N/A,Y,,Shipped,N/A,N,M,N,"UC Berkeley, Wilbrecht Lab",Aspen,Dark,Bioserv,20.0,Kaytee,,Han-Ning Lu,12:12:00,Y,Y,Y,22:00,,,Y,Control,False,M,reversal,REV,2026-09-04,17:00,18:37,ZT 19:00,ZT 20:37,1,10,ABCD,A,Anise,NW,B,Cinnamon,False,True,False,Perseverative,5.0,1,1,NW,A,1,0,0,0,0,0,0,0,,0,1,,False
Example_Animal_06,example_animal_06_four_choice.xlsx,JAX C57,2026-06-30,,Control,WT,unknown,,N/A,JAX,N/A,Y,,Shipped,N/A,N,M,N,"UC Berkeley, Wilbrecht Lab",Aspen,Dark,Bioserv,20.0,Kaytee,,Han-Ning Lu,12:12:00,Y,Y,Y,22:00,,,Y,Control,False,M,reversal,REV,2026-09-04,17:00,18:37,ZT 19:00,ZT 20:37,2,11,BCDA,A,Anise,SE,B,Cinnamon,False,True,False,Perseverative,4.0,1,4,SE,A,1,0,0,0,0,0,0,0,,0,2,,False
Example_Animal_06,example_animal_06_four_choice.xlsx,JAX C57,2026-06-30,,Control,WT,unknown,,N/A,JAX,N/A,Y,,Shipped,N/A,N,M,N,"UC Berkeley, Wilbrecht Lab",Aspen,Dark,Bioserv,20.0,Kaytee,,Han-Ning Lu,12:12:00,Y,Y,Y,22:00,,,Y,Control,False,M,reversal,REV,2026-09-04,17:00,18:37,ZT 19:00,ZT 20:37,3,12,CDAB,A,Anise,SW,B,Cinnamon,False,True,False,Perseverative,35.0,5,21243,"NE,NW,NE,SE,SW","D,C,D,B,A",1,1,1,2,0,0,0,0,,0,3,,False
Example_Animal_06,example_animal_06_four_choice.xlsx,JAX C57,2026-06-30,,Control,WT,unknown,,N/A,JAX,N/A,Y,,Shipped,N/A,N,M,N,"UC Berkeley, Wilbrecht Lab",Aspen,Dark,Bioserv,20.0,Kaytee,,Han-Ning Lu,12:12:00,Y,Y,Y,22:00,,,Y,Control,False,M,reversal,REV,2026-09-04,17:00,18:37,ZT 19:00,ZT 20:37,4,13,DABC,A,Anise,NE,B,Cinnamon,False,True,False,Perseverative,4.0,1,2,NE,A,1,0,0,0,0,0,0,0,,0,4,,False
Example_Animal_06,example_animal_06_four_choice.xlsx,JAX C57,2026-06-30,,Control,WT,unknown,,N/A,JAX,N/A,Y,,Shipped,N/A,N,M,N,"UC Berkeley, Wilbrecht Lab",Aspen,Dark,Bioserv,20.0,Kaytee,,Han-Ning Lu,12:12:00,Y,Y,Y,22:00,,,Y,Control,False,M,reversal,REV,2026-09-04,17:00,18:37,ZT 19:00,ZT 20:37,5,14,ABCD,A,Anise,NW,B,Cinnamon,False,True,False,Perseverative,4.0,1,1,NW,A,1,0,0,0,0,0,0,0,,0,5,,False
Example_Animal_06,example_animal_06_four_choice.xlsx,JAX C57,2026-06-30,,Control,WT,unknown,,N/A,JAX,N/A,Y,,Shipped,N/A,N,M,N,"UC Berkeley, Wilbrecht Lab",Aspen,Dark,Bioserv,20.0,Kaytee,,Han-Ning Lu,12:12:00,Y,Y,Y,22:00,,,Y,Control,False,M,reversal,REV,2026-09-04,17:00,18:37,ZT 19:00,ZT 20:37,6,15,BCDA,A,Anise,SE,B,Cinnamon,False,True,False,Perseverative,25.0,4,3214,"SW,NE,NW,SE","D,C,B,A",1,1,1,1,0,0,0,0,,0,6,,False
Example_Animal_06,example_animal_06_four_choice.xlsx,JAX C57,2026-06-30,,Control,WT,unknown,,N/A,JAX,N/A,Y,,Shipped,N/A,N,M,N,"UC Berkeley, Wilbrecht Lab",Aspen,Dark,Bioserv,20.0,Kaytee,,Han-Ning Lu,12:12:00,Y,Y,Y,22:00,,,Y,Control,False,M,reversal,REV,2026-09-04,17:00,18:37,ZT 19:00,ZT 20:37,7,16,CDAB,A,Anise,SW,B,Cinnamon,False,True,False,Perseverative,3.0,1,3,SW,A,1,0,0,0,0,0,0,0,,0,7,,False
Example_Animal_06,example_animal_06_four_choice.xlsx,JAX C57,2026-06-30,,Control,WT,unknown,,N/A,JAX,N/A,Y,,Shipped,N/A,N,M,N,"UC Berkeley, Wilbrecht Lab",Aspen,Dark,Bioserv,20.0,Kaytee,,Han-Ning Lu,12:12:00,Y,Y,Y,22:00,,,Y,Control,False,M,reversal,REV,2026-09-04,17:00,18:37,ZT 19:00,ZT 20:37,8,17,DABC,A,Anise,NE,B,Cinnamon,False,True,False,Perseverative,9.0,3,312,"SW,NW,NE","B,D,A",1,1,0,1,0,0,0,0,,0,8,,False
Example_Animal_06,example_animal_06_four_choice.xlsx,JAX C57,2026-06-30,,Control,WT,unknown,,N/A,JAX,N/A,Y,,Shipped,N/A,N,M,N,"UC Berkeley, Wilbrecht Lab",Aspen,Dark,Bioserv,20.0,Kaytee,,Han-Ning Lu,12:12:00,Y,Y,Y,22:00,,,Y,Control,False,M,reversal,REV,2026-09-04,17:00,18:37,ZT 19:00,ZT 20:37,9,18,ABCD,A,Anise,NW,B,Cinnamon,False,True,False,Perseverative,28.0,6,142341,"NW,SE,NE,SW,SE,NW","A,D,B,C,D,A",2,1,1,2,0,0,0,0,,0,9,,False
Example_Animal_06,example_animal_06_four_choice.xlsx,JAX C57,2026-06-30,,Control,WT,unknown,,N/A,JAX,N/A,Y,,Shipped,N/A,N,M,N,"UC Berkeley, Wilbrecht Lab",Aspen,Dark,Bioserv,20.0,Kaytee,,Han-Ning Lu,12:12:00,Y,Y,Y,22:00,,,Y,Control,False,M,reversal,REV,2026-09-04,17:00,18:37,ZT 19:00,ZT 20:37,10,19,BCDA,A,Anise,SE,B,Cinnamon,False,True,False,Perseverative,4.0,1,4,SE,A,1,0,0,0,0,0,0,0,,0,10,0.0,False
Example_Animal_06,example_animal_06_four_choice.xlsx,JAX C57,2026-06-30,,Control,WT,unknown,,N/A,JAX,N/A,Y,,Shipped,N/A,N,M,N,"UC Berkeley, Wilbrecht Lab",Aspen,Dark,Bioserv,20.0,Kaytee,,Han-Ning Lu,12:12:00,Y,Y,Y,22:00,,,Y,Control,False,M,reversal,REV,2026-09-04,17:00,18:37,ZT 19:00,ZT 20:37,11,20,CDAB,A,Anise,SW,B,Cinnamon,False,True,False,Perseverative,7.0,2,13,"NW,SW","C,A",1,0,1,0,0,0,0,0,,0,11,0.0,False
Example_Animal_06,example_animal_06_four_choice.xlsx,JAX C57,2026-06-30,,Control,WT,unknown,,N/A,JAX,N/A,Y,,Shipped,N/A,N,M,N,"UC Berkeley, Wilbrecht Lab",Aspen,Dark,Bioserv,20.0,Kaytee,,Han-Ning Lu,12:12:00,Y,Y,Y,22:00,,,Y,Control,False,M,reversal,REV,2026-09-04,17:00,18:37,ZT 19:00,ZT 20:37,12,21,DABC,A,Anise,NE,B,Cinnamon,False,True,False,Perseverative,6.0,1,2,NE,A,1,0,0,0,0,0,0,0,,0,12,0.0,False
Example_Animal_06,example_animal_06_four_choice.xlsx,JAX C57,2026-06-30,,Control,WT,unknown,,N/A,JAX,N/A,Y,,Shipped,N/A,N,M,N,"UC Berkeley, Wilbrecht Lab",Aspen,Dark,Bioserv,20.0,Kaytee,,Han-Ning Lu,12:12:00,Y,Y,Y,22:00,,,Y,Control,False,M,reversal,REV,2026-09-04,17:00,18:37,ZT 19:00,ZT 20:37,13,22,ABCD,A,Anise,NW,B,Cinnamon,False,True,False,Perseverative,3.0,1,1,NW,A,1,0,0,0,0,0,0,0,,0,13,0.0,False
Example_Animal_06,example_animal_06_four_choice.xlsx,JAX C57,2026-06-30,,Control,WT,unknown,,N/A,JAX,N/A,Y,,Shipped,N/A,N,M,N,"UC Berkeley, Wilbrecht Lab",Aspen,Dark,Bioserv,20.0,Kaytee,,Han-Ning Lu,12:12:00,Y,Y,Y,22:00,,,Y,Control,False,M,reversal,REV,2026-09-04,17:00,18:37,ZT 19:00,ZT 20:37,14,23,BCDA,A,Anise,SE,B,Cinnamon,False,True,False,Perseverative,11.0,1,4,SE,A,1,0,0,0,0,0,0,0,,0,14,0.0,False
Example_Animal_06,example_animal_06_four_choice.xlsx,JAX C57,2026-06-30,,Control,WT,unknown,,N/A,JAX,N/A,Y,,Shipped,N/A,N,M,N,"UC Berkeley, Wilbrecht Lab",Aspen,Dark,Bioserv,20.0,Kaytee,,Han-Ning Lu,12:12:00,Y,Y,Y,22:00,,,Y,Control,False,M,reversal,REV,2026-09-04,17:00,18:37,ZT 19:00,ZT 20:37,15,24,CDAB,A,Anise,SW,B,Cinnamon,False,True,False,Perseverative,5.0,1,3,SW,A,1,0,0,0,0,0,0,0,,0,15,0.0,False
Example_Animal_06,example_animal_06_four_choice.xlsx,JAX C57,2026-06-30,,Control,WT,unknown,,N/A,JAX,N/A,Y,,Shipped,N/A,N,M,N,"UC Berkeley, Wilbrecht Lab",Aspen,Dark,Bioserv,20.0,Kaytee,,Han-Ning Lu,12:12:00,Y,Y,Y,22:00,,,Y,Control,False,M,reversal,REV,2026-09-04,17:00,18:37,ZT 19:00,ZT 20:37,16,25,DABC,A,Anise,NE,B,Cinnamon,False,True,False,Perseverative,3.0,1,2,NE,A,1,0,0,0,0,0,0,0,,0,16,0.0,False
Example_Animal_06,example_animal_06_four_choice.xlsx,JAX C57,2026-06-30,,Control,WT,unknown,,N/A,JAX,N/A,Y,,Shipped,N/A,N,M,N,"UC Berkeley, Wilbrecht Lab",Aspen,Dark,Bioserv,20.0,Kaytee,,Han-Ning Lu,12:12:00,Y,Y,Y,22:00,,,Y,Control,False,M,reversal,REV,2026-09-04,17:00,18:37,ZT 19:00,ZT 20:37,17,26,ABCD,A,Anise,NW,B,Cinnamon,False,True,False,Perseverative,32.0,6,141241,"NW,SE,NW,NE,SE,NW","A,D,A,B,D,A",3,1,0,2,0,0,0,0,,0,17,0.0,False
Example_Animal_06,example_animal_06_four_choice.xlsx,JAX C57,2026-06-30,,Control,WT,unknown,,N/A,JAX,N/A,Y,,Shipped,N/A,N,M,N,"UC Berkeley, Wilbrecht Lab",Aspen,Dark,Bioserv,20.0,Kaytee,,Han-Ning Lu,12:12:00,Y,Y,Y,22:00,,,Y,Control,False,M,reversal,REV,2026-09-04,17:00,18:37,ZT 19:00,ZT 20:37,18,27,BCDA,A,Anise,SE,B,Cinnamon,False,True,False,Perseverative,2.0,1,4,SE,A,1,0,0,0,0,0,0,0,,0,18,0.0,False
Example_Animal_06,example_animal_06_four_choice.xlsx,JAX C57,2026-06-30,,Control,WT,unknown,,N/A,JAX,N/A,Y,,Shipped,N/A,N,M,N,"UC Berkeley, Wilbrecht Lab",Aspen,Dark,Bioserv,20.0,Kaytee,,Han-Ning Lu,12:12:00,Y,Y,Y,22:00,,,Y,Control,False,M,reversal,REV,2026-09-04,17:00,18:37,ZT 19:00,ZT 20:37,19,28,CDAB,A,Anise,SW,B,Cinnamon,False,True,False,Perseverative,13.0,3,423,"SE,NE,SW","B,D,A",1,1,0,1,0,0,0,0,,0,19,0.0,False
Example_Animal_06,example_animal_06_four_choice.xlsx,JAX C57,2026-06-30,,Control,WT,unknown,,N/A,JAX,N/A,Y,,Shipped,N/A,N,M,N,"UC Berkeley, Wilbrecht Lab",Aspen,Dark,Bioserv,20.0,Kaytee,,Han-Ning Lu,12:12:00,Y,Y,Y,22:00,,,Y,Control,False,M,reversal,REV,2026-09-04,17:00,18:37,ZT 19:00,ZT 20:37,20,29,DABC,A,Anise,NE,B,Cinnamon,False,True,False,Perseverative,10.0,6,124312,"NW,NE,SE,SW,NW,NE","D,A,C,B,D,A",2,1,1,2,0,0,0,0,,0,20,0.0,False
Example_Animal_06,example_animal_06_four_choice.xlsx,JAX C57,2026-06-30,,Control,WT,unknown,,N/A,JAX,N/A,Y,,Shipped,N/A,N,M,N,"UC Berkeley, Wilbrecht Lab",Aspen,Dark,Bioserv,20.0,Kaytee,,Han-Ning Lu,12:12:00,Y,Y,Y,22:00,,,Y,Control,False,M,reversal,REV,2026-09-04,17:00,18:37,ZT 19:00,ZT 20:37,21,30,ABCD,A,Anise,NW,B,Cinnamon,False,True,False,Perseverative,15.0,4,2121,"NE,NW,NE,NW","B,A,B,A",2,2,0,0,0,0,0,0,,0,21,0.0,False
Example_Animal_06,example_animal_06_four_choice.xlsx,JAX C57,2026-06-30,,Control,WT,unknown,,N/A,JAX,N/A,Y,,Shipped,N/A,N,M,N,"UC Berkeley, Wilbrecht Lab",Aspen,Dark,Bioserv,20.0,Kaytee,,Han-Ning Lu,12:12:00,Y,Y,Y,22:00,,,Y,Control,False,M,reversal,REV,2026-09-04,17:00,18:37,ZT 19:00,ZT 20:37,22,31,BCDA,A,Anise,SE,B,Cinnamon,False,True,False,Perseverative,102.0,10,3123124314,"SW,NW,NE,SW,NW,NE,SE,SW,NW,SE","D,B,C,D,B,C,A,D,B,A",2,3,2,3,0,0,0,0,,0,22,0.0,False
Example_Animal_06,example_animal_06_four_choice.xlsx,JAX C57,2026-06-30,,Control,WT,unknown,,N/A,JAX,N/A,Y,,Shipped,N/A,N,M,N,"UC Berkeley, Wilbrecht Lab",Aspen,Dark,Bioserv,20.0,Kaytee,,Han-Ning Lu,12:12:00,Y,Y,Y,22:00,,,Y,Control,False,M,reversal,REV,2026-09-04,17:00,18:37,ZT 19:00,ZT 20:37,23,32,CDAB,A,Anise,SW,B,Cinnamon,False,True,False,Perseverative,5.0,2,13,"NW,SW","C,A",1,0,1,0,0,0,0,0,,0,23,0.0,False
Example_Animal_06,example_animal_06_four_choice.xlsx,JAX C57,2026-06-30,,Control,WT,unknown,,N/A,JAX,N/A,Y,,Shipped,N/A,N,M,N,"UC Berkeley, Wilbrecht Lab",Aspen,Dark,Bioserv,20.0,Kaytee,,Han-Ning Lu,12:12:00,Y,Y,Y,22:00,,,Y,Control,False,M,reversal,REV,2026-09-04,17:00,18:37,ZT 19:00,ZT 20:37,24,33,DABC,A,Anise,NE,B,Cinnamon,False,True,False,Perseverative,159.0,27,343434242434323141313432412,"SW,SE,SW,SE,SW,SE,NE,SE,NE,SE,SW,SE,SW,NE,SW,NW,SE,NW,SW,NW,SW,SE,SW,NE,SE,NW,NE","B,C,B,C,B,C,A,C,A,C,B,C,B,A,B,D,C,D,B,D,B,C,B,A,C,D,A",5,9,9,4,0,0,0,0,,0,24,0.0,False
Example_Animal_06,example_animal_06_four_choice.xlsx,JAX C57,2026-06-30,,Control,WT,unknown,,N/A,JAX,N/A,Y,,Shipped,N/A,N,M,N,"UC Berkeley, Wilbrecht Lab",Aspen,Dark,Bioserv,20.0,Kaytee,,Han-Ning Lu,12:12:00,Y,Y,Y,22:00,,,Y,Control,False,M,reversal,REV,2026-09-04,17:00,18:37,ZT 19:00,ZT 20:37,25,34,ABCD,A,Anise,NW,B,Cinnamon,False,True,False,Perseverative,17.0,4,3121,"SW,NW,NE,NW","C,A,B,A",2,1,1,0,0,0,0,0,,0,25,0.0,False
Example_Animal_06,example_animal_06_four_choice.xlsx,JAX C57,2026-06-30,,Control,WT,unknown,,N/A,JAX,N/A,Y,,Shipped,N/A,N,M,N,"UC Berkeley, Wilbrecht Lab",Aspen,Dark,Bioserv,20.0,Kaytee,,Han-Ning Lu,12:12:00,Y,Y,Y,22:00,,,Y,Control,False,M,reversal,REV,2026-09-04,17:00,18:37,ZT 19:00,ZT 20:37,26,35,BCDA,Omit,Omit,,B,Cinnamon,False,False,True,,180.0,18,434134312432434341,"SE,SW,SE,NW,SW,SE,SW,NW,NE,SE,SW,NE,SE,SW,SE,SW,SE,NW","A,D,A,B,D,A,D,B,C,A,D,C,A,D,A,D,A,B",7,3,2,6,0,0,0,0,,0,25,0.0,False
Example_Animal_06,example_animal_06_four_choice.xlsx,JAX C57,2026-06-30,,Control,WT,unknown,,N/A,JAX,N/A,Y,,Shipped,N/A,N,M,N,"UC Berkeley, Wilbrecht Lab",Aspen,Dark,Bioserv,20.0,Kaytee,,Han-Ning Lu,12:12:00,Y,Y,Y,22:00,,,Y,Control,False,M,reversal,REV,2026-09-04,17:00,18:37,ZT 19:00,ZT 20:37,27,36,CDAB,A,Anise,SW,B,Cinnamon,False,True,False,Perseverative,85.0,16,3143212142124324,"SW,NW,SE,SW,NE,NW,NE,NW,SE,NE,NW,NE,SE,SW,NE,SE","A,C,B,A,D,C,D,C,B,D,C,D,B,A,D,B",3,4,4,5,0,0,0,0,,0,26,0.0,False
Example_Animal_06,example_animal_06_four_choice.xlsx,JAX C57,2026-06-30,,Control,WT,unknown,,N/A,JAX,N/A,Y,,Shipped,N/A,N,M,N,"UC Berkeley, Wilbrecht Lab",Aspen,Dark,Bioserv,20.0,Kaytee,,Han-Ning Lu,12:12:00,Y,Y,Y,22:00,,,Y,Control,False,M,reversal,REV,2026-09-04,17:00,18:37,ZT 19:00,ZT 20:37,28,37,DABC,C,Lemon,SE,B,Cinnamon,False,True,False,Irrelevant,58.0,10,2313432314,"NE,SW,NW,SW,SE,SW,NE,SW,NW,SE","A,B,D,B,C,B,A,B,D,C",2,4,2,2,0,0,0,0,,0,27,0.0,False
Example_Animal_06,example_animal_06_four_choice.xlsx,JAX C57,2026-06-30,,Control,WT,unknown,,N/A,JAX,N/A,Y,,Shipped,N/A,N,M,N,"UC Berkeley, Wilbrecht Lab",Aspen,Dark,Bioserv,20.0,Kaytee,,Han-Ning Lu,12:12:00,Y,Y,Y,22:00,,,Y,Control,False,M,reversal,REV,2026-09-04,17:00,18:37,ZT 19:00,ZT 20:37,29,38,ABCD,Omit,Omit,,B,Cinnamon,False,False,True,,180.0,8,34242314,"SW,SE,NE,SE,NE,SW,NW,SE","C,D,B,D,B,C,A,D",1,2,2,3,0,0,0,0,,0,27,0.0,False
Example_Animal_06,example_animal_06_four_choice.xlsx,JAX C57,2026-06-30,,Control,WT,unknown,,N/A,JAX,N/A,Y,,Shipped,N/A,N,M,N,"UC Berkeley, Wilbrecht Lab",Aspen,Dark,Bioserv,20.0,Kaytee,,Han-Ning Lu,12:12:00,Y,Y,Y,22:00,,,Y,Control,False,M,reversal,REV,2026-09-04,17:00,18:37,ZT 19:00,ZT 20:37,30,39,BCDA,D,Mint,SW,B,Cinnamon,False,True,False,Novel,132.0,15,232434124313143,"NE,SW,NE,SE,SW,SE,NW,NE,SE,SW,NW,SW,NW,SE,SW","C,D,C,A,D,A,B,C,A,D,B,D,B,A,D",4,3,3,5,0,0,0,0,,0,28,0.0,False
Example_Animal_06,example_animal_06_four_choice.xlsx,JAX C57,2026-06-30,,Control,WT,unknown,,N/A,JAX,N/A,Y,,Shipped,N/A,N,M,N,"UC Berkeley, Wilbrecht Lab",Aspen,Dark,Bioserv,20.0,Kaytee,,Han-Ning Lu,12:12:00,Y,Y,Y,22:00,,,Y,Control,False,M,reversal,REV,2026-09-04,17:00,18:37,ZT 19:00,ZT 20:37,31,40,CDAB,A,Anise,SW,B,Cinnamon,False,True,False,Perseverative,6.0,2,43,"SE,SW","B,A",1,1,0,0,0,0,0,0,,0,29,0.0,False
Example_Animal_06,example_animal_06_four_choice.xlsx,JAX C57,2026-06-30,,Control,WT,unknown,,N/A,JAX,N/A,Y,,Shipped,N/A,N,M,N,"UC Berkeley, Wilbrecht Lab",Aspen,Dark,Bioserv,20.0,Kaytee,,Han-Ning Lu,12:12:00,Y,Y,Y,22:00,,,Y,Control,False,M,reversal,REV,2026-09-04,17:00,18:37,ZT 19:00,ZT 20:37,32,41,DABC,B,Cinnamon,SW,B,Cinnamon,True,False,False,,108.0,24,343143424343131423431343,"SW,SE,SW,NW,SE,SW,SE,NE,SE,SW,SE,SW,NW,SW,NW,SE,NE,SW,SE,SW,NW,SW,SE,SW","B,C,B,D,C,B,C,A,C,B,C,B,D,B,D,C,A,B,C,B,D,B,C,B",2,10,8,4,0,0,0,0,,1,30,1.0,True
Example_Animal_06,example_animal_06_four_choice.xlsx,JAX C57,2026-06-30,,Control,WT,unknown,,N/A,JAX,N/A,Y,,Shipped,N/A,N,M,N,"UC Berkeley, Wilbrecht Lab",Aspen,Dark,Bioserv,20.0,Kaytee,,Han-Ning Lu,12:12:00,Y,Y,Y,22:00,,,Y,Control,False,M,reversal,REV,2026-09-04,17:00,18:37,ZT 19:00,ZT 20:37,33,42,ABCD,B,Cinnamon,NE,B,Cinnamon,True,False,False,,4.0,1,2,NE,B,0,1,0,0,0,0,0,0,,2,31,2.0,True
Example_Animal_06,example_animal_06_four_choice.xlsx,JAX C57,2026-06-30,,Control,WT,unknown,,N/A,JAX,N/A,Y,,Shipped,N/A,N,M,N,"UC Berkeley, Wilbrecht Lab",Aspen,Dark,Bioserv,20.0,Kaytee,,Han-Ning Lu,12:12:00,Y,Y,Y,22:00,,,Y,Control,False,M,reversal,REV,2026-09-04,17:00,18:37,ZT 19:00,ZT 20:37,34,43,BCDA,D,Mint,SW,B,Cinnamon,False,True,False,Novel,3.0,1,3,SW,D,0,0,0,1,0,0,0,0,,0,32,2.0,True
Example_Animal_06,example_animal_06_four_choice.xlsx,JAX C57,2026-06-30,,Control,WT,unknown,,N/A,JAX,N/A,Y,,Shipped,N/A,N,M,N,"UC Berkeley, Wilbrecht Lab",Aspen,Dark,Bioserv,20.0,Kaytee,,Han-Ning Lu,12:12:00,Y,Y,Y,22:00,,,Y,Control,False,M,reversal,REV,2026-09-04,17:00,18:37,ZT 19:00,ZT 20:37,35,44,CDAB,A,Anise,SW,B,Cinnamon,False,True,False,Regressive,6.0,2,23,"NE,SW","D,A",1,0,0,1,0,0,0,0,,0,33,2.0,True
Example_Animal_06,example_animal_06_four_choice.xlsx,JAX C57,2026-06-30,,Control,WT,unknown,,N/A,JAX,N/A,Y,,Shipped,N/A,N,M,N,"UC Berkeley, Wilbrecht Lab",Aspen,Dark,Bioserv,20.0,Kaytee,,Han-Ning Lu,12:12:00,Y,Y,Y,22:00,,,Y,Control,False,M,reversal,REV,2026-09-04,17:00,18:37,ZT 19:00,ZT 20:37,36,45,DABC,A,Anise,NE,B,Cinnamon,False,True,False,Regressive,6.0,1,2,NE,A,1,0,0,0,0,0,0,0,,0,34,2.0,True
Example_Animal_06,example_animal_06_four_choice.xlsx,JAX C57,2026-06-30,,Control,WT,unknown,,N/A,JAX,N/A,Y,,Shipped,N/A,N,M,N,"UC Berkeley, Wilbrecht Lab",Aspen,Dark,Bioserv,20.0,Kaytee,,Han-Ning Lu,12:12:00,Y,Y,Y,22:00,,,Y,Control,False,M,reversal,REV,2026-09-04,17:00,18:37,ZT 19:00,ZT 20:37,37,46,ABCD,B,Cinnamon,NE,B,Cinnamon,True,False,False,,4.0,1,2,NE,B,0,1,0,0,0,0,0,0,,1,35,3.0,True
Example_Animal_06,example_animal_06_four_choice.xlsx,JAX C57,2026-06-30,,Control,WT,unknown,,N/A,JAX,N/A,Y,,Shipped,N/A,N,M,N,"UC Berkeley, Wilbrecht Lab",Aspen,Dark,Bioserv,20.0,Kaytee,,Han-Ning Lu,12:12:00,Y,Y,Y,22:00,,,Y,Control,False,M,reversal,REV,2026-09-04,17:00,18:37,ZT 19:00,ZT 20:37,38,47,BCDA,B,Cinnamon,NW,B,Cinnamon,True,False,False,,3.0,2,31,"SW,NW","D,B",0,1,0,1,0,0,0,0,,2,36,4.0,True
Example_Animal_06,example_animal_06_four_choice.xlsx,JAX C57,2026-06-30,,Control,WT,unknown,,N/A,JAX,N/A,Y,,Shipped,N/A,N,M,N,"UC Berkeley, Wilbrecht Lab",Aspen,Dark,Bioserv,20.0,Kaytee,,Han-Ning Lu,12:12:00,Y,Y,Y,22:00,,,Y,Control,False,M,reversal,REV,2026-09-04,17:00,18:37,ZT 19:00,ZT 20:37,39,48,CDAB,B,Cinnamon,SE,B,Cinnamon,True,False,False,,2.0,1,4,SE,B,0,1,0,0,0,0,0,0,,3,37,5.0,True
Example_Animal_06,example_animal_06_four_choice.xlsx,JAX C57,2026-06-30,,Control,WT,unknown,,N/A,JAX,N/A,Y,,Shipped,N/A,N,M,N,"UC Berkeley, Wilbrecht Lab",Aspen,Dark,Bioserv,20.0,Kaytee,,Han-Ning Lu,12:12:00,Y,Y,Y,22:00,,,Y,Control,False,M,reversal,REV,2026-09-04,17:00,18:37,ZT 19:00,ZT 20:37,40,49,DABC,D,Mint,NW,B,Cinnamon,False,True,False,Novel,2.0,1,1,NW,D,0,0,0,1,0,0,0,0,,0,38,5.0,True
Example_Animal_06,example_animal_06_four_choice.xlsx,JAX C57,2026-06-30,,Control,WT,unknown,,N/A,JAX,N/A,Y,,Shipped,N/A,N,M,N,"UC Berkeley, Wilbrecht Lab",Aspen,Dark,Bioserv,20.0,Kaytee,,Han-Ning Lu,12:12:00,Y,Y,Y,22:00,,,Y,Control,False,M,reversal,REV,2026-09-04,17:00,18:37,ZT 19:00,ZT 20:37,41,50,ABCD,A,Anise,NW,B,Cinnamon,False,True,False,Regressive,2.0,1,1,NW,A,1,0,0,0,0,0,0,0,,0,39,5.0,True
Example_Animal_06,example_animal_06_four_choice.xlsx,JAX C57,2026-06-30,,Control,WT,unknown,,N/A,JAX,N/A,Y,,Shipped,N/A,N,M,N,"UC Berkeley, Wilbrecht Lab",Aspen,Dark,Bioserv,20.0,Kaytee,,Han-Ning Lu,12:12:00,Y,Y,Y,22:00,,,Y,Control,False,M,reversal,REV,2026-09-04,17:00,18:37,ZT 19:00,ZT 20:37,42,51,BCDA,C,Lemon,NE,B,Cinnamon,False,True,False,Irrelevant,2.0,1,2,NE,C,0,0,1,0,0,0,0,0,,0,40,4.0,True
Example_Animal_06,example_animal_06_four_choice.xlsx,JAX C57,2026-06-30,,Control,WT,unknown,,N/A,JAX,N/A,Y,,Shipped,N/A,N,M,N,"UC Berkeley, Wilbrecht Lab",Aspen,Dark,Bioserv,20.0,Kaytee,,Han-Ning Lu,12:12:00,Y,Y,Y,22:00,,,Y,Control,False,M,reversal,REV,2026-09-04,17:00,18:37,ZT 19:00,ZT 20:37,43,52,CDAB,D,Mint,NE,B,Cinnamon,False,True,False,Novel,2.0,1,2,NE,D,0,0,0,1,0,0,0,0,,0,41,3.0,True
Example_Animal_06,example_animal_06_four_choice.xlsx,JAX C57,2026-06-30,,Control,WT,unknown,,N/A,JAX,N/A,Y,,Shipped,N/A,N,M,N,"UC Berkeley, Wilbrecht Lab",Aspen,Dark,Bioserv,20.0,Kaytee,,Han-Ning Lu,12:12:00,Y,Y,Y,22:00,,,Y,Control,False,M,reversal,REV,2026-09-04,17:00,18:37,ZT 19:00,ZT 20:37,44,53,DABC,B,Cinnamon,SW,B,Cinnamon,True,False,False,,8.0,1,3,SW,B,0,1,0,0,0,0,0,0,,1,42,4.0,True
Example_Animal_06,example_animal_06_four_choice.xlsx,JAX C57,2026-06-30,,Control,WT,unknown,,N/A,JAX,N/A,Y,,Shipped,N/A,N,M,N,"UC Berkeley, Wilbrecht Lab",Aspen,Dark,Bioserv,20.0,Kaytee,,Han-Ning Lu,12:12:00,Y,Y,Y,22:00,,,Y,Control,False,M,reversal,REV,2026-09-04,17:00,18:37,ZT 19:00,ZT 20:37,45,54,ABCD,C,Lemon,SW,B,Cinnamon,False,True,False,Irrelevant,4.0,2,43,"SE,SW","D,C",0,0,1,1,0,0,0,0,,0,43,4.0,True
Example_Animal_06,example_animal_06_four_choice.xlsx,JAX C57,2026-06-30,,Control,WT,unknown,,N/A,JAX,N/A,Y,,Shipped,N/A,N,M,N,"UC Berkeley, Wilbrecht Lab",Aspen,Dark,Bioserv,20.0,Kaytee,,Han-Ning Lu,12:12:00,Y,Y,Y,22:00,,,Y,Control,False,M,reversal,REV,2026-09-04,17:00,18:37,ZT 19:00,ZT 20:37,46,55,BCDA,A,Anise,SE,B,Cinnamon,False,True,False,Regressive,9.0,2,24,"NE,SE","C,A",1,0,1,0,0,0,0,0,,0,44,4.0,True
Example_Animal_06,example_animal_06_four_choice.xlsx,JAX C57,2026-06-30,,Control,WT,unknown,,N/A,JAX,N/A,Y,,Shipped,N/A,N,M,N,"UC Berkeley, Wilbrecht Lab",Aspen,Dark,Bioserv,20.0,Kaytee,,Han-Ning Lu,12:12:00,Y,Y,Y,22:00,,,Y,Control,False,M,reversal,REV,2026-09-04,17:00,18:37,ZT 19:00,ZT 20:37,47,56,CDAB,C,Lemon,NW,B,Cinnamon,False,True,False,Irrelevant,14.0,2,21,"NE,NW","D,C",0,0,1,1,0,0,0,0,,0,45,3.0,True
Example_Animal_06,example_animal_06_four_choice.xlsx,JAX C57,2026-06-30,,Control,WT,unknown,,N/A,JAX,N/A,Y,,Shipped,N/A,N,M,N,"UC Berkeley, Wilbrecht Lab",Aspen,Dark,Bioserv,20.0,Kaytee,,Han-Ning Lu,12:12:00,Y,Y,Y,22:00,,,Y,Control,False,M,reversal,REV,2026-09-04,17:00,18:37,ZT 19:00,ZT 20:37,48,57,DABC,A,Anise,NE,B,Cinnamon,False,True,False,Regressive,4.0,1,2,NE,A,1,0,0,0,0,0,0,0,,0,46,2.0,True
Example_Animal_06,example_animal_06_four_choice.xlsx,JAX C57,2026-06-30,,Control,WT,unknown,,N/A,JAX,N/A,Y,,Shipped,N/A,N,M,N,"UC Berkeley, Wilbrecht Lab",Aspen,Dark,Bioserv,20.0,Kaytee,,Han-Ning Lu,12:12:00,Y,Y,Y,22:00,,,Y,Control,False,M,reversal,REV,2026-09-04,17:00,18:37,ZT 19:00,ZT 20:37,49,58,ABCD,A,Anise,NW,B,Cinnamon,False,True,False,Regressive,84.0,10,3124313431,"SW,NW,NE,SE,SW,NW,SW,SE,SW,NW","C,A,B,D,C,A,C,D,C,A",3,1,4,2,0,0,0,0,,0,47,1.0,True
Example_Animal_06,example_animal_06_four_choice.xlsx,JAX C57,2026-06-30,,Control,WT,unknown,,N/A,JAX,N/A,Y,,Shipped,N/A,N,M,N,"UC Berkeley, Wilbrecht Lab",Aspen,Dark,Bioserv,20.0,Kaytee,,Han-Ning Lu,12:12:00,Y,Y,Y,22:00,,,Y,Control,False,M,reversal,REV,2026-09-04,17:00,18:37,ZT 19:00,ZT 20:37,50,59,BCDA,A,Anise,SE,B,Cinnamon,False,True,False,Regressive,12.0,5,42434,"SE,NE,SE,SW,SE","A,C,A,D,A",3,0,1,1,0,0,0,0,,0,48,1.0,True
Example_Animal_06,example_animal_06_four_choice.xlsx,JAX C57,2026-06-30,,Control,WT,unknown,,N/A,JAX,N/A,Y,,Shipped,N/A,N,M,N,"UC Berkeley, Wilbrecht Lab",Aspen,Dark,Bioserv,20.0,Kaytee,,Han-Ning Lu,12:12:00,Y,Y,Y,22:00,,,Y,Control,False,M,reversal,REV,2026-09-04,17:00,18:37,ZT 19:00,ZT 20:37,51,60,CDAB,A,Anise,SW,B,Cinnamon,False,True,False,Regressive,5.0,1,3,SW,A,1,0,0,0,0,0,0,0,,0,49,1.0,True
Example_Animal_06,example_animal_06_four_choice.xlsx,JAX C57,2026-06-30,,Control,WT,unknown,,N/A,JAX,N/A,Y,,Shipped,N/A,N,M,N,"UC Berkeley, Wilbrecht Lab",Aspen,Dark,Bioserv,20.0,Kaytee,,Han-Ning Lu,12:12:00,Y,Y,Y,22:00,,,Y,Control,False,M,reversal,REV,2026-09-04,17:00,18:37,ZT 19:00,ZT 20:37,52,61,DABC,A,Anise,NE,B,Cinnamon,False,True,False,Regressive,2.0,1,2,NE,A,1,0,0,0,0,0,0,0,,0,50,1.0,True
Example_Animal_06,example_animal_06_four_choice.xlsx,JAX C57,2026-06-30,,Control,WT,unknown,,N/A,JAX,N/A,Y,,Shipped,N/A,N,M,N,"UC Berkeley, Wilbrecht Lab",Aspen,Dark,Bioserv,20.0,Kaytee,,Han-Ning Lu,12:12:00,Y,Y,Y,22:00,,,Y,Control,False,M,reversal,REV,2026-09-04,17:00,18:37,ZT 19:00,ZT 20:37,53,62,ABCD,B,Cinnamon,NE,B,Cinnamon,True,False,False,,4.0,1,2,NE,B,0,1,0,0,0,0,0,0,,1,51,2.0,True
Example_Animal_06,example_animal_06_four_choice.xlsx,JAX C57,2026-06-30,,Control,WT,unknown,,N/A,JAX,N/A,Y,,Shipped,N/A,N,M,N,"UC Berkeley, Wilbrecht Lab",Aspen,Dark,Bioserv,20.0,Kaytee,,Han-Ning Lu,12:12:00,Y,Y,Y,22:00,,,Y,Control,False,M,reversal,REV,2026-09-04,17:00,18:37,ZT 19:00,ZT 20:37,54,63,BCDA,B,Cinnamon,NW,B,Cinnamon,True,False,False,,15.0,3,231,"NE,SW,NW","C,D,B",0,1,1,1,0,0,0,0,,2,52,2.0,True
Example_Animal_06,example_animal_06_four_choice.xlsx,JAX C57,2026-06-30,,Control,WT,unknown,,N/A,JAX,N/A,Y,,Shipped,N/A,N,M,N,"UC Berkeley, Wilbrecht Lab",Aspen,Dark,Bioserv,20.0,Kaytee,,Han-Ning Lu,12:12:00,Y,Y,Y,22:00,,,Y,Control,False,M,reversal,REV,2026-09-04,17:00,18:37,ZT 19:00,ZT 20:37,55,64,CDAB,B,Cinnamon,SE,B,Cinnamon,True,False,False,,10.0,2,14,"NW,SE","C,B",0,1,1,0,0,0,0,0,,3,53,3.0,True
Example_Animal_06,example_animal_06_four_choice.xlsx,JAX C57,2026-06-30,,Control,WT,unknown,,N/A,JAX,N/A,Y,,Shipped,N/A,N,M,N,"UC Berkeley, Wilbrecht Lab",Aspen,Dark,Bioserv,20.0,Kaytee,,Han-Ning Lu,12:12:00,Y,Y,Y,22:00,,,Y,Control,False,M,reversal,REV,2026-09-04,17:00,18:37,ZT 19:00,ZT 20:37,56,65,DABC,B,Cinnamon,SW,B,Cinnamon,True,False,False,,2.0,1,3,SW,B,0,1,0,0,0,0,0,0,,4,54,4.0,True
Example_Animal_06,example_animal_06_four_choice.xlsx,JAX C57,2026-06-30,,Control,WT,unknown,,N/A,JAX,N/A,Y,,Shipped,N/A,N,M,N,"UC Berkeley, Wilbrecht Lab",Aspen,Dark,Bioserv,20.0,Kaytee,,Han-Ning Lu,12:12:00,Y,Y,Y,22:00,,,Y,Control,False,M,reversal,REV,2026-09-04,17:00,18:37,ZT 19:00,ZT 20:37,57,66,ABCD,B,Cinnamon,NE,B,Cinnamon,True,False,False,,4.0,1,2,NE,B,0,1,0,0,0,0,0,0,,5,55,5.0,True
Example_Animal_06,example_animal_06_four_choice.xlsx,JAX C57,2026-06-30,,Control,WT,unknown,,N/A,JAX,N/A,Y,,Shipped,N/A,N,M,N,"UC Berkeley, Wilbrecht Lab",Aspen,Dark,Bioserv,20.0,Kaytee,,Han-Ning Lu,12:12:00,Y,Y,Y,22:00,,,Y,Control,False,M,reversal,REV,2026-09-04,17:00,18:37,ZT 19:00,ZT 20:37,58,67,BCDA,A,Anise,SE,B,Cinnamon,False,True,False,Regressive,6.0,2,34,"SW,SE","D,A",1,0,0,1,0,0,0,0,,0,56,5.0,True
Example_Animal_06,example_animal_06_four_choice.xlsx,JAX C57,2026-06-30,,Control,WT,unknown,,N/A,JAX,N/A,Y,,Shipped,N/A,N,M,N,"UC Berkeley, Wilbrecht Lab",Aspen,Dark,Bioserv,20.0,Kaytee,,Han-Ning Lu,12:12:00,Y,Y,Y,22:00,,,Y,Control,False,M,reversal,REV,2026-09-04,17:00,18:37,ZT 19:00,ZT 20:37,59,68,CDAB,B,Cinnamon,SE,B,Cinnamon,True,False,False,,5.0,2,14,"NW,SE","C,B",0,1,1,0,0,0,0,0,,1,57,6.0,True
Example_Animal_06,example_animal_06_four_choice.xlsx,JAX C57,2026-06-30,,Control,WT,unknown,,N/A,JAX,N/A,Y,,Shipped,N/A,N,M,N,"UC Berkeley, Wilbrecht Lab",Aspen,Dark,Bioserv,20.0,Kaytee,,Han-Ning Lu,12:12:00,Y,Y,Y,22:00,,,Y,Control,False,M,reversal,REV,2026-09-04,17:00,18:37,ZT 19:00,ZT 20:37,60,69,DABC,B,Cinnamon,SW,B,Cinnamon,True,False,False,,41.0,15,232131431414234,"NE,SW,NE,NW,SW,NW,SE,SW,NW,SE,NW,SE,NE,SW,SE","A,B,A,D,B,D,C,B,D,C,D,C,A,B,C",3,4,4,4,0,0,0,0,,2,58,7.0,True
Example_Animal_06,example_animal_06_four_choice.xlsx,JAX C57,2026-06-30,,Control,WT,unknown,,N/A,JAX,N/A,Y,,Shipped,N/A,N,M,N,"UC Berkeley, Wilbrecht Lab",Aspen,Dark,Bioserv,20.0,Kaytee,,Han-Ning Lu,12:12:00,Y,Y,Y,22:00,,,Y,Control,False,M,reversal,REV,2026-09-04,17:00,18:37,ZT 19:00,ZT 20:37,61,70,ABCD,B,Cinnamon,NE,B,Cinnamon,True,False,False,,3.0,1,2,NE,B,0,1,0,0,0,0,0,0,,3,59,8.0,True
Example_Animal_07,example_animal_07_four_choice.xlsx,JAX C57,2026-07-10,,Control,WT,unknown,,N/A,JAX,N/A,Y,,Shipped,N/A,N,M,N,"UC Berkeley, Wilbrecht Lab",Aspen,Dark,Bioserv,20.0,Kaytee,,Han-Ning Lu,12:12:00,Y,Y,Y,22:00,,,Y,Control,False,M,discrimination,DISC,2026-09-11,18:16,20:53,ZT 20:16,ZT 22:53,1,10,ABCD,Omit,Omit,,A,Anise,False,False,True,Omission,180.0,31,1243124342421321342143242321343,"NW,NE,SE,SW,NW,NE,SE,SW,SE,NE,SE,NE,NW,SW,NE,NW,SW,SE,NE,NW,SE,SW,NE,SE,NE,SW,NE,NW,SW,SE,SW","A,B,D,C,A,B,D,C,D,B,D,B,A,C,B,A,C,D,B,A,D,C,B,D,B,C,B,A,C,D,C",6,9,8,8,0,0,0,0,,0,0,,False
Example_Animal_07,example_animal_07_four_choice.xlsx,JAX C57,2026-07-10,,Control,WT,unknown,,N/A,JAX,N/A,Y,,Shipped,N/A,N,M,N,"UC Berkeley, Wilbrecht Lab",Aspen,Dark,Bioserv,20.0,Kaytee,,Han-Ning Lu,12:12:00,Y,Y,Y,22:00,,,Y,Control,False,M,discrimination,DISC,2026-09-11,18:16,20:53,ZT 20:16,ZT 22:53,2,11,BCDA,Omit,Omit,,A,Anise,False,False,True,Omission,180.0,16,3242434124134212,"SW,NE,SE,NE,SE,SW,SE,NW,NE,SE,NW,SW,SE,NE,NW,NE","D,C,A,C,A,D,A,B,C,A,B,D,A,C,B,C",5,3,5,3,0,0,0,0,didn't give reminder to dig,0,0,,False
Example_Animal_07,example_animal_07_four_choice.xlsx,JAX C57,2026-07-10,,Control,WT,unknown,,N/A,JAX,N/A,Y,,Shipped,N/A,N,M,N,"UC Berkeley, Wilbrecht Lab",Aspen,Dark,Bioserv,20.0,Kaytee,,Han-Ning Lu,12:12:00,Y,Y,Y,22:00,,,Y,Control,False,M,discrimination,DISC,2026-09-11,18:16,20:53,ZT 20:16,ZT 22:53,3,12,CDAB,D,Vanilla,NE,A,Anise,False,True,False,D_error,61.0,10,4314231312,"SE,SW,NW,SE,NE,SW,NW,SW,NW,NE","B,A,C,B,D,A,C,A,C,D",3,2,3,2,0,0,0,0,,0,1,,False
Example_Animal_07,example_animal_07_four_choice.xlsx,JAX C57,2026-07-10,,Control,WT,unknown,,N/A,JAX,N/A,Y,,Shipped,N/A,N,M,N,"UC Berkeley, Wilbrecht Lab",Aspen,Dark,Bioserv,20.0,Kaytee,,Han-Ning Lu,12:12:00,Y,Y,Y,22:00,,,Y,Control,False,M,discrimination,DISC,2026-09-11,18:16,20:53,ZT 20:16,ZT 22:53,4,13,DABC,B,Cinnamon,SW,A,Anise,False,True,False,B_error,33.0,4,4213,"SE,NE,NW,SW","C,A,D,B",1,1,1,1,0,0,0,0,,0,2,,False
Example_Animal_07,example_animal_07_four_choice.xlsx,JAX C57,2026-07-10,,Control,WT,unknown,,N/A,JAX,N/A,Y,,Shipped,N/A,N,M,N,"UC Berkeley, Wilbrecht Lab",Aspen,Dark,Bioserv,20.0,Kaytee,,Han-Ning Lu,12:12:00,Y,Y,Y,22:00,,,Y,Control,False,M,discrimination,DISC,2026-09-11,18:16,20:53,ZT 20:16,ZT 22:53,5,14,ABCD,D,Vanilla,SE,A,Anise,False,True,False,D_error,18.0,3,314,"SW,NW,SE","C,A,D",1,0,1,1,0,0,0,0,,0,3,,False
Example_Animal_07,example_animal_07_four_choice.xlsx,JAX C57,2026-07-10,,Control,WT,unknown,,N/A,JAX,N/A,Y,,Shipped,N/A,N,M,N,"UC Berkeley, Wilbrecht Lab",Aspen,Dark,Bioserv,20.0,Kaytee,,Han-Ning Lu,12:12:00,Y,Y,Y,22:00,,,Y,Control,False,M,discrimination,DISC,2026-09-11,18:16,20:53,ZT 20:16,ZT 22:53,6,15,BCDA,D,Vanilla,SW,A,Anise,False,True,False,D_error,68.0,9,124314213,"NW,NE,SE,SW,NW,SE,NE,NW,SW","B,C,A,D,B,A,C,B,D",2,3,2,2,0,0,0,0,,0,4,,False
Example_Animal_07,example_animal_07_four_choice.xlsx,JAX C57,2026-07-10,,Control,WT,unknown,,N/A,JAX,N/A,Y,,Shipped,N/A,N,M,N,"UC Berkeley, Wilbrecht Lab",Aspen,Dark,Bioserv,20.0,Kaytee,,Han-Ning Lu,12:12:00,Y,Y,Y,22:00,,,Y,Control,False,M,discrimination,DISC,2026-09-11,18:16,20:53,ZT 20:16,ZT 22:53,7,16,CDAB,D,Vanilla,NE,A,Anise,False,True,False,D_error,12.0,2,12,"NW,NE","C,D",0,0,1,1,0,0,0,0,,0,5,,False
Example_Animal_07,example_animal_07_four_choice.xlsx,JAX C57,2026-07-10,,Control,WT,unknown,,N/A,JAX,N/A,Y,,Shipped,N/A,N,M,N,"UC Berkeley, Wilbrecht Lab",Aspen,Dark,Bioserv,20.0,Kaytee,,Han-Ning Lu,12:12:00,Y,Y,Y,22:00,,,Y,Control,False,M,discrimination,DISC,2026-09-11,18:16,20:53,ZT 20:16,ZT 22:53,8,17,DABC,A,Anise,NE,A,Anise,True,False,False,,140.0,10,2124232312,"NE,NW,NE,SE,NE,SW,NE,SW,NW,NE","A,D,A,C,A,B,A,B,D,A",5,2,1,2,0,0,0,0,well and looked for pellet,1,6,,False
Example_Animal_07,example_animal_07_four_choice.xlsx,JAX C57,2026-07-10,,Control,WT,unknown,,N/A,JAX,N/A,Y,,Shipped,N/A,N,M,N,"UC Berkeley, Wilbrecht Lab",Aspen,Dark,Bioserv,20.0,Kaytee,,Han-Ning Lu,12:12:00,Y,Y,Y,22:00,,,Y,Control,False,M,discrimination,DISC,2026-09-11,18:16,20:53,ZT 20:16,ZT 22:53,9,18,ABCD,B,Cinnamon,NE,A,Anise,False,True,False,B_error,26.0,3,412,"SE,NW,NE","D,A,B",1,1,0,1,0,0,0,0,,0,7,,False
Example_Animal_07,example_animal_07_four_choice.xlsx,JAX C57,2026-07-10,,Control,WT,unknown,,N/A,JAX,N/A,Y,,Shipped,N/A,N,M,N,"UC Berkeley, Wilbrecht Lab",Aspen,Dark,Bioserv,20.0,Kaytee,,Han-Ning Lu,12:12:00,Y,Y,Y,22:00,,,Y,Control,False,M,discrimination,DISC,2026-09-11,18:16,20:53,ZT 20:16,ZT 22:53,10,19,BCDA,D,Vanilla,SW,A,Anise,False,True,False,D_error,48.0,8,31243413,"SW,NW,NE,SE,SW,SE,NW,SW","D,B,C,A,D,A,B,D",2,2,1,3,0,0,0,0,,0,8,,False
Example_Animal_07,example_animal_07_four_choice.xlsx,JAX C57,2026-07-10,,Control,WT,unknown,,N/A,JAX,N/A,Y,,Shipped,N/A,N,M,N,"UC Berkeley, Wilbrecht Lab",Aspen,Dark,Bioserv,20.0,Kaytee,,Han-Ning Lu,12:12:00,Y,Y,Y,22:00,,,Y,Control,False,M,discrimination,DISC,2026-09-11,18:16,20:53,ZT 20:16,ZT 22:53,11,20,CDAB,D,Vanilla,NE,A,Anise,False,True,False,D_error,143.0,12,431424312342,"SE,SW,NW,SE,NE,SE,SW,NW,NE,SW,SE,NE","B,A,C,B,D,B,A,C,D,A,B,D",3,4,2,3,0,0,0,0,groom,0,9,,False
Example_Animal_07,example_animal_07_four_choice.xlsx,JAX C57,2026-07-10,,Control,WT,unknown,,N/A,JAX,N/A,Y,,Shipped,N/A,N,M,N,"UC Berkeley, Wilbrecht Lab",Aspen,Dark,Bioserv,20.0,Kaytee,,Han-Ning Lu,12:12:00,Y,Y,Y,22:00,,,Y,Control,False,M,discrimination,DISC,2026-09-11,18:16,20:53,ZT 20:16,ZT 22:53,12,21,DABC,A,Anise,NE,A,Anise,True,False,False,,27.0,4,3412,"SW,SE,NW,NE","B,C,D,A",1,1,1,1,0,0,0,0,,1,10,2.0,False
Example_Animal_07,example_animal_07_four_choice.xlsx,JAX C57,2026-07-10,,Control,WT,unknown,,N/A,JAX,N/A,Y,,Shipped,N/A,N,M,N,"UC Berkeley, Wilbrecht Lab",Aspen,Dark,Bioserv,20.0,Kaytee,,Han-Ning Lu,12:12:00,Y,Y,Y,22:00,,,Y,Control,False,M,discrimination,DISC,2026-09-11,18:16,20:53,ZT 20:16,ZT 22:53,13,22,ABCD,A,Anise,NW,A,Anise,True,False,False,,53.0,6,142121,"NW,SE,NE,NW,NE,NW","A,D,B,A,B,A",3,2,0,1,0,0,0,0,,2,11,3.0,False
Example_Animal_07,example_animal_07_four_choice.xlsx,JAX C57,2026-07-10,,Control,WT,unknown,,N/A,JAX,N/A,Y,,Shipped,N/A,N,M,N,"UC Berkeley, Wilbrecht Lab",Aspen,Dark,Bioserv,20.0,Kaytee,,Han-Ning Lu,12:12:00,Y,Y,Y,22:00,,,Y,Control,False,M,discrimination,DISC,2026-09-11,18:16,20:53,ZT 20:16,ZT 22:53,14,23,BCDA,D,Vanilla,SW,A,Anise,False,True,False,D_error,132.0,13,4312413412143,"SE,SW,NW,NE,SE,NW,SW,SE,NW,NE,NW,SE,SW","A,D,B,C,A,B,D,A,B,C,B,A,D",4,4,2,3,0,0,0,0,,0,12,3.0,False
Example_Animal_07,example_animal_07_four_choice.xlsx,JAX C57,2026-07-10,,Control,WT,unknown,,N/A,JAX,N/A,Y,,Shipped,N/A,N,M,N,"UC Berkeley, Wilbrecht Lab",Aspen,Dark,Bioserv,20.0,Kaytee,,Han-Ning Lu,12:12:00,Y,Y,Y,22:00,,,Y,Control,False,M,discrimination,DISC,2026-09-11,18:16,20:53,ZT 20:16,ZT 22:53,15,24,CDAB,D,Vanilla,NE,A,Anise,False,True,False,D_error,158.0,17,43121243242431242,"SE,SW,NW,NE,NW,NE,SE,SW,NE,SE,NE,SE,SW,NW,NE,SE,NE","B,A,C,D,C,D,B,A,D,B,D,B,A,C,D,B,D",3,5,3,6,0,0,0,0,,0,13,3.0,False
Example_Animal_07,example_animal_07_four_choice.xlsx,JAX C57,2026-07-10,,Control,WT,unknown,,N/A,JAX,N/A,Y,,Shipped,N/A,N,M,N,"UC Berkeley, Wilbrecht Lab",Aspen,Dark,Bioserv,20.0,Kaytee,,Han-Ning Lu,12:12:00,Y,Y,Y,22:00,,,Y,Control,False,M,discrimination,DISC,2026-09-11,18:16,20:53,ZT 20:16,ZT 22:53,16,25,DABC,A,Anise,NE,A,Anise,True,False,False,,24.0,3,231,"NE,SW,NW","A,B,D",1,1,0,1,0,0,0,0,,1,14,4.0,False
Example_Animal_07,example_animal_07_four_choice.xlsx,JAX C57,2026-07-10,,Control,WT,unknown,,N/A,JAX,N/A,Y,,Shipped,N/A,N,M,N,"UC Berkeley, Wilbrecht Lab",Aspen,Dark,Bioserv,20.0,Kaytee,,Han-Ning Lu,12:12:00,Y,Y,Y,22:00,,,Y,Control,False,M,discrimination,DISC,2026-09-11,18:16,20:53,ZT 20:16,ZT 22:53,17,26,ABCD,D,Vanilla,SE,A,Anise,False,True,False,D_error,134.0,11,31241243424,"SW,NW,NE,SE,NW,NE,SE,SW,SE,NE,SE","C,A,B,D,A,B,D,C,D,B,D",2,3,2,4,0,0,0,0,groom,0,15,4.0,False
Example_Animal_07,example_animal_07_four_choice.xlsx,JAX C57,2026-07-10,,Control,WT,unknown,,N/A,JAX,N/A,Y,,Shipped,N/A,N,M,N,"UC Berkeley, Wilbrecht Lab",Aspen,Dark,Bioserv,20.0,Kaytee,,Han-Ning Lu,12:12:00,Y,Y,Y,22:00,,,Y,Control,False,M,discrimination,DISC,2026-09-11,18:16,20:53,ZT 20:16,ZT 22:53,18,27,BCDA,Omit,Omit,,A,Anise,False,False,True,Omission,180.0,20,14123132123124212421,"NW,SE,NW,NE,SW,NW,SW,NE,NW,NE,SW,NW,NE,SE,NE,NW,NE,SE,NE,NW","B,A,B,C,D,B,D,C,B,C,D,B,C,A,C,B,C,A,C,B",3,7,7,3,0,0,0,0,,0,15,4.0,False
Example_Animal_07,example_animal_07_four_choice.xlsx,JAX C57,2026-07-10,,Control,WT,unknown,,N/A,JAX,N/A,Y,,Shipped,N/A,N,M,N,"UC Berkeley, Wilbrecht Lab",Aspen,Dark,Bioserv,20.0,Kaytee,,Han-Ning Lu,12:12:00,Y,Y,Y,22:00,,,Y,Control,False,M,discrimination,DISC,2026-09-11,18:16,20:53,ZT 20:16,ZT 22:53,19,28,CDAB,Omit,Omit,,A,Anise,False,False,True,Omission,180.0,17,31242413232342124,"SW,NW,NE,SE,NE,SE,NW,SW,NE,SW,NE,SW,SE,NE,NW,NE,SE","A,C,D,B,D,B,C,A,D,A,D,A,B,D,C,D,B",4,4,3,6,0,0,0,0,"groom, climb",0,15,4.0,False
Example_Animal_07,example_animal_07_four_choice.xlsx,JAX C57,2026-07-10,,Control,WT,unknown,,N/A,JAX,N/A,Y,,Shipped,N/A,N,M,N,"UC Berkeley, Wilbrecht Lab",Aspen,Dark,Bioserv,20.0,Kaytee,,Han-Ning Lu,12:12:00,Y,Y,Y,22:00,,,Y,Control,False,M,discrimination,DISC,2026-09-11,18:16,20:53,ZT 20:16,ZT 22:53,20,29,DABC,D,Vanilla,NW,A,Anise,False,True,False,D_error,16.0,2,31,"SW,NW","B,D",0,1,0,1,0,0,0,0,,0,16,3.0,False
Example_Animal_07,example_animal_07_four_choice.xlsx,JAX C57,2026-07-10,,Control,WT,unknown,,N/A,JAX,N/A,Y,,Shipped,N/A,N,M,N,"UC Berkeley, Wilbrecht Lab",Aspen,Dark,Bioserv,20.0,Kaytee,,Han-Ning Lu,12:12:00,Y,Y,Y,22:00,,,Y,Control,False,M,discrimination,DISC,2026-09-11,18:16,20:53,ZT 20:16,ZT 22:53,21,30,ABCD,C,Lemon,SW,A,Anise,False,True,False,C_error,79.0,8,43212313,"SE,SW,NE,NW,NE,SW,NW,SW","D,C,B,A,B,C,A,C",2,2,3,1,0,0,0,0,,0,17,3.0,False
Example_Animal_07,example_animal_07_four_choice.xlsx,JAX C57,2026-07-10,,Control,WT,unknown,,N/A,JAX,N/A,Y,,Shipped,N/A,N,M,N,"UC Berkeley, Wilbrecht Lab",Aspen,Dark,Bioserv,20.0,Kaytee,,Han-Ning Lu,12:12:00,Y,Y,Y,22:00,,,Y,Control,False,M,discrimination,DISC,2026-09-11,18:16,20:53,ZT 20:16,ZT 22:53,22,31,BCDA,Omit,Omit,,A,Anise,False,False,True,Omission,180.0,11,12123121212,"NW,NE,NW,NE,SW,NW,NE,NW,NE,NW,NE","B,C,B,C,D,B,C,B,C,B,C",0,5,5,1,0,0,0,0,,0,17,3.0,False
Example_Animal_07,example_animal_07_four_choice.xlsx,JAX C57,2026-07-10,,Control,WT,unknown,,N/A,JAX,N/A,Y,,Shipped,N/A,N,M,N,"UC Berkeley, Wilbrecht Lab",Aspen,Dark,Bioserv,20.0,Kaytee,,Han-Ning Lu,12:12:00,Y,Y,Y,22:00,,,Y,Control,False,M,discrimination,DISC,2026-09-11,18:16,20:53,ZT 20:16,ZT 22:53,23,32,CDAB,D,Vanilla,NE,A,Anise,False,True,False,D_error,36.0,5,24312,"NE,SE,SW,NW,NE","D,B,A,C,D",1,1,1,2,0,0,0,0,,0,18,3.0,False
Example_Animal_07,example_animal_07_four_choice.xlsx,JAX C57,2026-07-10,,Control,WT,unknown,,N/A,JAX,N/A,Y,,Shipped,N/A,N,M,N,"UC Berkeley, Wilbrecht Lab",Aspen,Dark,Bioserv,20.0,Kaytee,,Han-Ning Lu,12:12:00,Y,Y,Y,22:00,,,Y,Control,False,M,discrimination,DISC,2026-09-11,18:16,20:53,ZT 20:16,ZT 22:53,24,33,DABC,Omit,Omit,,A,Anise,False,False,True,Omission,180.0,12,412431243123,"SE,NW,NE,SE,SW,NW,NE,SE,SW,NW,NE,SW","C,D,A,C,B,D,A,C,B,D,A,B",3,3,3,3,0,0,0,0,,0,18,3.0,False
Example_Animal_07,example_animal_07_four_choice.xlsx,JAX C57,2026-07-10,,Control,WT,unknown,,N/A,JAX,N/A,Y,,Shipped,N/A,N,M,N,"UC Berkeley, Wilbrecht Lab",Aspen,Dark,Bioserv,20.0,Kaytee,,Han-Ning Lu,12:12:00,Y,Y,Y,22:00,,,Y,Control,False,M,discrimination,DISC,2026-09-11,18:16,20:53,ZT 20:16,ZT 22:53,25,34,ABCD,A,Anise,NW,A,Anise,True,False,False,,7.0,2,21,"NE,NW","B,A",1,1,0,0,0,0,0,0,time: 19:28 (after 20 min break),1,19,4.0,False
Example_Animal_07,example_animal_07_four_choice.xlsx,JAX C57,2026-07-10,,Control,WT,unknown,,N/A,JAX,N/A,Y,,Shipped,N/A,N,M,N,"UC Berkeley, Wilbrecht Lab",Aspen,Dark,Bioserv,20.0,Kaytee,,Han-Ning Lu,12:12:00,Y,Y,Y,22:00,,,Y,Control,False,M,discrimination,DISC,2026-09-11,18:16,20:53,ZT 20:16,ZT 22:53,26,35,BCDA,C,Lemon,NE,A,Anise,False,True,False,C_error,37.0,7,4212132,"SE,NE,NW,NE,NW,SW,NE","A,C,B,C,B,D,C",1,2,3,1,0,0,0,0,,0,20,3.0,False
Example_Animal_07,example_animal_07_four_choice.xlsx,JAX C57,2026-07-10,,Control,WT,unknown,,N/A,JAX,N/A,Y,,Shipped,N/A,N,M,N,"UC Berkeley, Wilbrecht Lab",Aspen,Dark,Bioserv,20.0,Kaytee,,Han-Ning Lu,12:12:00,Y,Y,Y,22:00,,,Y,Control,False,M,discrimination,DISC,2026-09-11,18:16,20:53,ZT 20:16,ZT 22:53,27,36,CDAB,A,Anise,SW,A,Anise,True,False,False,,25.0,4,3243,"SW,NE,SE,SW","A,D,B,A",2,1,0,1,0,0,0,0,,1,21,3.0,False
Example_Animal_07,example_animal_07_four_choice.xlsx,JAX C57,2026-07-10,,Control,WT,unknown,,N/A,JAX,N/A,Y,,Shipped,N/A,N,M,N,"UC Berkeley, Wilbrecht Lab",Aspen,Dark,Bioserv,20.0,Kaytee,,Han-Ning Lu,12:12:00,Y,Y,Y,22:00,,,Y,Control,False,M,discrimination,DISC,2026-09-11,18:16,20:53,ZT 20:16,ZT 22:53,28,37,DABC,A,Anise,NE,A,Anise,True,False,False,,126.0,11,43212321432,"SE,SW,NE,NW,NE,SW,NE,NW,SE,SW,NE","C,B,A,D,A,B,A,D,C,B,A",4,3,2,2,0,0,0,0,groom,2,22,4.0,False
Example_Animal_07,example_animal_07_four_choice.xlsx,JAX C57,2026-07-10,,Control,WT,unknown,,N/A,JAX,N/A,Y,,Shipped,N/A,N,M,N,"UC Berkeley, Wilbrecht Lab",Aspen,Dark,Bioserv,20.0,Kaytee,,Han-Ning Lu,12:12:00,Y,Y,Y,22:00,,,Y,Control,False,M,discrimination,DISC,2026-09-11,18:16,20:53,ZT 20:16,ZT 22:53,29,38,ABCD,Omit,Omit,,A,Anise,False,False,True,Omission,180.0,6,414243,"SE,NW,SE,NE,SE,SW","D,A,D,B,D,C",1,1,1,3,0,0,0,0,groom (90-120s),0,22,4.0,False
Example_Animal_07,example_animal_07_four_choice.xlsx,JAX C57,2026-07-10,,Control,WT,unknown,,N/A,JAX,N/A,Y,,Shipped,N/A,N,M,N,"UC Berkeley, Wilbrecht Lab",Aspen,Dark,Bioserv,20.0,Kaytee,,Han-Ning Lu,12:12:00,Y,Y,Y,22:00,,,Y,Control,False,M,discrimination,DISC,2026-09-11,18:16,20:53,ZT 20:16,ZT 22:53,30,39,BCDA,Omit,Omit,,A,Anise,False,False,True,Omission,180.0,24,312423232412324241324323,"SW,NW,NE,SE,NE,SW,NE,SW,NE,SE,NW,NE,SW,NE,SE,NE,SE,NW,SW,NE,SE,SW,NE,SW","D,B,C,A,C,D,C,D,C,A,B,C,D,C,A,C,A,B,D,C,A,D,C,D",5,3,9,7,0,0,0,0,15-20 min break to homecage,0,22,4.0,False
Example_Animal_07,example_animal_07_four_choice.xlsx,JAX C57,2026-07-10,,Control,WT,unknown,,N/A,JAX,N/A,Y,,Shipped,N/A,N,M,N,"UC Berkeley, Wilbrecht Lab",Aspen,Dark,Bioserv,20.0,Kaytee,,Han-Ning Lu,12:12:00,Y,Y,Y,22:00,,,Y,Control,False,M,discrimination,DISC,2026-09-11,18:16,20:53,ZT 20:16,ZT 22:53,31,40,CDAB,Omit,Omit,,A,Anise,False,False,True,Omission,180.0,16,3131243214314131,"SW,NW,SW,NW,NE,SE,SW,NE,NW,SE,SW,NW,SE,NW,SW,NW","A,C,A,C,D,B,A,D,C,B,A,C,B,C,A,C",5,3,6,2,0,0,0,0,resume 20:22,0,22,4.0,False
Example_Animal_07,example_animal_07_four_choice.xlsx,JAX C57,2026-07-10,,Control,WT,unknown,,N/A,JAX,N/A,Y,,Shipped,N/A,N,M,N,"UC Berkeley, Wilbrecht Lab",Aspen,Dark,Bioserv,20.0,Kaytee,,Han-Ning Lu,12:12:00,Y,Y,Y,22:00,,,Y,Control,False,M,discrimination,DISC,2026-09-11,18:16,20:53,ZT 20:16,ZT 22:53,32,41,DABC,A,Anise,NE,A,Anise,True,False,False,,31.0,4,4312,"SE,SW,NW,NE","C,B,D,A",1,1,1,1,0,0,0,0,,1,23,5.0,False
Example_Animal_07,example_animal_07_four_choice.xlsx,JAX C57,2026-07-10,,Control,WT,unknown,,N/A,JAX,N/A,Y,,Shipped,N/A,N,M,N,"UC Berkeley, Wilbrecht Lab",Aspen,Dark,Bioserv,20.0,Kaytee,,Han-Ning Lu,12:12:00,Y,Y,Y,22:00,,,Y,Control,False,M,discrimination,DISC,2026-09-11,18:16,20:53,ZT 20:16,ZT 22:53,33,42,ABCD,Omit,Omit,,A,Anise,False,False,True,Omission,180.0,18,324132124243241412,"SW,NE,SE,NW,SW,NE,NW,NE,SE,NE,SE,SW,NE,SE,NW,SE,NW,NE","C,B,D,A,C,B,A,B,D,B,D,C,B,D,A,D,A,B",4,6,3,5,0,0,0,0,,0,23,5.0,False
Example_Animal_07,example_animal_07_four_choice.xlsx,JAX C57,2026-07-10,,Control,WT,unknown,,N/A,JAX,N/A,Y,,Shipped,N/A,N,M,N,"UC Berkeley, Wilbrecht Lab",Aspen,Dark,Bioserv,20.0,Kaytee,,Han-Ning Lu,12:12:00,Y,Y,Y,22:00,,,Y,Control,False,M,discrimination,DISC,2026-09-11,18:16,20:53,ZT 20:16,ZT 22:53,34,43,BCDA,A,Anise,SE,A,Anise,True,False,False,,54.0,5,41234,"SE,NW,NE,SW,SE","A,B,C,D,A",2,1,1,1,0,0,0,0,,1,24,5.0,False
Example_Animal_07,example_animal_07_four_choice.xlsx,JAX C57,2026-07-10,,Control,WT,unknown,,N/A,JAX,N/A,Y,,Shipped,N/A,N,M,N,"UC Berkeley, Wilbrecht Lab",Aspen,Dark,Bioserv,20.0,Kaytee,,Han-Ning Lu,12:12:00,Y,Y,Y,22:00,,,Y,Control,False,M,discrimination,DISC,2026-09-11,18:16,20:53,ZT 20:16,ZT 22:53,35,44,CDAB,D,Vanilla,NE,A,Anise,False,True,False,D_error,143.0,15,432341434131232,"SE,SW,NE,SW,SE,NW,SE,SW,SE,NW,SW,NW,NE,SW,NE","B,A,D,A,B,C,B,A,B,C,A,C,D,A,D",5,4,3,3,0,0,0,0,,0,25,5.0,False
Example_Animal_07,example_animal_07_four_choice.xlsx,JAX C57,2026-07-10,,Control,WT,unknown,,N/A,JAX,N/A,Y,,Shipped,N/A,N,M,N,"UC Berkeley, Wilbrecht Lab",Aspen,Dark,Bioserv,20.0,Kaytee,,Han-Ning Lu,12:12:00,Y,Y,Y,22:00,,,Y,Control,False,M,discrimination,DISC,2026-09-11,18:16,20:53,ZT 20:16,ZT 22:53,36,45,DABC,A,Anise,NE,A,Anise,True,False,False,,9.0,1,2,NE,A,1,0,0,0,0,0,0,0,,1,26,6.0,False
Example_Animal_07,example_animal_07_four_choice.xlsx,JAX C57,2026-07-10,,Control,WT,unknown,,N/A,JAX,N/A,Y,,Shipped,N/A,N,M,N,"UC Berkeley, Wilbrecht Lab",Aspen,Dark,Bioserv,20.0,Kaytee,,Han-Ning Lu,12:12:00,Y,Y,Y,22:00,,,Y,Control,False,M,discrimination,DISC,2026-09-11,18:16,20:53,ZT 20:16,ZT 22:53,37,46,ABCD,A,Anise,NW,A,Anise,True,False,False,,24.0,2,41,"SE,NW","D,A",1,0,0,1,0,0,0,0,,2,27,7.0,False
Example_Animal_07,example_animal_07_four_choice.xlsx,JAX C57,2026-07-10,,Control,WT,unknown,,N/A,JAX,N/A,Y,,Shipped,N/A,N,M,N,"UC Berkeley, Wilbrecht Lab",Aspen,Dark,Bioserv,20.0,Kaytee,,Han-Ning Lu,12:12:00,Y,Y,Y,22:00,,,Y,Control,False,M,discrimination,DISC,2026-09-11,18:16,20:53,ZT 20:16,ZT 22:53,38,47,BCDA,A,Anise,SE,A,Anise,True,False,False,,64.0,9,323131214,"SW,NE,SW,NW,SW,NW,NE,NW,SE","D,C,D,B,D,B,C,B,A",1,3,2,3,0,0,0,0,,3,28,8.0,False
Example_Animal_07,example_animal_07_four_choice.xlsx,JAX C57,2026-07-10,,Control,WT,unknown,,N/A,JAX,N/A,Y,,Shipped,N/A,N,M,N,"UC Berkeley, Wilbrecht Lab",Aspen,Dark,Bioserv,20.0,Kaytee,,Han-Ning Lu,12:12:00,Y,Y,Y,22:00,,,Y,Control,False,M,discrimination,DISC,2026-09-11,18:16,20:53,ZT 20:16,ZT 22:53,39,48,CDAB,D,Vanilla,NE,A,Anise,False,True,False,D_error,43.0,4,4143,"SE,NW,SE,SW","B,C,B,A",1,2,1,0,0,0,0,0,extra trial done without recording,0,29,7.0,False
Example_Animal_07,example_animal_07_four_choice.xlsx,JAX C57,2026-07-10,,Control,WT,unknown,,N/A,JAX,N/A,Y,,Shipped,N/A,N,M,N,"UC Berkeley, Wilbrecht Lab",Aspen,Dark,Bioserv,20.0,Kaytee,,Han-Ning Lu,12:12:00,Y,Y,Y,22:00,,,Y,Control,False,M,discrimination,DISC,2026-09-11,18:16,20:53,ZT 20:16,ZT 22:53,40,49,DABC,A,Anise,NE,A,Anise,True,False,False,,15.0,3,242,"NE,SE,NE","A,C,A",2,0,1,0,0,0,0,0,,1,30,8.0,False
Example_Animal_07,example_animal_07_four_choice.xlsx,JAX C57,2026-07-10,,Control,WT,unknown,,N/A,JAX,N/A,Y,,Shipped,N/A,N,M,N,"UC Berkeley, Wilbrecht Lab",Aspen,Dark,Bioserv,20.0,Kaytee,,Han-Ning Lu,12:12:00,Y,Y,Y,22:00,,,Y,Control,False,M,recall,RECALL,2026-09-12,17:23,18:44,ZT 19:23,ZT 20:44,1,10,ABCD,Omit,Omit,,A,Anise,False,False,True,Omission,180.0,15,312431423142323,"SW,NW,NE,SE,SW,NW,SE,NE,SW,NW,SE,NE,SW,NE,SW","C,A,B,D,C,A,D,B,C,A,D,B,C,B,C",3,4,5,3,0,0,0,0,,0,0,,False
Example_Animal_07,example_animal_07_four_choice.xlsx,JAX C57,2026-07-10,,Control,WT,unknown,,N/A,JAX,N/A,Y,,Shipped,N/A,N,M,N,"UC Berkeley, Wilbrecht Lab",Aspen,Dark,Bioserv,20.0,Kaytee,,Han-Ning Lu,12:12:00,Y,Y,Y,22:00,,,Y,Control,False,M,recall,RECALL,2026-09-12,17:23,18:44,ZT 19:23,ZT 20:44,2,11,BCDA,Omit,Omit,,A,Anise,False,False,True,Omission,180.0,12,421432424132,"SE,NE,NW,SE,SW,NE,SE,NE,SE,NW,SW,NE","A,C,B,A,D,C,A,C,A,B,D,C",4,2,4,2,0,0,0,0,reminder given,0,0,,False
Example_Animal_07,example_animal_07_four_choice.xlsx,JAX C57,2026-07-10,,Control,WT,unknown,,N/A,JAX,N/A,Y,,Shipped,N/A,N,M,N,"UC Berkeley, Wilbrecht Lab",Aspen,Dark,Bioserv,20.0,Kaytee,,Han-Ning Lu,12:12:00,Y,Y,Y,22:00,,,Y,Control,False,M,recall,RECALL,2026-09-12,17:23,18:44,ZT 19:23,ZT 20:44,3,12,CDAB,A,Anise,SW,A,Anise,True,False,False,,69.0,9,143123143,"NW,SE,SW,NW,NE,SW,NW,SE,SW","C,B,A,C,D,A,C,B,A",3,2,3,1,0,0,0,0,17:36 continue,1,1,,False
Example_Animal_07,example_animal_07_four_choice.xlsx,JAX C57,2026-07-10,,Control,WT,unknown,,N/A,JAX,N/A,Y,,Shipped,N/A,N,M,N,"UC Berkeley, Wilbrecht Lab",Aspen,Dark,Bioserv,20.0,Kaytee,,Han-Ning Lu,12:12:00,Y,Y,Y,22:00,,,Y,Control,False,M,recall,RECALL,2026-09-12,17:23,18:44,ZT 19:23,ZT 20:44,4,13,DABC,D,Vanilla,NW,A,Anise,False,True,False,D_error,41.0,5,42141,"SE,NE,NW,SE,NW","C,A,D,C,D",1,0,2,2,0,0,0,0,,0,2,,False
Example_Animal_07,example_animal_07_four_choice.xlsx,JAX C57,2026-07-10,,Control,WT,unknown,,N/A,JAX,N/A,Y,,Shipped,N/A,N,M,N,"UC Berkeley, Wilbrecht Lab",Aspen,Dark,Bioserv,20.0,Kaytee,,Han-Ning Lu,12:12:00,Y,Y,Y,22:00,,,Y,Control,False,M,recall,RECALL,2026-09-12,17:23,18:44,ZT 19:23,ZT 20:44,5,14,ABCD,B,Cinnamon,NE,A,Anise,False,True,False,B_error,34.0,3,312,"SW,NW,NE","C,A,B",1,1,1,0,0,0,0,0,,0,3,,False
Example_Animal_07,example_animal_07_four_choice.xlsx,JAX C57,2026-07-10,,Control,WT,unknown,,N/A,JAX,N/A,Y,,Shipped,N/A,N,M,N,"UC Berkeley, Wilbrecht Lab",Aspen,Dark,Bioserv,20.0,Kaytee,,Han-Ning Lu,12:12:00,Y,Y,Y,22:00,,,Y,Control,False,M,recall,RECALL,2026-09-12,17:23,18:44,ZT 19:23,ZT 20:44,6,15,BCDA,D,Vanilla,SW,A,Anise,False,True,False,D_error,13.0,2,23,"NE,SW","C,D",0,0,1,1,0,0,0,0,,0,4,,False
Example_Animal_07,example_animal_07_four_choice.xlsx,JAX C57,2026-07-10,,Control,WT,unknown,,N/A,JAX,N/A,Y,,Shipped,N/A,N,M,N,"UC Berkeley, Wilbrecht Lab",Aspen,Dark,Bioserv,20.0,Kaytee,,Han-Ning Lu,12:12:00,Y,Y,Y,22:00,,,Y,Control,False,M,recall,RECALL,2026-09-12,17:23,18:44,ZT 19:23,ZT 20:44,7,16,CDAB,Omit,Omit,,A,Anise,False,False,True,Omission,180.0,8,42424243,"SE,NE,SE,NE,SE,NE,SE,SW","B,D,B,D,B,D,B,A",1,4,0,3,0,0,0,0,groom,0,4,,False
Example_Animal_07,example_animal_07_four_choice.xlsx,JAX C57,2026-07-10,,Control,WT,unknown,,N/A,JAX,N/A,Y,,Shipped,N/A,N,M,N,"UC Berkeley, Wilbrecht Lab",Aspen,Dark,Bioserv,20.0,Kaytee,,Han-Ning Lu,12:12:00,Y,Y,Y,22:00,,,Y,Control,False,M,recall,RECALL,2026-09-12,17:23,18:44,ZT 19:23,ZT 20:44,8,17,DABC,A,Anise,NE,A,Anise,True,False,False,,45.0,5,14242,"NW,SE,NE,SE,NE","D,C,A,C,A",2,0,2,1,0,0,0,0,,1,5,,False
Example_Animal_07,example_animal_07_four_choice.xlsx,JAX C57,2026-07-10,,Control,WT,unknown,,N/A,JAX,N/A,Y,,Shipped,N/A,N,M,N,"UC Berkeley, Wilbrecht Lab",Aspen,Dark,Bioserv,20.0,Kaytee,,Han-Ning Lu,12:12:00,Y,Y,Y,22:00,,,Y,Control,False,M,recall,RECALL,2026-09-12,17:23,18:44,ZT 19:23,ZT 20:44,9,18,ABCD,B,Cinnamon,NE,A,Anise,False,True,False,B_error,24.0,3,312,"SW,NW,NE","C,A,B",1,1,1,0,0,0,0,0,,0,6,,False
Example_Animal_07,example_animal_07_four_choice.xlsx,JAX C57,2026-07-10,,Control,WT,unknown,,N/A,JAX,N/A,Y,,Shipped,N/A,N,M,N,"UC Berkeley, Wilbrecht Lab",Aspen,Dark,Bioserv,20.0,Kaytee,,Han-Ning Lu,12:12:00,Y,Y,Y,22:00,,,Y,Control,False,M,recall,RECALL,2026-09-12,17:23,18:44,ZT 19:23,ZT 20:44,10,19,BCDA,B,Cinnamon,NW,A,Anise,False,True,False,B_error,67.0,2,21,"NE,NW","C,B",0,1,1,0,0,0,0,0,groom,0,7,,False
Example_Animal_07,example_animal_07_four_choice.xlsx,JAX C57,2026-07-10,,Control,WT,unknown,,N/A,JAX,N/A,Y,,Shipped,N/A,N,M,N,"UC Berkeley, Wilbrecht Lab",Aspen,Dark,Bioserv,20.0,Kaytee,,Han-Ning Lu,12:12:00,Y,Y,Y,22:00,,,Y,Control,False,M,recall,RECALL,2026-09-12,17:23,18:44,ZT 19:23,ZT 20:44,11,20,CDAB,B,Cinnamon,SE,A,Anise,False,True,False,B_error,46.0,4,3124,"SW,NW,NE,SE","A,C,D,B",1,1,1,1,0,0,0,0,,0,8,,False
Example_Animal_07,example_animal_07_four_choice.xlsx,JAX C57,2026-07-10,,Control,WT,unknown,,N/A,JAX,N/A,Y,,Shipped,N/A,N,M,N,"UC Berkeley, Wilbrecht Lab",Aspen,Dark,Bioserv,20.0,Kaytee,,Han-Ning Lu,12:12:00,Y,Y,Y,22:00,,,Y,Control,False,M,recall,RECALL,2026-09-12,17:23,18:44,ZT 19:23,ZT 20:44,12,21,DABC,A,Anise,NE,A,Anise,True,False,False,,24.0,2,12,"NW,NE","D,A",1,0,0,1,0,0,0,0,,1,9,,False
Example_Animal_07,example_animal_07_four_choice.xlsx,JAX C57,2026-07-10,,Control,WT,unknown,,N/A,JAX,N/A,Y,,Shipped,N/A,N,M,N,"UC Berkeley, Wilbrecht Lab",Aspen,Dark,Bioserv,20.0,Kaytee,,Han-Ning Lu,12:12:00,Y,Y,Y,22:00,,,Y,Control,False,M,recall,RECALL,2026-09-12,17:23,18:44,ZT 19:23,ZT 20:44,13,22,ABCD,B,Cinnamon,NE,A,Anise,False,True,False,B_error,15.0,2,12,"NW,NE","A,B",1,1,0,0,0,0,0,0,,0,10,3.0,False
Example_Animal_07,example_animal_07_four_choice.xlsx,JAX C57,2026-07-10,,Control,WT,unknown,,N/A,JAX,N/A,Y,,Shipped,N/A,N,M,N,"UC Berkeley, Wilbrecht Lab",Aspen,Dark,Bioserv,20.0,Kaytee,,Han-Ning Lu,12:12:00,Y,Y,Y,22:00,,,Y,Control,False,M,recall,RECALL,2026-09-12,17:23,18:44,ZT 19:23,ZT 20:44,14,23,BCDA,C,Lemon,NE,A,Anise,False,True,False,C_error,18.0,2,32,"SW,NE","D,C",0,0,1,1,0,0,0,0,,0,11,2.0,False
Example_Animal_07,example_animal_07_four_choice.xlsx,JAX C57,2026-07-10,,Control,WT,unknown,,N/A,JAX,N/A,Y,,Shipped,N/A,N,M,N,"UC Berkeley, Wilbrecht Lab",Aspen,Dark,Bioserv,20.0,Kaytee,,Han-Ning Lu,12:12:00,Y,Y,Y,22:00,,,Y,Control,False,M,recall,RECALL,2026-09-12,17:23,18:44,ZT 19:23,ZT 20:44,15,24,CDAB,D,Vanilla,NE,A,Anise,False,True,False,D_error,41.0,4,4242,"SE,NE,SE,NE","B,D,B,D",0,2,0,2,0,0,0,0,climb,0,12,2.0,False
Example_Animal_07,example_animal_07_four_choice.xlsx,JAX C57,2026-07-10,,Control,WT,unknown,,N/A,JAX,N/A,Y,,Shipped,N/A,N,M,N,"UC Berkeley, Wilbrecht Lab",Aspen,Dark,Bioserv,20.0,Kaytee,,Han-Ning Lu,12:12:00,Y,Y,Y,22:00,,,Y,Control,False,M,recall,RECALL,2026-09-12,17:23,18:44,ZT 19:23,ZT 20:44,16,25,DABC,D,Vanilla,NW,A,Anise,False,True,False,D_error,9.0,2,31,"SW,NW","B,D",0,1,0,1,0,0,0,0,,0,13,2.0,False
Example_Animal_07,example_animal_07_four_choice.xlsx,JAX C57,2026-07-10,,Control,WT,unknown,,N/A,JAX,N/A,Y,,Shipped,N/A,N,M,N,"UC Berkeley, Wilbrecht Lab",Aspen,Dark,Bioserv,20.0,Kaytee,,Han-Ning Lu,12:12:00,Y,Y,Y,22:00,,,Y,Control,False,M,recall,RECALL,2026-09-12,17:23,18:44,ZT 19:23,ZT 20:44,17,26,ABCD,B,Cinnamon,NE,A,Anise,False,True,False,B_error,158.0,8,23413242,"NE,SW,SE,NW,SW,NE,SE,NE","B,C,D,A,C,B,D,B",1,3,2,2,0,0,0,0,groom,0,14,2.0,False
Example_Animal_07,example_animal_07_four_choice.xlsx,JAX C57,2026-07-10,,Control,WT,unknown,,N/A,JAX,N/A,Y,,Shipped,N/A,N,M,N,"UC Berkeley, Wilbrecht Lab",Aspen,Dark,Bioserv,20.0,Kaytee,,Han-Ning Lu,12:12:00,Y,Y,Y,22:00,,,Y,Control,False,M,recall,RECALL,2026-09-12,17:23,18:44,ZT 19:23,ZT 20:44,18,27,BCDA,A,Anise,SE,A,Anise,True,False,False,,91.0,4,3414,"SW,SE,NW,SE","D,A,B,A",2,1,0,1,0,0,0,0,,1,15,2.0,False
Example_Animal_07,example_animal_07_four_choice.xlsx,JAX C57,2026-07-10,,Control,WT,unknown,,N/A,JAX,N/A,Y,,Shipped,N/A,N,M,N,"UC Berkeley, Wilbrecht Lab",Aspen,Dark,Bioserv,20.0,Kaytee,,Han-Ning Lu,12:12:00,Y,Y,Y,22:00,,,Y,Control,False,M,recall,RECALL,2026-09-12,17:23,18:44,ZT 19:23,ZT 20:44,19,28,CDAB,D,Vanilla,NE,A,Anise,False,True,False,D_error,39.0,5,24212,"NE,SE,NE,NW,NE","D,B,D,C,D",0,1,1,3,0,0,0,0,,0,16,2.0,False
Example_Animal_07,example_animal_07_four_choice.xlsx,JAX C57,2026-07-10,,Control,WT,unknown,,N/A,JAX,N/A,Y,,Shipped,N/A,N,M,N,"UC Berkeley, Wilbrecht Lab",Aspen,Dark,Bioserv,20.0,Kaytee,,Han-Ning Lu,12:12:00,Y,Y,Y,22:00,,,Y,Control,False,M,recall,RECALL,2026-09-12,17:23,18:44,ZT 19:23,ZT 20:44,20,29,DABC,A,Anise,NE,A,Anise,True,False,False,,8.0,1,2,NE,A,1,0,0,0,0,0,0,0,,1,17,3.0,False
Example_Animal_07,example_animal_07_four_choice.xlsx,JAX C57,2026-07-10,,Control,WT,unknown,,N/A,JAX,N/A,Y,,Shipped,N/A,N,M,N,"UC Berkeley, Wilbrecht Lab",Aspen,Dark,Bioserv,20.0,Kaytee,,Han-Ning Lu,12:12:00,Y,Y,Y,22:00,,,Y,Control,False,M,recall,RECALL,2026-09-12,17:23,18:44,ZT 19:23,ZT 20:44,21,30,ABCD,B,Cinnamon,NE,A,Anise,False,True,False,B_error,6.0,1,2,NE,B,0,1,0,0,0,0,0,0,,0,18,3.0,False
Example_Animal_07,example_animal_07_four_choice.xlsx,JAX C57,2026-07-10,,Control,WT,unknown,,N/A,JAX,N/A,Y,,Shipped,N/A,N,M,N,"UC Berkeley, Wilbrecht Lab",Aspen,Dark,Bioserv,20.0,Kaytee,,Han-Ning Lu,12:12:00,Y,Y,Y,22:00,,,Y,Control,False,M,recall,RECALL,2026-09-12,17:23,18:44,ZT 19:23,ZT 20:44,22,31,BCDA,D,Vanilla,SW,A,Anise,False,True,False,D_error,27.0,4,4323,"SE,SW,NE,SW","A,D,C,D",1,0,1,2,0,0,0,0,,0,19,2.0,False
Example_Animal_07,example_animal_07_four_choice.xlsx,JAX C57,2026-07-10,,Control,WT,unknown,,N/A,JAX,N/A,Y,,Shipped,N/A,N,M,N,"UC Berkeley, Wilbrecht Lab",Aspen,Dark,Bioserv,20.0,Kaytee,,Han-Ning Lu,12:12:00,Y,Y,Y,22:00,,,Y,Control,False,M,recall,RECALL,2026-09-12,17:23,18:44,ZT 19:23,ZT 20:44,23,32,CDAB,B,Cinnamon,SE,A,Anise,False,True,False,B_error,64.0,3,324,"SW,NE,SE","A,D,B",1,1,0,1,0,0,0,0,groom,0,20,2.0,False
Example_Animal_07,example_animal_07_four_choice.xlsx,JAX C57,2026-07-10,,Control,WT,unknown,,N/A,JAX,N/A,Y,,Shipped,N/A,N,M,N,"UC Berkeley, Wilbrecht Lab",Aspen,Dark,Bioserv,20.0,Kaytee,,Han-Ning Lu,12:12:00,Y,Y,Y,22:00,,,Y,Control,False,M,recall,RECALL,2026-09-12,17:23,18:44,ZT 19:23,ZT 20:44,24,33,DABC,D,Vanilla,NW,A,Anise,False,True,False,D_error,35.0,5,34241,"SW,SE,NE,SE,NW","B,C,A,C,D",1,1,2,1,0,0,0,0,,0,21,2.0,False
Example_Animal_07,example_animal_07_four_choice.xlsx,JAX C57,2026-07-10,,Control,WT,unknown,,N/A,JAX,N/A,Y,,Shipped,N/A,N,M,N,"UC Berkeley, Wilbrecht Lab",Aspen,Dark,Bioserv,20.0,Kaytee,,Han-Ning Lu,12:12:00,Y,Y,Y,22:00,,,Y,Control,False,M,recall,RECALL,2026-09-12,17:23,18:44,ZT 19:23,ZT 20:44,25,34,ABCD,D,Vanilla,SE,A,Anise,False,True,False,D_error,34.0,4,1214,"NW,NE,NW,SE","A,B,A,D",2,1,0,1,0,0,0,0,,0,22,2.0,False
Example_Animal_07,example_animal_07_four_choice.xlsx,JAX C57,2026-07-10,,Control,WT,unknown,,N/A,JAX,N/A,Y,,Shipped,N/A,N,M,N,"UC Berkeley, Wilbrecht Lab",Aspen,Dark,Bioserv,20.0,Kaytee,,Han-Ning Lu,12:12:00,Y,Y,Y,22:00,,,Y,Control,False,M,recall,RECALL,2026-09-12,17:23,18:44,ZT 19:23,ZT 20:44,26,35,BCDA,A,Anise,SE,A,Anise,True,False,False,,21.0,3,324,"SW,NE,SE","D,C,A",1,0,1,1,0,0,0,0,,1,23,3.0,False
Example_Animal_07,example_animal_07_four_choice.xlsx,JAX C57,2026-07-10,,Control,WT,unknown,,N/A,JAX,N/A,Y,,Shipped,N/A,N,M,N,"UC Berkeley, Wilbrecht Lab",Aspen,Dark,Bioserv,20.0,Kaytee,,Han-Ning Lu,12:12:00,Y,Y,Y,22:00,,,Y,Control,False,M,recall,RECALL,2026-09-12,17:23,18:44,ZT 19:23,ZT 20:44,27,36,CDAB,D,Vanilla,NE,A,Anise,False,True,False,D_error,9.0,2,42,"SE,NE","B,D",0,1,0,1,0,0,0,0,,0,24,3.0,False
Example_Animal_07,example_animal_07_four_choice.xlsx,JAX C57,2026-07-10,,Control,WT,unknown,,N/A,JAX,N/A,Y,,Shipped,N/A,N,M,N,"UC Berkeley, Wilbrecht Lab",Aspen,Dark,Bioserv,20.0,Kaytee,,Han-Ning Lu,12:12:00,Y,Y,Y,22:00,,,Y,Control,False,M,recall,RECALL,2026-09-12,17:23,18:44,ZT 19:23,ZT 20:44,28,37,DABC,B,Cinnamon,SW,A,Anise,False,True,False,B_error,58.0,6,342413,"SW,SE,NE,SE,NW,SW","B,C,A,C,D,B",1,2,2,1,0,0,0,0,climb,0,25,2.0,False
Example_Animal_07,example_animal_07_four_choice.xlsx,JAX C57,2026-07-10,,Control,WT,unknown,,N/A,JAX,N/A,Y,,Shipped,N/A,N,M,N,"UC Berkeley, Wilbrecht Lab",Aspen,Dark,Bioserv,20.0,Kaytee,,Han-Ning Lu,12:12:00,Y,Y,Y,22:00,,,Y,Control,False,M,recall,RECALL,2026-09-12,17:23,18:44,ZT 19:23,ZT 20:44,29,38,ABCD,B,Cinnamon,NE,A,Anise,False,True,False,B_error,10.0,3,342,"SW,SE,NE","C,D,B",0,1,1,1,0,0,0,0,,0,26,2.0,False
Example_Animal_07,example_animal_07_four_choice.xlsx,JAX C57,2026-07-10,,Control,WT,unknown,,N/A,JAX,N/A,Y,,Shipped,N/A,N,M,N,"UC Berkeley, Wilbrecht Lab",Aspen,Dark,Bioserv,20.0,Kaytee,,Han-Ning Lu,12:12:00,Y,Y,Y,22:00,,,Y,Control,False,M,recall,RECALL,2026-09-12,17:23,18:44,ZT 19:23,ZT 20:44,30,39,BCDA,B,Cinnamon,NW,A,Anise,False,True,False,B_error,16.0,2,21,"NE,NW","C,B",0,1,1,0,0,0,0,0,,0,27,1.0,False
Example_Animal_07,example_animal_07_four_choice.xlsx,JAX C57,2026-07-10,,Control,WT,unknown,,N/A,JAX,N/A,Y,,Shipped,N/A,N,M,N,"UC Berkeley, Wilbrecht Lab",Aspen,Dark,Bioserv,20.0,Kaytee,,Han-Ning Lu,12:12:00,Y,Y,Y,22:00,,,Y,Control,False,M,recall,RECALL,2026-09-12,17:23,18:44,ZT 19:23,ZT 20:44,31,40,CDAB,A,Anise,SW,A,Anise,True,False,False,,35.0,6,124313,"NW,NE,SE,SW,NW,SW","C,D,B,A,C,A",2,1,2,1,0,0,0,0,,1,28,2.0,False
Example_Animal_07,example_animal_07_four_choice.xlsx,JAX C57,2026-07-10,,Control,WT,unknown,,N/A,JAX,N/A,Y,,Shipped,N/A,N,M,N,"UC Berkeley, Wilbrecht Lab",Aspen,Dark,Bioserv,20.0,Kaytee,,Han-Ning Lu,12:12:00,Y,Y,Y,22:00,,,Y,Control,False,M,recall,RECALL,2026-09-12,17:23,18:44,ZT 19:23,ZT 20:44,32,41,DABC,B,Cinnamon,SW,A,Anise,False,True,False,B_error,4.0,1,3,SW,B,0,1,0,0,0,0,0,0,,0,29,2.0,False
Example_Animal_07,example_animal_07_four_choice.xlsx,JAX C57,2026-07-10,,Control,WT,unknown,,N/A,JAX,N/A,Y,,Shipped,N/A,N,M,N,"UC Berkeley, Wilbrecht Lab",Aspen,Dark,Bioserv,20.0,Kaytee,,Han-Ning Lu,12:12:00,Y,Y,Y,22:00,,,Y,Control,False,M,recall,RECALL,2026-09-12,17:23,18:44,ZT 19:23,ZT 20:44,33,42,ABCD,A,Anise,NW,A,Anise,True,False,False,,2.0,1,1,NW,A,1,0,0,0,0,0,0,0,,1,30,3.0,False
Example_Animal_07,example_animal_07_four_choice.xlsx,JAX C57,2026-07-10,,Control,WT,unknown,,N/A,JAX,N/A,Y,,Shipped,N/A,N,M,N,"UC Berkeley, Wilbrecht Lab",Aspen,Dark,Bioserv,20.0,Kaytee,,Han-Ning Lu,12:12:00,Y,Y,Y,22:00,,,Y,Control,False,M,recall,RECALL,2026-09-12,17:23,18:44,ZT 19:23,ZT 20:44,34,43,BCDA,A,Anise,SE,A,Anise,True,False,False,,18.0,4,3124,"SW,NW,NE,SE","D,B,C,A",1,1,1,1,0,0,0,0,,2,31,4.0,False
Example_Animal_07,example_animal_07_four_choice.xlsx,JAX C57,2026-07-10,,Control,WT,unknown,,N/A,JAX,N/A,Y,,Shipped,N/A,N,M,N,"UC Berkeley, Wilbrecht Lab",Aspen,Dark,Bioserv,20.0,Kaytee,,Han-Ning Lu,12:12:00,Y,Y,Y,22:00,,,Y,Control,False,M,recall,RECALL,2026-09-12,17:23,18:44,ZT 19:23,ZT 20:44,35,44,CDAB,A,Anise,SW,A,Anise,True,False,False,,2.0,1,3,SW,A,1,0,0,0,0,0,0,0,,3,32,5.0,False
Example_Animal_07,example_animal_07_four_choice.xlsx,JAX C57,2026-07-10,,Control,WT,unknown,,N/A,JAX,N/A,Y,,Shipped,N/A,N,M,N,"UC Berkeley, Wilbrecht Lab",Aspen,Dark,Bioserv,20.0,Kaytee,,Han-Ning Lu,12:12:00,Y,Y,Y,22:00,,,Y,Control,False,M,recall,RECALL,2026-09-12,17:23,18:44,ZT 19:23,ZT 20:44,36,45,DABC,B,Cinnamon,SW,A,Anise,False,True,False,B_error,6.0,1,4,SE,C,0,0,1,0,0,0,0,0,,0,33,4.0,False
Example_Animal_07,example_animal_07_four_choice.xlsx,JAX C57,2026-07-10,,Control,WT,unknown,,N/A,JAX,N/A,Y,,Shipped,N/A,N,M,N,"UC Berkeley, Wilbrecht Lab",Aspen,Dark,Bioserv,20.0,Kaytee,,Han-Ning Lu,12:12:00,Y,Y,Y,22:00,,,Y,Control,False,M,recall,RECALL,2026-09-12,17:23,18:44,ZT 19:23,ZT 20:44,37,46,ABCD,A,Anise,NW,A,Anise,True,False,False,,176.0,12,241432431241,"NE,SE,NW,SE,SW,NE,SE,SW,NW,NE,SE,NW","B,D,A,D,C,B,D,C,A,B,D,A",3,3,2,4,0,0,0,0,groom,1,34,5.0,False
Example_Animal_07,example_animal_07_four_choice.xlsx,JAX C57,2026-07-10,,Control,WT,unknown,,N/A,JAX,N/A,Y,,Shipped,N/A,N,M,N,"UC Berkeley, Wilbrecht Lab",Aspen,Dark,Bioserv,20.0,Kaytee,,Han-Ning Lu,12:12:00,Y,Y,Y,22:00,,,Y,Control,False,M,recall,RECALL,2026-09-12,17:23,18:44,ZT 19:23,ZT 20:44,38,47,BCDA,A,Anise,SE,A,Anise,True,False,False,,145.0,8,23134134,"NE,SW,NW,SW,SE,NW,SW,SE","C,D,B,D,A,B,D,A",2,2,1,3,0,0,0,0,"smelling under O3, groom, climb",2,35,6.0,False
Example_Animal_07,example_animal_07_four_choice.xlsx,JAX C57,2026-07-10,,Control,WT,unknown,,N/A,JAX,N/A,Y,,Shipped,N/A,N,M,N,"UC Berkeley, Wilbrecht Lab",Aspen,Dark,Bioserv,20.0,Kaytee,,Han-Ning Lu,12:12:00,Y,Y,Y,22:00,,,Y,Control,False,M,recall,RECALL,2026-09-12,17:23,18:44,ZT 19:23,ZT 20:44,39,48,CDAB,A,Anise,SW,A,Anise,True,False,False,,38.0,5,24343,"NE,SE,SW,SE,SW","D,B,A,B,A",2,2,0,1,0,0,0,0,,3,36,7.0,False
Example_Animal_07,example_animal_07_four_choice.xlsx,JAX C57,2026-07-10,,Control,WT,unknown,,N/A,JAX,N/A,Y,,Shipped,N/A,N,M,N,"UC Berkeley, Wilbrecht Lab",Aspen,Dark,Bioserv,20.0,Kaytee,,Han-Ning Lu,12:12:00,Y,Y,Y,22:00,,,Y,Control,False,M,recall,RECALL,2026-09-12,17:23,18:44,ZT 19:23,ZT 20:44,40,49,DABC,B,Cinnamon,SW,A,Anise,False,True,False,B_error,18.0,3,313,"SW,NW,SW","B,D,B",0,2,0,1,0,0,0,0,,0,37,7.0,False
Example_Animal_07,example_animal_07_four_choice.xlsx,JAX C57,2026-07-10,,Control,WT,unknown,,N/A,JAX,N/A,Y,,Shipped,N/A,N,M,N,"UC Berkeley, Wilbrecht Lab",Aspen,Dark,Bioserv,20.0,Kaytee,,Han-Ning Lu,12:12:00,Y,Y,Y,22:00,,,Y,Control,False,M,recall,RECALL,2026-09-12,17:23,18:44,ZT 19:23,ZT 20:44,41,50,ABCD,A,Anise,NW,A,Anise,True,False,False,,47.0,7,4232431,"SE,NE,SW,NE,SE,SW,NW","D,B,C,B,D,C,A",1,2,2,2,0,0,0,0,,1,38,7.0,False
Example_Animal_07,example_animal_07_four_choice.xlsx,JAX C57,2026-07-10,,Control,WT,unknown,,N/A,JAX,N/A,Y,,Shipped,N/A,N,M,N,"UC Berkeley, Wilbrecht Lab",Aspen,Dark,Bioserv,20.0,Kaytee,,Han-Ning Lu,12:12:00,Y,Y,Y,22:00,,,Y,Control,False,M,recall,RECALL,2026-09-12,17:23,18:44,ZT 19:23,ZT 20:44,42,51,BCDA,A,Anise,SE,A,Anise,True,False,False,,5.0,1,4,SE,A,1,0,0,0,0,0,0,0,,2,39,8.0,False
Example_Animal_07,example_animal_07_four_choice.xlsx,JAX C57,2026-07-10,,Control,WT,unknown,,N/A,JAX,N/A,Y,,Shipped,N/A,N,M,N,"UC Berkeley, Wilbrecht Lab",Aspen,Dark,Bioserv,20.0,Kaytee,,Han-Ning Lu,12:12:00,Y,Y,Y,22:00,,,Y,Control,False,M,reversal,REV,2026-09-12,18:50,20:07,ZT 20:50,ZT 22:07,1,10,ABCD,D,Mint,SE,B,Cinnamon,False,True,False,Novel,57.0,3,314,"SW,NW,SE","C,A,D",1,0,1,1,0,0,0,0,,0,1,,False
Example_Animal_07,example_animal_07_four_choice.xlsx,JAX C57,2026-07-10,,Control,WT,unknown,,N/A,JAX,N/A,Y,,Shipped,N/A,N,M,N,"UC Berkeley, Wilbrecht Lab",Aspen,Dark,Bioserv,20.0,Kaytee,,Han-Ning Lu,12:12:00,Y,Y,Y,22:00,,,Y,Control,False,M,reversal,REV,2026-09-12,18:50,20:07,ZT 20:50,ZT 22:07,2,11,BCDA,A,Anise,SE,B,Cinnamon,False,True,False,Perseverative,18.0,2,34,"SW,SE","D,A",1,0,0,1,0,0,0,0,,0,2,,False
Example_Animal_07,example_animal_07_four_choice.xlsx,JAX C57,2026-07-10,,Control,WT,unknown,,N/A,JAX,N/A,Y,,Shipped,N/A,N,M,N,"UC Berkeley, Wilbrecht Lab",Aspen,Dark,Bioserv,20.0,Kaytee,,Han-Ning Lu,12:12:00,Y,Y,Y,22:00,,,Y,Control,False,M,reversal,REV,2026-09-12,18:50,20:07,ZT 20:50,ZT 22:07,3,12,CDAB,A,Anise,SW,B,Cinnamon,False,True,False,Perseverative,13.0,2,23,"NE,SW","D,A",1,0,0,1,0,0,0,0,,0,3,,False
Example_Animal_07,example_animal_07_four_choice.xlsx,JAX C57,2026-07-10,,Control,WT,unknown,,N/A,JAX,N/A,Y,,Shipped,N/A,N,M,N,"UC Berkeley, Wilbrecht Lab",Aspen,Dark,Bioserv,20.0,Kaytee,,Han-Ning Lu,12:12:00,Y,Y,Y,22:00,,,Y,Control,False,M,reversal,REV,2026-09-12,18:50,20:07,ZT 20:50,ZT 22:07,4,13,DABC,Omit,Omit,,B,Cinnamon,False,False,True,,180.0,26,24124324124243243212431241,"NE,SE,NW,NE,SE,SW,NE,SE,NW,NE,SE,NE,SE,SW,NE,SE,SW,NE,NW,NE,SE,SW,NW,NE,SE,NW","A,C,D,A,C,B,A,C,D,A,C,A,C,B,A,C,B,A,D,A,C,B,D,A,C,D",9,4,8,5,0,0,0,0,,0,3,,False
Example_Animal_07,example_animal_07_four_choice.xlsx,JAX C57,2026-07-10,,Control,WT,unknown,,N/A,JAX,N/A,Y,,Shipped,N/A,N,M,N,"UC Berkeley, Wilbrecht Lab",Aspen,Dark,Bioserv,20.0,Kaytee,,Han-Ning Lu,12:12:00,Y,Y,Y,22:00,,,Y,Control,False,M,reversal,REV,2026-09-12,18:50,20:07,ZT 20:50,ZT 22:07,5,14,ABCD,A,Anise,NW,B,Cinnamon,False,True,False,Perseverative,86.0,15,241231243231231,"NE,SE,NW,NE,SW,NW,NE,SE,SW,NE,SW,NW,NE,SW,NW","B,D,A,B,C,A,B,D,C,B,C,A,B,C,A",4,5,4,2,0,0,0,0,,0,4,,False
Example_Animal_07,example_animal_07_four_choice.xlsx,JAX C57,2026-07-10,,Control,WT,unknown,,N/A,JAX,N/A,Y,,Shipped,N/A,N,M,N,"UC Berkeley, Wilbrecht Lab",Aspen,Dark,Bioserv,20.0,Kaytee,,Han-Ning Lu,12:12:00,Y,Y,Y,22:00,,,Y,Control,False,M,reversal,REV,2026-09-12,18:50,20:07,ZT 20:50,ZT 22:07,6,15,BCDA,A,Anise,SE,B,Cinnamon,False,True,False,Perseverative,75.0,12,431324313434,"SE,SW,NW,SW,NE,SE,SW,NW,SW,SE,SW,SE","A,D,B,D,C,A,D,B,D,A,D,A",4,2,1,5,0,0,0,0,,0,5,,False
Example_Animal_07,example_animal_07_four_choice.xlsx,JAX C57,2026-07-10,,Control,WT,unknown,,N/A,JAX,N/A,Y,,Shipped,N/A,N,M,N,"UC Berkeley, Wilbrecht Lab",Aspen,Dark,Bioserv,20.0,Kaytee,,Han-Ning Lu,12:12:00,Y,Y,Y,22:00,,,Y,Control,False,M,reversal,REV,2026-09-12,18:50,20:07,ZT 20:50,ZT 22:07,7,16,CDAB,Omit,Omit,,B,Cinnamon,False,False,True,,180.0,24,242134242424231241432124,"NE,SE,NE,NW,SW,SE,NE,SE,NE,SE,NE,SE,NE,SW,NW,NE,SE,NW,SE,SW,NE,NW,NE,SE","D,B,D,C,A,B,D,B,D,B,D,B,D,A,C,D,B,C,B,A,D,C,D,B",3,8,4,9,0,0,0,0,,0,5,,False
Example_Animal_07,example_animal_07_four_choice.xlsx,JAX C57,2026-07-10,,Control,WT,unknown,,N/A,JAX,N/A,Y,,Shipped,N/A,N,M,N,"UC Berkeley, Wilbrecht Lab",Aspen,Dark,Bioserv,20.0,Kaytee,,Han-Ning Lu,12:12:00,Y,Y,Y,22:00,,,Y,Control,False,M,reversal,REV,2026-09-12,18:50,20:07,ZT 20:50,ZT 22:07,8,17,DABC,A,Anise,NE,B,Cinnamon,False,True,False,Perseverative,43.0,7,2432432,"NE,SE,SW,NE,SE,SW,NE","A,C,B,A,C,B,A",3,2,2,0,0,0,0,0,,0,6,,False
Example_Animal_07,example_animal_07_four_choice.xlsx,JAX C57,2026-07-10,,Control,WT,unknown,,N/A,JAX,N/A,Y,,Shipped,N/A,N,M,N,"UC Berkeley, Wilbrecht Lab",Aspen,Dark,Bioserv,20.0,Kaytee,,Han-Ning Lu,12:12:00,Y,Y,Y,22:00,,,Y,Control,False,M,reversal,REV,2026-09-12,18:50,20:07,ZT 20:50,ZT 22:07,9,18,ABCD,Omit,Omit,,B,Cinnamon,False,False,True,,180.0,22,3124342424324324124231,"SW,NW,NE,SE,SW,SE,NE,SE,NE,SE,SW,NE,SE,SW,NE,SE,NW,NE,SE,NE,SW,NW","C,A,B,D,C,D,B,D,B,D,C,B,D,C,B,D,A,B,D,B,C,A",3,7,5,7,0,0,0,0,,0,6,,False
Example_Animal_07,example_animal_07_four_choice.xlsx,JAX C57,2026-07-10,,Control,WT,unknown,,N/A,JAX,N/A,Y,,Shipped,N/A,N,M,N,"UC Berkeley, Wilbrecht Lab",Aspen,Dark,Bioserv,20.0,Kaytee,,Han-Ning Lu,12:12:00,Y,Y,Y,22:00,,,Y,Control,False,M,reversal,REV,2026-09-12,18:50,20:07,ZT 20:50,ZT 22:07,10,19,BCDA,A,Anise,SE,B,Cinnamon,False,True,False,Perseverative,42.0,4,2434,"NE,SE,SW,SE","C,A,D,A",2,0,1,1,0,0,0,0,,0,7,,False
Example_Animal_07,example_animal_07_four_choice.xlsx,JAX C57,2026-07-10,,Control,WT,unknown,,N/A,JAX,N/A,Y,,Shipped,N/A,N,M,N,"UC Berkeley, Wilbrecht Lab",Aspen,Dark,Bioserv,20.0,Kaytee,,Han-Ning Lu,12:12:00,Y,Y,Y,22:00,,,Y,Control,False,M,reversal,REV,2026-09-12,18:50,20:07,ZT 20:50,ZT 22:07,11,20,CDAB,A,Anise,SW,B,Cinnamon,False,True,False,Perseverative,3.0,1,3,SW,A,1,0,0,0,0,0,0,0,,0,8,,False
Example_Animal_07,example_animal_07_four_choice.xlsx,JAX C57,2026-07-10,,Control,WT,unknown,,N/A,JAX,N/A,Y,,Shipped,N/A,N,M,N,"UC Berkeley, Wilbrecht Lab",Aspen,Dark,Bioserv,20.0,Kaytee,,Han-Ning Lu,12:12:00,Y,Y,Y,22:00,,,Y,Control,False,M,reversal,REV,2026-09-12,18:50,20:07,ZT 20:50,ZT 22:07,12,21,DABC,Omit,Omit,,B,Cinnamon,False,False,True,,180.0,14,32412324124142,"SW,NE,SE,NW,NE,SW,NE,SE,NW,NE,SE,NW,SE,NE","B,A,C,D,A,B,A,C,D,A,C,D,C,A",5,2,4,3,0,0,0,0,,0,8,,False
Example_Animal_07,example_animal_07_four_choice.xlsx,JAX C57,2026-07-10,,Control,WT,unknown,,N/A,JAX,N/A,Y,,Shipped,N/A,N,M,N,"UC Berkeley, Wilbrecht Lab",Aspen,Dark,Bioserv,20.0,Kaytee,,Han-Ning Lu,12:12:00,Y,Y,Y,22:00,,,Y,Control,False,M,reversal,REV,2026-09-12,18:50,20:07,ZT 20:50,ZT 22:07,13,22,ABCD,A,Anise,NW,B,Cinnamon,False,True,False,Perseverative,25.0,5,31241,"SW,NW,NE,SE,NW","C,A,B,D,A",2,1,1,1,0,0,0,0,,0,9,,False
Example_Animal_07,example_animal_07_four_choice.xlsx,JAX C57,2026-07-10,,Control,WT,unknown,,N/A,JAX,N/A,Y,,Shipped,N/A,N,M,N,"UC Berkeley, Wilbrecht Lab",Aspen,Dark,Bioserv,20.0,Kaytee,,Han-Ning Lu,12:12:00,Y,Y,Y,22:00,,,Y,Control,False,M,reversal,REV,2026-09-12,18:50,20:07,ZT 20:50,ZT 22:07,14,23,BCDA,A,Anise,SE,B,Cinnamon,False,True,False,Perseverative,42.0,5,43434,"SE,SW,SE,SW,SE","A,D,A,D,A",3,0,0,2,0,0,0,0,,0,10,0.0,False
Example_Animal_07,example_animal_07_four_choice.xlsx,JAX C57,2026-07-10,,Control,WT,unknown,,N/A,JAX,N/A,Y,,Shipped,N/A,N,M,N,"UC Berkeley, Wilbrecht Lab",Aspen,Dark,Bioserv,20.0,Kaytee,,Han-Ning Lu,12:12:00,Y,Y,Y,22:00,,,Y,Control,False,M,reversal,REV,2026-09-12,18:50,20:07,ZT 20:50,ZT 22:07,15,24,CDAB,B,Cinnamon,SE,B,Cinnamon,True,False,False,,15.0,3,324,"SW,NE,SE","A,D,B",1,1,0,1,0,0,0,0,,1,11,1.0,True
Example_Animal_07,example_animal_07_four_choice.xlsx,JAX C57,2026-07-10,,Control,WT,unknown,,N/A,JAX,N/A,Y,,Shipped,N/A,N,M,N,"UC Berkeley, Wilbrecht Lab",Aspen,Dark,Bioserv,20.0,Kaytee,,Han-Ning Lu,12:12:00,Y,Y,Y,22:00,,,Y,Control,False,M,reversal,REV,2026-09-12,18:50,20:07,ZT 20:50,ZT 22:07,16,25,DABC,B,Cinnamon,SW,B,Cinnamon,True,False,False,,22.0,4,4243,"SE,NE,SE,SW","C,A,C,B",1,1,2,0,0,0,0,0,,2,12,2.0,True
Example_Animal_07,example_animal_07_four_choice.xlsx,JAX C57,2026-07-10,,Control,WT,unknown,,N/A,JAX,N/A,Y,,Shipped,N/A,N,M,N,"UC Berkeley, Wilbrecht Lab",Aspen,Dark,Bioserv,20.0,Kaytee,,Han-Ning Lu,12:12:00,Y,Y,Y,22:00,,,Y,Control,False,M,reversal,REV,2026-09-12,18:50,20:07,ZT 20:50,ZT 22:07,17,26,ABCD,A,Anise,NW,B,Cinnamon,False,True,False,Regressive,4.0,1,1,NW,A,1,0,0,0,0,0,0,0,,0,13,2.0,True
Example_Animal_07,example_animal_07_four_choice.xlsx,JAX C57,2026-07-10,,Control,WT,unknown,,N/A,JAX,N/A,Y,,Shipped,N/A,N,M,N,"UC Berkeley, Wilbrecht Lab",Aspen,Dark,Bioserv,20.0,Kaytee,,Han-Ning Lu,12:12:00,Y,Y,Y,22:00,,,Y,Control,False,M,reversal,REV,2026-09-12,18:50,20:07,ZT 20:50,ZT 22:07,18,27,BCDA,B,Cinnamon,NW,B,Cinnamon,True,False,False,,28.0,3,231,"NE,SW,NW","C,D,B",0,1,1,1,0,0,0,0,,1,14,3.0,True
Example_Animal_07,example_animal_07_four_choice.xlsx,JAX C57,2026-07-10,,Control,WT,unknown,,N/A,JAX,N/A,Y,,Shipped,N/A,N,M,N,"UC Berkeley, Wilbrecht Lab",Aspen,Dark,Bioserv,20.0,Kaytee,,Han-Ning Lu,12:12:00,Y,Y,Y,22:00,,,Y,Control,False,M,reversal,REV,2026-09-12,18:50,20:07,ZT 20:50,ZT 22:07,19,28,CDAB,A,Anise,SW,B,Cinnamon,False,True,False,Regressive,2.0,1,3,SW,A,1,0,0,0,0,0,0,0,,0,15,3.0,True
Example_Animal_07,example_animal_07_four_choice.xlsx,JAX C57,2026-07-10,,Control,WT,unknown,,N/A,JAX,N/A,Y,,Shipped,N/A,N,M,N,"UC Berkeley, Wilbrecht Lab",Aspen,Dark,Bioserv,20.0,Kaytee,,Han-Ning Lu,12:12:00,Y,Y,Y,22:00,,,Y,Control,False,M,reversal,REV,2026-09-12,18:50,20:07,ZT 20:50,ZT 22:07,20,29,DABC,A,Anise,NE,B,Cinnamon,False,True,False,Regressive,6.0,2,32,"SW,NE","B,A",1,1,0,0,0,0,0,0,,0,16,3.0,True
Example_Animal_07,example_animal_07_four_choice.xlsx,JAX C57,2026-07-10,,Control,WT,unknown,,N/A,JAX,N/A,Y,,Shipped,N/A,N,M,N,"UC Berkeley, Wilbrecht Lab",Aspen,Dark,Bioserv,20.0,Kaytee,,Han-Ning Lu,12:12:00,Y,Y,Y,22:00,,,Y,Control,False,M,reversal,REV,2026-09-12,18:50,20:07,ZT 20:50,ZT 22:07,21,30,ABCD,A,Anise,NW,B,Cinnamon,False,True,False,Regressive,23.0,6,143131,"NW,SE,SW,NW,SW,NW","A,D,C,A,C,A",3,0,2,1,0,0,0,0,,0,17,3.0,True
Example_Animal_07,example_animal_07_four_choice.xlsx,JAX C57,2026-07-10,,Control,WT,unknown,,N/A,JAX,N/A,Y,,Shipped,N/A,N,M,N,"UC Berkeley, Wilbrecht Lab",Aspen,Dark,Bioserv,20.0,Kaytee,,Han-Ning Lu,12:12:00,Y,Y,Y,22:00,,,Y,Control,False,M,reversal,REV,2026-09-12,18:50,20:07,ZT 20:50,ZT 22:07,22,31,BCDA,Omit,Omit,,B,Cinnamon,False,False,True,,180.0,18,432421242124242424,"SE,SW,NE,SE,NE,NW,NE,SE,NE,NW,NE,SE,NE,SE,NE,SE,NE,SE","A,D,C,A,C,B,C,A,C,B,C,A,C,A,C,A,C,A",7,2,8,1,0,0,0,0,,0,17,3.0,True
Example_Animal_07,example_animal_07_four_choice.xlsx,JAX C57,2026-07-10,,Control,WT,unknown,,N/A,JAX,N/A,Y,,Shipped,N/A,N,M,N,"UC Berkeley, Wilbrecht Lab",Aspen,Dark,Bioserv,20.0,Kaytee,,Han-Ning Lu,12:12:00,Y,Y,Y,22:00,,,Y,Control,False,M,reversal,REV,2026-09-12,18:50,20:07,ZT 20:50,ZT 22:07,23,32,CDAB,B,Cinnamon,SE,B,Cinnamon,True,False,False,,8.0,1,4,SE,B,0,1,0,0,0,0,0,0,,1,18,4.0,True
Example_Animal_07,example_animal_07_four_choice.xlsx,JAX C57,2026-07-10,,Control,WT,unknown,,N/A,JAX,N/A,Y,,Shipped,N/A,N,M,N,"UC Berkeley, Wilbrecht Lab",Aspen,Dark,Bioserv,20.0,Kaytee,,Han-Ning Lu,12:12:00,Y,Y,Y,22:00,,,Y,Control,False,M,reversal,REV,2026-09-12,18:50,20:07,ZT 20:50,ZT 22:07,24,33,DABC,C,Lemon,SE,B,Cinnamon,False,True,False,Irrelevant,3.0,1,4,SE,C,0,0,1,0,0,0,0,0,,0,19,4.0,True
Example_Animal_07,example_animal_07_four_choice.xlsx,JAX C57,2026-07-10,,Control,WT,unknown,,N/A,JAX,N/A,Y,,Shipped,N/A,N,M,N,"UC Berkeley, Wilbrecht Lab",Aspen,Dark,Bioserv,20.0,Kaytee,,Han-Ning Lu,12:12:00,Y,Y,Y,22:00,,,Y,Control,False,M,reversal,REV,2026-09-12,18:50,20:07,ZT 20:50,ZT 22:07,25,34,ABCD,C,Lemon,SW,B,Cinnamon,False,True,False,Irrelevant,6.0,2,13,"NW,SW","A,C",1,0,1,0,0,0,0,0,,0,20,4.0,True
Example_Animal_07,example_animal_07_four_choice.xlsx,JAX C57,2026-07-10,,Control,WT,unknown,,N/A,JAX,N/A,Y,,Shipped,N/A,N,M,N,"UC Berkeley, Wilbrecht Lab",Aspen,Dark,Bioserv,20.0,Kaytee,,Han-Ning Lu,12:12:00,Y,Y,Y,22:00,,,Y,Control,False,M,reversal,REV,2026-09-12,18:50,20:07,ZT 20:50,ZT 22:07,26,35,BCDA,C,Lemon,NE,B,Cinnamon,False,True,False,Irrelevant,5.0,3,422,"SE,NE,NE","A,C,C",1,0,2,0,0,0,0,0,,0,21,3.0,True
Example_Animal_07,example_animal_07_four_choice.xlsx,JAX C57,2026-07-10,,Control,WT,unknown,,N/A,JAX,N/A,Y,,Shipped,N/A,N,M,N,"UC Berkeley, Wilbrecht Lab",Aspen,Dark,Bioserv,20.0,Kaytee,,Han-Ning Lu,12:12:00,Y,Y,Y,22:00,,,Y,Control,False,M,reversal,REV,2026-09-12,18:50,20:07,ZT 20:50,ZT 22:07,27,36,CDAB,B,Cinnamon,SE,B,Cinnamon,True,False,False,,10.0,3,424,"SE,NE,SE","B,D,B",0,2,0,1,0,0,0,0,,1,22,3.0,True
Example_Animal_07,example_animal_07_four_choice.xlsx,JAX C57,2026-07-10,,Control,WT,unknown,,N/A,JAX,N/A,Y,,Shipped,N/A,N,M,N,"UC Berkeley, Wilbrecht Lab",Aspen,Dark,Bioserv,20.0,Kaytee,,Han-Ning Lu,12:12:00,Y,Y,Y,22:00,,,Y,Control,False,M,reversal,REV,2026-09-12,18:50,20:07,ZT 20:50,ZT 22:07,28,37,DABC,C,Lemon,SE,B,Cinnamon,False,True,False,Irrelevant,8.0,1,4,SE,C,0,0,1,0,0,0,0,0,,0,23,3.0,True
Example_Animal_07,example_animal_07_four_choice.xlsx,JAX C57,2026-07-10,,Control,WT,unknown,,N/A,JAX,N/A,Y,,Shipped,N/A,N,M,N,"UC Berkeley, Wilbrecht Lab",Aspen,Dark,Bioserv,20.0,Kaytee,,Han-Ning Lu,12:12:00,Y,Y,Y,22:00,,,Y,Control,False,M,reversal,REV,2026-09-12,18:50,20:07,ZT 20:50,ZT 22:07,29,38,ABCD,A,Anise,NW,B,Cinnamon,False,True,False,Regressive,25.0,6,343121,"SW,SE,SW,NW,NE,NW","C,D,C,A,B,A",2,1,2,1,0,0,0,0,,0,24,2.0,True
Example_Animal_07,example_animal_07_four_choice.xlsx,JAX C57,2026-07-10,,Control,WT,unknown,,N/A,JAX,N/A,Y,,Shipped,N/A,N,M,N,"UC Berkeley, Wilbrecht Lab",Aspen,Dark,Bioserv,20.0,Kaytee,,Han-Ning Lu,12:12:00,Y,Y,Y,22:00,,,Y,Control,False,M,reversal,REV,2026-09-12,18:50,20:07,ZT 20:50,ZT 22:07,30,39,BCDA,A,Anise,SE,B,Cinnamon,False,True,False,Regressive,11.0,3,434,"SE,SW,SE","A,D,A",2,0,0,1,0,0,0,0,,0,25,2.0,True
Example_Animal_07,example_animal_07_four_choice.xlsx,JAX C57,2026-07-10,,Control,WT,unknown,,N/A,JAX,N/A,Y,,Shipped,N/A,N,M,N,"UC Berkeley, Wilbrecht Lab",Aspen,Dark,Bioserv,20.0,Kaytee,,Han-Ning Lu,12:12:00,Y,Y,Y,22:00,,,Y,Control,False,M,reversal,REV,2026-09-12,18:50,20:07,ZT 20:50,ZT 22:07,31,40,CDAB,B,Cinnamon,SE,B,Cinnamon,True,False,False,,21.0,4,2124,"NE,NW,NE,SE","D,C,D,B",0,1,1,2,0,0,0,0,,1,26,3.0,True
Example_Animal_07,example_animal_07_four_choice.xlsx,JAX C57,2026-07-10,,Control,WT,unknown,,N/A,JAX,N/A,Y,,Shipped,N/A,N,M,N,"UC Berkeley, Wilbrecht Lab",Aspen,Dark,Bioserv,20.0,Kaytee,,Han-Ning Lu,12:12:00,Y,Y,Y,22:00,,,Y,Control,False,M,reversal,REV,2026-09-12,18:50,20:07,ZT 20:50,ZT 22:07,32,41,DABC,B,Cinnamon,SW,B,Cinnamon,True,False,False,,10.0,3,313,"SW,NW,SW","B,D,B",0,2,0,1,0,0,0,0,,2,27,4.0,True
Example_Animal_07,example_animal_07_four_choice.xlsx,JAX C57,2026-07-10,,Control,WT,unknown,,N/A,JAX,N/A,Y,,Shipped,N/A,N,M,N,"UC Berkeley, Wilbrecht Lab",Aspen,Dark,Bioserv,20.0,Kaytee,,Han-Ning Lu,12:12:00,Y,Y,Y,22:00,,,Y,Control,False,M,reversal,REV,2026-09-12,18:50,20:07,ZT 20:50,ZT 22:07,33,42,ABCD,A,Anise,NW,B,Cinnamon,False,True,False,Regressive,12.0,3,431,"SE,SW,NW","D,C,A",1,0,1,1,0,0,0,0,,0,28,3.0,True
Example_Animal_07,example_animal_07_four_choice.xlsx,JAX C57,2026-07-10,,Control,WT,unknown,,N/A,JAX,N/A,Y,,Shipped,N/A,N,M,N,"UC Berkeley, Wilbrecht Lab",Aspen,Dark,Bioserv,20.0,Kaytee,,Han-Ning Lu,12:12:00,Y,Y,Y,22:00,,,Y,Control,False,M,reversal,REV,2026-09-12,18:50,20:07,ZT 20:50,ZT 22:07,34,43,BCDA,A,Anise,SE,B,Cinnamon,False,True,False,Regressive,177.0,16,4342312314242434,"SE,SW,SE,NE,SW,NW,NE,SW,NW,SE,NE,SE,NE,SE,SW,SE","A,D,A,C,D,B,C,D,B,A,C,A,C,A,D,A",6,2,4,4,0,0,0,0,,0,29,3.0,True
Example_Animal_07,example_animal_07_four_choice.xlsx,JAX C57,2026-07-10,,Control,WT,unknown,,N/A,JAX,N/A,Y,,Shipped,N/A,N,M,N,"UC Berkeley, Wilbrecht Lab",Aspen,Dark,Bioserv,20.0,Kaytee,,Han-Ning Lu,12:12:00,Y,Y,Y,22:00,,,Y,Control,False,M,reversal,REV,2026-09-12,18:50,20:07,ZT 20:50,ZT 22:07,35,44,CDAB,A,Anise,SW,B,Cinnamon,False,True,False,Regressive,5.0,1,3,SW,A,1,0,0,0,0,0,0,0,,0,30,3.0,True
Example_Animal_07,example_animal_07_four_choice.xlsx,JAX C57,2026-07-10,,Control,WT,unknown,,N/A,JAX,N/A,Y,,Shipped,N/A,N,M,N,"UC Berkeley, Wilbrecht Lab",Aspen,Dark,Bioserv,20.0,Kaytee,,Han-Ning Lu,12:12:00,Y,Y,Y,22:00,,,Y,Control,False,M,reversal,REV,2026-09-12,18:50,20:07,ZT 20:50,ZT 22:07,36,45,DABC,C,Lemon,SE,B,Cinnamon,False,True,False,Irrelevant,7.0,1,4,SE,C,0,0,1,0,0,0,0,0,,0,31,3.0,True
Example_Animal_07,example_animal_07_four_choice.xlsx,JAX C57,2026-07-10,,Control,WT,unknown,,N/A,JAX,N/A,Y,,Shipped,N/A,N,M,N,"UC Berkeley, Wilbrecht Lab",Aspen,Dark,Bioserv,20.0,Kaytee,,Han-Ning Lu,12:12:00,Y,Y,Y,22:00,,,Y,Control,False,M,reversal,REV,2026-09-12,18:50,20:07,ZT 20:50,ZT 22:07,37,46,ABCD,C,Lemon,SW,B,Cinnamon,False,True,False,Irrelevant,8.0,1,3,SW,C,0,0,1,0,0,0,0,0,,0,32,2.0,True
Example_Animal_07,example_animal_07_four_choice.xlsx,JAX C57,2026-07-10,,Control,WT,unknown,,N/A,JAX,N/A,Y,,Shipped,N/A,N,M,N,"UC Berkeley, Wilbrecht Lab",Aspen,Dark,Bioserv,20.0,Kaytee,,Han-Ning Lu,12:12:00,Y,Y,Y,22:00,,,Y,Control,False,M,reversal,REV,2026-09-12,18:50,20:07,ZT 20:50,ZT 22:07,38,47,BCDA,C,Lemon,NE,B,Cinnamon,False,True,False,Irrelevant,14.0,2,42,"SE,NE","A,C",1,0,1,0,0,0,0,0,,0,33,2.0,True
Example_Animal_07,example_animal_07_four_choice.xlsx,JAX C57,2026-07-10,,Control,WT,unknown,,N/A,JAX,N/A,Y,,Shipped,N/A,N,M,N,"UC Berkeley, Wilbrecht Lab",Aspen,Dark,Bioserv,20.0,Kaytee,,Han-Ning Lu,12:12:00,Y,Y,Y,22:00,,,Y,Control,False,M,reversal,REV,2026-09-12,18:50,20:07,ZT 20:50,ZT 22:07,39,48,CDAB,B,Cinnamon,SE,B,Cinnamon,True,False,False,,12.0,4,2124,"NE,NW,NE,SE","D,C,D,B",0,1,1,2,0,0,0,0,,1,34,3.0,True
Example_Animal_07,example_animal_07_four_choice.xlsx,JAX C57,2026-07-10,,Control,WT,unknown,,N/A,JAX,N/A,Y,,Shipped,N/A,N,M,N,"UC Berkeley, Wilbrecht Lab",Aspen,Dark,Bioserv,20.0,Kaytee,,Han-Ning Lu,12:12:00,Y,Y,Y,22:00,,,Y,Control,False,M,reversal,REV,2026-09-12,18:50,20:07,ZT 20:50,ZT 22:07,40,49,DABC,B,Cinnamon,SW,B,Cinnamon,True,False,False,,24.0,1,3,SW,B,0,1,0,0,0,0,0,0,,2,35,4.0,True
Example_Animal_07,example_animal_07_four_choice.xlsx,JAX C57,2026-07-10,,Control,WT,unknown,,N/A,JAX,N/A,Y,,Shipped,N/A,N,M,N,"UC Berkeley, Wilbrecht Lab",Aspen,Dark,Bioserv,20.0,Kaytee,,Han-Ning Lu,12:12:00,Y,Y,Y,22:00,,,Y,Control,False,M,reversal,REV,2026-09-12,18:50,20:07,ZT 20:50,ZT 22:07,41,50,ABCD,B,Cinnamon,NE,B,Cinnamon,True,False,False,,11.0,3,342,"SW,SE,NE","C,D,B",0,1,1,1,0,0,0,0,,3,36,4.0,True
Example_Animal_07,example_animal_07_four_choice.xlsx,JAX C57,2026-07-10,,Control,WT,unknown,,N/A,JAX,N/A,Y,,Shipped,N/A,N,M,N,"UC Berkeley, Wilbrecht Lab",Aspen,Dark,Bioserv,20.0,Kaytee,,Han-Ning Lu,12:12:00,Y,Y,Y,22:00,,,Y,Control,False,M,reversal,REV,2026-09-12,18:50,20:07,ZT 20:50,ZT 22:07,42,51,BCDA,C,Lemon,NE,B,Cinnamon,False,True,False,Irrelevant,22.0,3,342,"SW,SE,NE","D,A,C",1,0,1,1,0,0,0,0,,0,37,3.0,True
Example_Animal_07,example_animal_07_four_choice.xlsx,JAX C57,2026-07-10,,Control,WT,unknown,,N/A,JAX,N/A,Y,,Shipped,N/A,N,M,N,"UC Berkeley, Wilbrecht Lab",Aspen,Dark,Bioserv,20.0,Kaytee,,Han-Ning Lu,12:12:00,Y,Y,Y,22:00,,,Y,Control,False,M,reversal,REV,2026-09-12,18:50,20:07,ZT 20:50,ZT 22:07,43,52,CDAB,B,Cinnamon,SE,B,Cinnamon,True,False,False,,5.0,1,4,SE,B,0,1,0,0,0,0,0,0,,1,38,4.0,True
Example_Animal_07,example_animal_07_four_choice.xlsx,JAX C57,2026-07-10,,Control,WT,unknown,,N/A,JAX,N/A,Y,,Shipped,N/A,N,M,N,"UC Berkeley, Wilbrecht Lab",Aspen,Dark,Bioserv,20.0,Kaytee,,Han-Ning Lu,12:12:00,Y,Y,Y,22:00,,,Y,Control,False,M,reversal,REV,2026-09-12,18:50,20:07,ZT 20:50,ZT 22:07,44,53,DABC,B,Cinnamon,SW,B,Cinnamon,True,False,False,,21.0,4,4243,"SE,NE,SE,SW","C,A,C,B",1,1,2,0,0,0,0,0,,2,39,5.0,True
Example_Animal_07,example_animal_07_four_choice.xlsx,JAX C57,2026-07-10,,Control,WT,unknown,,N/A,JAX,N/A,Y,,Shipped,N/A,N,M,N,"UC Berkeley, Wilbrecht Lab",Aspen,Dark,Bioserv,20.0,Kaytee,,Han-Ning Lu,12:12:00,Y,Y,Y,22:00,,,Y,Control,False,M,reversal,REV,2026-09-12,18:50,20:07,ZT 20:50,ZT 22:07,45,54,ABCD,B,Cinnamon,NE,B,Cinnamon,True,False,False,,19.0,4,1342,"NW,SW,SE,NE","A,C,D,B",1,1,1,1,0,0,0,0,,3,40,6.0,True
Example_Animal_07,example_animal_07_four_choice.xlsx,JAX C57,2026-07-10,,Control,WT,unknown,,N/A,JAX,N/A,Y,,Shipped,N/A,N,M,N,"UC Berkeley, Wilbrecht Lab",Aspen,Dark,Bioserv,20.0,Kaytee,,Han-Ning Lu,12:12:00,Y,Y,Y,22:00,,,Y,Control,False,M,reversal,REV,2026-09-12,18:50,20:07,ZT 20:50,ZT 22:07,46,55,BCDA,A,Anise,SE,B,Cinnamon,False,True,False,Regressive,6.0,2,34,"SW,SE","D,A",1,0,0,1,0,0,0,0,,0,41,6.0,True
Example_Animal_07,example_animal_07_four_choice.xlsx,JAX C57,2026-07-10,,Control,WT,unknown,,N/A,JAX,N/A,Y,,Shipped,N/A,N,M,N,"UC Berkeley, Wilbrecht Lab",Aspen,Dark,Bioserv,20.0,Kaytee,,Han-Ning Lu,12:12:00,Y,Y,Y,22:00,,,Y,Control,False,M,reversal,REV,2026-09-12,18:50,20:07,ZT 20:50,ZT 22:07,47,56,CDAB,B,Cinnamon,SE,B,Cinnamon,True,False,False,,2.0,1,4,SE,B,0,1,0,0,0,0,0,0,,1,42,7.0,True
Example_Animal_07,example_animal_07_four_choice.xlsx,JAX C57,2026-07-10,,Control,WT,unknown,,N/A,JAX,N/A,Y,,Shipped,N/A,N,M,N,"UC Berkeley, Wilbrecht Lab",Aspen,Dark,Bioserv,20.0,Kaytee,,Han-Ning Lu,12:12:00,Y,Y,Y,22:00,,,Y,Control,False,M,reversal,REV,2026-09-12,18:50,20:07,ZT 20:50,ZT 22:07,48,57,DABC,C,Lemon,SE,B,Cinnamon,False,True,False,Irrelevant,8.0,2,34,"SW,SE","B,C",0,1,1,0,0,0,0,0,,0,43,7.0,True
Example_Animal_07,example_animal_07_four_choice.xlsx,JAX C57,2026-07-10,,Control,WT,unknown,,N/A,JAX,N/A,Y,,Shipped,N/A,N,M,N,"UC Berkeley, Wilbrecht Lab",Aspen,Dark,Bioserv,20.0,Kaytee,,Han-Ning Lu,12:12:00,Y,Y,Y,22:00,,,Y,Control,False,M,reversal,REV,2026-09-12,18:50,20:07,ZT 20:50,ZT 22:07,49,58,ABCD,B,Cinnamon,NE,B,Cinnamon,True,False,False,,2.0,1,2,NE,B,0,1,0,0,0,0,0,0,,1,44,7.0,True
Example_Animal_07,example_animal_07_four_choice.xlsx,JAX C57,2026-07-10,,Control,WT,unknown,,N/A,JAX,N/A,Y,,Shipped,N/A,N,M,N,"UC Berkeley, Wilbrecht Lab",Aspen,Dark,Bioserv,20.0,Kaytee,,Han-Ning Lu,12:12:00,Y,Y,Y,22:00,,,Y,Control,False,M,reversal,REV,2026-09-12,18:50,20:07,ZT 20:50,ZT 22:07,50,59,BCDA,B,Cinnamon,NW,B,Cinnamon,True,False,False,,4.0,1,1,NW,B,0,1,0,0,0,0,0,0,,2,45,7.0,True
Example_Animal_07,example_animal_07_four_choice.xlsx,JAX C57,2026-07-10,,Control,WT,unknown,,N/A,JAX,N/A,Y,,Shipped,N/A,N,M,N,"UC Berkeley, Wilbrecht Lab",Aspen,Dark,Bioserv,20.0,Kaytee,,Han-Ning Lu,12:12:00,Y,Y,Y,22:00,,,Y,Control,False,M,reversal,REV,2026-09-12,18:50,20:07,ZT 20:50,ZT 22:07,51,60,CDAB,B,Cinnamon,SE,B,Cinnamon,True,False,False,,11.0,2,14,"NW,SE","C,B",0,1,1,0,0,0,0,0,,3,46,7.0,True
Example_Animal_07,example_animal_07_four_choice.xlsx,JAX C57,2026-07-10,,Control,WT,unknown,,N/A,JAX,N/A,Y,,Shipped,N/A,N,M,N,"UC Berkeley, Wilbrecht Lab",Aspen,Dark,Bioserv,20.0,Kaytee,,Han-Ning Lu,12:12:00,Y,Y,Y,22:00,,,Y,Control,False,M,reversal,REV,2026-09-12,18:50,20:07,ZT 20:50,ZT 22:07,52,61,DABC,B,Cinnamon,SW,B,Cinnamon,True,False,False,,32.0,2,43,"SE,SW","C,B",0,1,1,0,0,0,0,0,,4,47,8.0,True
Example_Animal_08,example_animal_08_four_choice.xlsx,JAX C57,,,Control,WT,unknown,,N/A,JAX,N/A,Y,,Shipped,N/A,N,M,N,"UC Berkeley, Wilbrecht Lab",Aspen,Dark,Bioserv,20.0,Kaytee,,Albert Ader,12:12:00,Y,Y,Y,22:00,,,Y,Control,False,M,discrimination,DISC,2026-09-11,20:00,20:50,ZT 22:00,ZT 22:50,1,10,ABCD,D,Vanilla,SE,A,Anise,False,True,False,D_error,165.0,26,42134213143134234243423214,"SE,NE,NW,SW,SE,NE,NW,SW,NW,SE,SW,NW,SW,SE,NE,SW,SE,NE,SE,SW,SE,NE,SW,NE,NW,SE","D,B,A,C,D,B,A,C,A,D,C,A,C,D,B,C,D,B,D,C,D,B,C,B,A,D",5,6,7,8,0,0,0,0,slight dig,0,1,,False
Example_Animal_08,example_animal_08_four_choice.xlsx,JAX C57,,,Control,WT,unknown,,N/A,JAX,N/A,Y,,Shipped,N/A,N,M,N,"UC Berkeley, Wilbrecht Lab",Aspen,Dark,Bioserv,20.0,Kaytee,,Albert Ader,12:12:00,Y,Y,Y,22:00,,,Y,Control,False,M,discrimination,DISC,2026-09-11,20:00,20:50,ZT 22:00,ZT 22:50,2,11,BCDA,D,Vanilla,SW,A,Anise,False,True,False,D_error,104.0,14,42134232124243,"SE,NE,NW,SW,SE,NE,SW,NE,NW,NE,SE,NE,SE,SW","A,C,B,D,A,C,D,C,B,C,A,C,A,D",4,2,5,3,0,0,0,0,slight dig,0,2,,False
Example_Animal_08,example_animal_08_four_choice.xlsx,JAX C57,,,Control,WT,unknown,,N/A,JAX,N/A,Y,,Shipped,N/A,N,M,N,"UC Berkeley, Wilbrecht Lab",Aspen,Dark,Bioserv,20.0,Kaytee,,Albert Ader,12:12:00,Y,Y,Y,22:00,,,Y,Control,False,M,discrimination,DISC,2026-09-11,20:00,20:50,ZT 22:00,ZT 22:50,3,12,CDAB,A,Anise,SW,A,Anise,True,False,False,,9.0,4,4213,"SE,NE,NW,SW","B,D,C,A",1,1,1,1,0,0,0,0,mouse react to timer beep,1,3,,False
Example_Animal_08,example_animal_08_four_choice.xlsx,JAX C57,,,Control,WT,unknown,,N/A,JAX,N/A,Y,,Shipped,N/A,N,M,N,"UC Berkeley, Wilbrecht Lab",Aspen,Dark,Bioserv,20.0,Kaytee,,Albert Ader,12:12:00,Y,Y,Y,22:00,,,Y,Control,False,M,discrimination,DISC,2026-09-11,20:00,20:50,ZT 22:00,ZT 22:50,4,13,DABC,A,Anise,NE,A,Anise,True,False,False,,27.0,7,1414342,"NW,SE,NW,SE,SW,SE,NE","D,C,D,C,B,C,A",1,1,3,2,0,0,0,0,,2,4,,False
Example_Animal_08,example_animal_08_four_choice.xlsx,JAX C57,,,Control,WT,unknown,,N/A,JAX,N/A,Y,,Shipped,N/A,N,M,N,"UC Berkeley, Wilbrecht Lab",Aspen,Dark,Bioserv,20.0,Kaytee,,Albert Ader,12:12:00,Y,Y,Y,22:00,,,Y,Control,False,M,discrimination,DISC,2026-09-11,20:00,20:50,ZT 22:00,ZT 22:50,5,14,ABCD,D,Vanilla,SE,A,Anise,False,True,False,D_error,18.0,5,21234,"NE,NW,NE,SW,SE","B,A,B,C,D",1,2,1,1,0,0,0,0,,0,5,,False
Example_Animal_08,example_animal_08_four_choice.xlsx,JAX C57,,,Control,WT,unknown,,N/A,JAX,N/A,Y,,Shipped,N/A,N,M,N,"UC Berkeley, Wilbrecht Lab",Aspen,Dark,Bioserv,20.0,Kaytee,,Albert Ader,12:12:00,Y,Y,Y,22:00,,,Y,Control,False,M,discrimination,DISC,2026-09-11,20:00,20:50,ZT 22:00,ZT 22:50,6,15,BCDA,A,Anise,SE,A,Anise,True,False,False,,31.0,6,314214,"SW,NW,SE,NE,NW,SE","D,B,A,C,B,A",2,2,1,1,0,0,0,0,,1,6,,False
Example_Animal_08,example_animal_08_four_choice.xlsx,JAX C57,,,Control,WT,unknown,,N/A,JAX,N/A,Y,,Shipped,N/A,N,M,N,"UC Berkeley, Wilbrecht Lab",Aspen,Dark,Bioserv,20.0,Kaytee,,Albert Ader,12:12:00,Y,Y,Y,22:00,,,Y,Control,False,M,discrimination,DISC,2026-09-11,20:00,20:50,ZT 22:00,ZT 22:50,7,16,CDAB,A,Anise,SW,A,Anise,True,False,False,,34.0,9,431423413,"SE,SW,NW,SE,NE,SW,SE,NW,SW","B,A,C,B,D,A,B,C,A",3,3,2,1,0,0,0,0,unsure if ate,2,7,,False
Example_Animal_08,example_animal_08_four_choice.xlsx,JAX C57,,,Control,WT,unknown,,N/A,JAX,N/A,Y,,Shipped,N/A,N,M,N,"UC Berkeley, Wilbrecht Lab",Aspen,Dark,Bioserv,20.0,Kaytee,,Albert Ader,12:12:00,Y,Y,Y,22:00,,,Y,Control,False,M,discrimination,DISC,2026-09-11,20:00,20:50,ZT 22:00,ZT 22:50,8,17,DABC,A,Anise,NE,A,Anise,True,False,False,,43.0,8,13421432,"NW,SW,SE,NE,NW,SE,SW,NE","D,B,C,A,D,C,B,A",2,2,2,2,0,0,0,0,,3,8,,False
Example_Animal_08,example_animal_08_four_choice.xlsx,JAX C57,,,Control,WT,unknown,,N/A,JAX,N/A,Y,,Shipped,N/A,N,M,N,"UC Berkeley, Wilbrecht Lab",Aspen,Dark,Bioserv,20.0,Kaytee,,Albert Ader,12:12:00,Y,Y,Y,22:00,,,Y,Control,False,M,discrimination,DISC,2026-09-11,20:00,20:50,ZT 22:00,ZT 22:50,9,18,ABCD,D,Vanilla,SE,A,Anise,False,True,False,D_error,33.0,3,214,"NE,NW,SE","B,A,D",1,1,0,1,0,0,0,0,,0,9,,False
Example_Animal_08,example_animal_08_four_choice.xlsx,JAX C57,,,Control,WT,unknown,,N/A,JAX,N/A,Y,,Shipped,N/A,N,M,N,"UC Berkeley, Wilbrecht Lab",Aspen,Dark,Bioserv,20.0,Kaytee,,Albert Ader,12:12:00,Y,Y,Y,22:00,,,Y,Control,False,M,discrimination,DISC,2026-09-11,20:00,20:50,ZT 22:00,ZT 22:50,10,19,BCDA,D,Vanilla,SW,A,Anise,False,True,False,D_error,7.0,2,23,"NE,SW","C,D",0,0,1,1,0,0,0,0,,0,10,5.0,False
Example_Animal_08,example_animal_08_four_choice.xlsx,JAX C57,,,Control,WT,unknown,,N/A,JAX,N/A,Y,,Shipped,N/A,N,M,N,"UC Berkeley, Wilbrecht Lab",Aspen,Dark,Bioserv,20.0,Kaytee,,Albert Ader,12:12:00,Y,Y,Y,22:00,,,Y,Control,False,M,discrimination,DISC,2026-09-11,20:00,20:50,ZT 22:00,ZT 22:50,11,20,CDAB,D,Vanilla,NE,A,Anise,False,True,False,D_error,8.0,3,342,"SW,SE,NE","A,B,D",1,1,0,1,0,0,0,0,,0,11,5.0,False
Example_Animal_08,example_animal_08_four_choice.xlsx,JAX C57,,,Control,WT,unknown,,N/A,JAX,N/A,Y,,Shipped,N/A,N,M,N,"UC Berkeley, Wilbrecht Lab",Aspen,Dark,Bioserv,20.0,Kaytee,,Albert Ader,12:12:00,Y,Y,Y,22:00,,,Y,Control,False,M,discrimination,DISC,2026-09-11,20:00,20:50,ZT 22:00,ZT 22:50,12,21,DABC,D,Vanilla,NW,A,Anise,False,True,False,D_error,103.0,12,241324231231,"NE,SE,NW,SW,NE,SE,NE,SW,NW,NE,SW,NW","A,C,D,B,A,C,A,B,D,A,B,D",4,3,2,3,0,0,0,0,,0,12,5.0,False
Example_Animal_08,example_animal_08_four_choice.xlsx,JAX C57,,,Control,WT,unknown,,N/A,JAX,N/A,Y,,Shipped,N/A,N,M,N,"UC Berkeley, Wilbrecht Lab",Aspen,Dark,Bioserv,20.0,Kaytee,,Albert Ader,12:12:00,Y,Y,Y,22:00,,,Y,Control,False,M,discrimination,DISC,2026-09-11,20:00,20:50,ZT 22:00,ZT 22:50,13,22,ABCD,A,Anise,NW,A,Anise,True,False,False,,8.0,1,1,NW,A,1,0,0,0,0,0,0,0,escaped to C,1,13,5.0,False
Example_Animal_08,example_animal_08_four_choice.xlsx,JAX C57,,,Control,WT,unknown,,N/A,JAX,N/A,Y,,Shipped,N/A,N,M,N,"UC Berkeley, Wilbrecht Lab",Aspen,Dark,Bioserv,20.0,Kaytee,,Albert Ader,12:12:00,Y,Y,Y,22:00,,,Y,Control,False,M,discrimination,DISC,2026-09-11,20:00,20:50,ZT 22:00,ZT 22:50,14,23,BCDA,A,Anise,SE,A,Anise,True,False,False,,59.0,11,12143412134,"NW,NE,NW,SE,SW,SE,NW,NE,NW,SW,SE","B,C,B,A,D,A,B,C,B,D,A",3,4,2,2,0,0,0,0,,2,14,5.0,False
Example_Animal_08,example_animal_08_four_choice.xlsx,JAX C57,,,Control,WT,unknown,,N/A,JAX,N/A,Y,,Shipped,N/A,N,M,N,"UC Berkeley, Wilbrecht Lab",Aspen,Dark,Bioserv,20.0,Kaytee,,Albert Ader,12:12:00,Y,Y,Y,22:00,,,Y,Control,False,M,discrimination,DISC,2026-09-11,20:00,20:50,ZT 22:00,ZT 22:50,15,24,CDAB,A,Anise,SW,A,Anise,True,False,False,,18.0,4,4243,"SE,NE,SE,SW","B,D,B,A",1,2,0,1,0,0,0,0,,3,15,6.0,False
Example_Animal_08,example_animal_08_four_choice.xlsx,JAX C57,,,Control,WT,unknown,,N/A,JAX,N/A,Y,,Shipped,N/A,N,M,N,"UC Berkeley, Wilbrecht Lab",Aspen,Dark,Bioserv,20.0,Kaytee,,Albert Ader,12:12:00,Y,Y,Y,22:00,,,Y,Control,False,M,discrimination,DISC,2026-09-11,20:00,20:50,ZT 22:00,ZT 22:50,16,25,DABC,A,Anise,NE,A,Anise,True,False,False,,34.0,6,421342,"SE,NE,NW,SW,SE,NE","C,A,D,B,C,A",2,1,2,1,0,0,0,0,,4,16,6.0,False
Example_Animal_08,example_animal_08_four_choice.xlsx,JAX C57,,,Control,WT,unknown,,N/A,JAX,N/A,Y,,Shipped,N/A,N,M,N,"UC Berkeley, Wilbrecht Lab",Aspen,Dark,Bioserv,20.0,Kaytee,,Albert Ader,12:12:00,Y,Y,Y,22:00,,,Y,Control,False,M,discrimination,DISC,2026-09-11,20:00,20:50,ZT 22:00,ZT 22:50,17,26,ABCD,C,Lemon,SW,A,Anise,False,True,False,C_error,10.0,3,243,"NE,SE,SW","B,D,C",0,1,1,1,0,0,0,0,,0,17,5.0,False
Example_Animal_08,example_animal_08_four_choice.xlsx,JAX C57,,,Control,WT,unknown,,N/A,JAX,N/A,Y,,Shipped,N/A,N,M,N,"UC Berkeley, Wilbrecht Lab",Aspen,Dark,Bioserv,20.0,Kaytee,,Albert Ader,12:12:00,Y,Y,Y,22:00,,,Y,Control,False,M,discrimination,DISC,2026-09-11,20:00,20:50,ZT 22:00,ZT 22:50,18,27,BCDA,C,Lemon,NE,A,Anise,False,True,False,C_error,8.0,3,342,"SW,SE,NE","D,A,C",1,0,1,1,0,0,0,0,,0,18,4.0,False
Example_Animal_08,example_animal_08_four_choice.xlsx,JAX C57,,,Control,WT,unknown,,N/A,JAX,N/A,Y,,Shipped,N/A,N,M,N,"UC Berkeley, Wilbrecht Lab",Aspen,Dark,Bioserv,20.0,Kaytee,,Albert Ader,12:12:00,Y,Y,Y,22:00,,,Y,Control,False,M,discrimination,DISC,2026-09-11,20:00,20:50,ZT 22:00,ZT 22:50,19,28,CDAB,A,Anise,SW,A,Anise,True,False,False,,7.0,2,13,"NW,SW","C,A",1,0,1,0,0,0,0,0,,1,19,5.0,False
Example_Animal_08,example_animal_08_four_choice.xlsx,JAX C57,,,Control,WT,unknown,,N/A,JAX,N/A,Y,,Shipped,N/A,N,M,N,"UC Berkeley, Wilbrecht Lab",Aspen,Dark,Bioserv,20.0,Kaytee,,Albert Ader,12:12:00,Y,Y,Y,22:00,,,Y,Control,False,M,discrimination,DISC,2026-09-11,20:00,20:50,ZT 22:00,ZT 22:50,20,29,DABC,A,Anise,NE,A,Anise,True,False,False,,26.0,3,342,"SW,SE,NE","B,C,A",1,1,1,0,0,0,0,0,,2,20,6.0,False
Example_Animal_08,example_animal_08_four_choice.xlsx,JAX C57,,,Control,WT,unknown,,N/A,JAX,N/A,Y,,Shipped,N/A,N,M,N,"UC Berkeley, Wilbrecht Lab",Aspen,Dark,Bioserv,20.0,Kaytee,,Albert Ader,12:12:00,Y,Y,Y,22:00,,,Y,Control,False,M,discrimination,DISC,2026-09-11,20:00,20:50,ZT 22:00,ZT 22:50,21,30,ABCD,A,Anise,NW,A,Anise,True,False,False,,32.0,4,1421,"NW,SE,NE,NW","A,D,B,A",2,1,0,1,0,0,0,0,,3,21,7.0,False
Example_Animal_08,example_animal_08_four_choice.xlsx,JAX C57,,,Control,WT,unknown,,N/A,JAX,N/A,Y,,Shipped,N/A,N,M,N,"UC Berkeley, Wilbrecht Lab",Aspen,Dark,Bioserv,20.0,Kaytee,,Albert Ader,12:12:00,Y,Y,Y,22:00,,,Y,Control,False,M,discrimination,DISC,2026-09-11,20:00,20:50,ZT 22:00,ZT 22:50,22,31,BCDA,A,Anise,SE,A,Anise,True,False,False,,23.0,5,34214,"SW,SE,NE,NW,SE","D,A,C,B,A",2,1,1,1,0,0,0,0,,4,22,8.0,False
Example_Animal_08,example_animal_08_four_choice.xlsx,JAX C57,,,Control,WT,unknown,,N/A,JAX,N/A,Y,,Shipped,N/A,N,M,N,"UC Berkeley, Wilbrecht Lab",Aspen,Dark,Bioserv,20.0,Kaytee,,Albert Ader,12:12:00,Y,Y,Y,22:00,,,Y,Control,False,M,recall,RECALL,2026-09-12,19:12,19:35,ZT 21:12,ZT 21:35,1,10,ABCD,A,Anise,NW,A,Anise,True,False,False,,136.0,20,34214213421342431241,"SW,SE,NE,NW,SE,NE,NW,SW,SE,NE,NW,SW,SE,NE,SE,SW,NW,NE,SE,NW","C,D,B,A,D,B,A,C,D,B,A,C,D,B,D,C,A,B,D,A",5,5,4,6,0,0,0,0,,1,1,,False
Example_Animal_08,example_animal_08_four_choice.xlsx,JAX C57,,,Control,WT,unknown,,N/A,JAX,N/A,Y,,Shipped,N/A,N,M,N,"UC Berkeley, Wilbrecht Lab",Aspen,Dark,Bioserv,20.0,Kaytee,,Albert Ader,12:12:00,Y,Y,Y,22:00,,,Y,Control,False,M,recall,RECALL,2026-09-12,19:12,19:35,ZT 21:12,ZT 21:35,2,11,BCDA,A,Anise,SE,A,Anise,True,False,False,,68.0,12,421321343124,"SE,NE,NW,SW,NE,NW,SW,SE,SW,NW,NE,SE","A,C,B,D,C,B,D,A,D,B,C,A",3,3,3,3,0,0,0,0,,2,2,,False
Example_Animal_08,example_animal_08_four_choice.xlsx,JAX C57,,,Control,WT,unknown,,N/A,JAX,N/A,Y,,Shipped,N/A,N,M,N,"UC Berkeley, Wilbrecht Lab",Aspen,Dark,Bioserv,20.0,Kaytee,,Albert Ader,12:12:00,Y,Y,Y,22:00,,,Y,Control,False,M,recall,RECALL,2026-09-12,19:12,19:35,ZT 21:12,ZT 21:35,3,12,CDAB,A,Anise,SW,A,Anise,True,False,False,,6.0,1,3,SW,A,1,0,0,0,0,0,0,0,,3,3,,False
Example_Animal_08,example_animal_08_four_choice.xlsx,JAX C57,,,Control,WT,unknown,,N/A,JAX,N/A,Y,,Shipped,N/A,N,M,N,"UC Berkeley, Wilbrecht Lab",Aspen,Dark,Bioserv,20.0,Kaytee,,Albert Ader,12:12:00,Y,Y,Y,22:00,,,Y,Control,False,M,recall,RECALL,2026-09-12,19:12,19:35,ZT 21:12,ZT 21:35,4,13,DABC,A,Anise,NE,A,Anise,True,False,False,,11.0,1,2,NE,A,1,0,0,0,0,0,0,0,,4,4,,False
Example_Animal_08,example_animal_08_four_choice.xlsx,JAX C57,,,Control,WT,unknown,,N/A,JAX,N/A,Y,,Shipped,N/A,N,M,N,"UC Berkeley, Wilbrecht Lab",Aspen,Dark,Bioserv,20.0,Kaytee,,Albert Ader,12:12:00,Y,Y,Y,22:00,,,Y,Control,False,M,recall,RECALL,2026-09-12,19:12,19:35,ZT 21:12,ZT 21:35,5,14,ABCD,D,Vanilla,SE,A,Anise,False,True,False,D_error,49.0,8,34242134,"SW,SE,NE,SE,NE,NW,SW,SE","C,D,B,D,B,A,C,D",1,2,2,3,0,0,0,0,,0,5,,False
Example_Animal_08,example_animal_08_four_choice.xlsx,JAX C57,,,Control,WT,unknown,,N/A,JAX,N/A,Y,,Shipped,N/A,N,M,N,"UC Berkeley, Wilbrecht Lab",Aspen,Dark,Bioserv,20.0,Kaytee,,Albert Ader,12:12:00,Y,Y,Y,22:00,,,Y,Control,False,M,recall,RECALL,2026-09-12,19:12,19:35,ZT 21:12,ZT 21:35,6,15,BCDA,D,Vanilla,SW,A,Anise,False,True,False,D_error,13.0,3,313,"SW,NW,SW","D,B,D",0,1,0,2,0,0,0,0,,0,6,,False
Example_Animal_08,example_animal_08_four_choice.xlsx,JAX C57,,,Control,WT,unknown,,N/A,JAX,N/A,Y,,Shipped,N/A,N,M,N,"UC Berkeley, Wilbrecht Lab",Aspen,Dark,Bioserv,20.0,Kaytee,,Albert Ader,12:12:00,Y,Y,Y,22:00,,,Y,Control,False,M,recall,RECALL,2026-09-12,19:12,19:35,ZT 21:12,ZT 21:35,7,16,CDAB,A,Anise,SW,A,Anise,True,False,False,,123.0,15,212312124124143,"NE,NW,NE,SW,NW,NE,NW,NE,SE,NW,NE,SE,NW,SE,SW","D,C,D,A,C,D,C,D,B,C,D,B,C,B,A",2,3,5,5,0,0,0,0,,1,7,,False
Example_Animal_08,example_animal_08_four_choice.xlsx,JAX C57,,,Control,WT,unknown,,N/A,JAX,N/A,Y,,Shipped,N/A,N,M,N,"UC Berkeley, Wilbrecht Lab",Aspen,Dark,Bioserv,20.0,Kaytee,,Albert Ader,12:12:00,Y,Y,Y,22:00,,,Y,Control,False,M,recall,RECALL,2026-09-12,19:12,19:35,ZT 21:12,ZT 21:35,8,17,DABC,A,Anise,NE,A,Anise,True,False,False,,12.0,2,42,"SE,NE","C,A",1,0,1,0,0,0,0,0,,2,8,,False
Example_Animal_08,example_animal_08_four_choice.xlsx,JAX C57,,,Control,WT,unknown,,N/A,JAX,N/A,Y,,Shipped,N/A,N,M,N,"UC Berkeley, Wilbrecht Lab",Aspen,Dark,Bioserv,20.0,Kaytee,,Albert Ader,12:12:00,Y,Y,Y,22:00,,,Y,Control,False,M,recall,RECALL,2026-09-12,19:12,19:35,ZT 21:12,ZT 21:35,9,18,ABCD,A,Anise,NW,A,Anise,True,False,False,,119.0,12,342143133213,"SW,SE,NE,NW,SE,SW,NW,SW,SW,NE,NW,SW","C,D,B,A,D,C,A,C,C,B,A,C",3,2,5,2,0,0,0,0,,3,9,,False
Example_Animal_08,example_animal_08_four_choice.xlsx,JAX C57,,,Control,WT,unknown,,N/A,JAX,N/A,Y,,Shipped,N/A,N,M,N,"UC Berkeley, Wilbrecht Lab",Aspen,Dark,Bioserv,20.0,Kaytee,,Albert Ader,12:12:00,Y,Y,Y,22:00,,,Y,Control,False,M,recall,RECALL,2026-09-12,19:12,19:35,ZT 21:12,ZT 21:35,10,19,BCDA,A,Anise,SE,A,Anise,True,False,False,,9.0,2,14,"NW,SE","B,A",1,1,0,0,0,0,0,0,,4,10,8.0,False
Example_Animal_08,example_animal_08_four_choice.xlsx,JAX C57,,,Control,WT,unknown,,N/A,JAX,N/A,Y,,Shipped,N/A,N,M,N,"UC Berkeley, Wilbrecht Lab",Aspen,Dark,Bioserv,20.0,Kaytee,,Albert Ader,12:12:00,Y,Y,Y,22:00,,,Y,Control,False,M,reversal,REV,2026-09-12,19:40,20:32,ZT 21:40,ZT 22:32,1,10,ABCD,A,Anise,NW,B,Cinnamon,False,True,False,Perseverative,55.0,9,424241431,"SE,NE,SE,NE,SE,NW,SE,SW,NW","D,B,D,B,D,A,D,C,A",2,2,1,4,0,0,0,0,,0,1,,False
Example_Animal_08,example_animal_08_four_choice.xlsx,JAX C57,,,Control,WT,unknown,,N/A,JAX,N/A,Y,,Shipped,N/A,N,M,N,"UC Berkeley, Wilbrecht Lab",Aspen,Dark,Bioserv,20.0,Kaytee,,Albert Ader,12:12:00,Y,Y,Y,22:00,,,Y,Control,False,M,reversal,REV,2026-09-12,19:40,20:32,ZT 21:40,ZT 22:32,2,11,BCDA,A,Anise,SE,B,Cinnamon,False,True,False,Perseverative,7.0,3,424,"SE,NE,SE","A,C,A",2,0,1,0,0,0,0,0,,0,2,,False
Example_Animal_08,example_animal_08_four_choice.xlsx,JAX C57,,,Control,WT,unknown,,N/A,JAX,N/A,Y,,Shipped,N/A,N,M,N,"UC Berkeley, Wilbrecht Lab",Aspen,Dark,Bioserv,20.0,Kaytee,,Albert Ader,12:12:00,Y,Y,Y,22:00,,,Y,Control,False,M,reversal,REV,2026-09-12,19:40,20:32,ZT 21:40,ZT 22:32,3,12,CDAB,B,Cinnamon,SE,B,Cinnamon,True,False,False,,63.0,8,12121424,"NW,NE,NW,NE,NW,SE,NE,SE","C,D,C,D,C,B,D,B",0,2,3,3,0,0,0,0,,1,3,,True
Example_Animal_08,example_animal_08_four_choice.xlsx,JAX C57,,,Control,WT,unknown,,N/A,JAX,N/A,Y,,Shipped,N/A,N,M,N,"UC Berkeley, Wilbrecht Lab",Aspen,Dark,Bioserv,20.0,Kaytee,,Albert Ader,12:12:00,Y,Y,Y,22:00,,,Y,Control,False,M,reversal,REV,2026-09-12,19:40,20:32,ZT 21:40,ZT 22:32,4,13,DABC,B,Cinnamon,SW,B,Cinnamon,True,False,False,,10.0,2,13,"NW,SW","D,B",0,1,0,1,0,0,0,0,,2,4,,True
Example_Animal_08,example_animal_08_four_choice.xlsx,JAX C57,,,Control,WT,unknown,,N/A,JAX,N/A,Y,,Shipped,N/A,N,M,N,"UC Berkeley, Wilbrecht Lab",Aspen,Dark,Bioserv,20.0,Kaytee,,Albert Ader,12:12:00,Y,Y,Y,22:00,,,Y,Control,False,M,reversal,REV,2026-09-12,19:40,20:32,ZT 21:40,ZT 22:32,5,14,ABCD,B,Cinnamon,NE,B,Cinnamon,True,False,False,,24.0,4,4242,"SE,NE,SE,NE","D,B,D,B",0,2,0,2,0,0,0,0,,3,5,,True
Example_Animal_08,example_animal_08_four_choice.xlsx,JAX C57,,,Control,WT,unknown,,N/A,JAX,N/A,Y,,Shipped,N/A,N,M,N,"UC Berkeley, Wilbrecht Lab",Aspen,Dark,Bioserv,20.0,Kaytee,,Albert Ader,12:12:00,Y,Y,Y,22:00,,,Y,Control,False,M,reversal,REV,2026-09-12,19:40,20:32,ZT 21:40,ZT 22:32,6,15,BCDA,A,Anise,SE,B,Cinnamon,False,True,False,Regressive,4.0,1,4,SE,A,1,0,0,0,0,0,0,0,,0,6,,True
Example_Animal_08,example_animal_08_four_choice.xlsx,JAX C57,,,Control,WT,unknown,,N/A,JAX,N/A,Y,,Shipped,N/A,N,M,N,"UC Berkeley, Wilbrecht Lab",Aspen,Dark,Bioserv,20.0,Kaytee,,Albert Ader,12:12:00,Y,Y,Y,22:00,,,Y,Control,False,M,reversal,REV,2026-09-12,19:40,20:32,ZT 21:40,ZT 22:32,7,16,CDAB,B,Cinnamon,SE,B,Cinnamon,True,False,False,,,1,4,SE,B,0,1,0,0,0,0,0,0,,1,7,,True
Example_Animal_08,example_animal_08_four_choice.xlsx,JAX C57,,,Control,WT,unknown,,N/A,JAX,N/A,Y,,Shipped,N/A,N,M,N,"UC Berkeley, Wilbrecht Lab",Aspen,Dark,Bioserv,20.0,Kaytee,,Albert Ader,12:12:00,Y,Y,Y,22:00,,,Y,Control,False,M,reversal,REV,2026-09-12,19:40,20:32,ZT 21:40,ZT 22:32,8,17,DABC,B,Cinnamon,SW,B,Cinnamon,True,False,False,,6.0,2,13,"NW,SW","D,B",0,1,0,1,0,0,0,0,,2,8,,True
Example_Animal_08,example_animal_08_four_choice.xlsx,JAX C57,,,Control,WT,unknown,,N/A,JAX,N/A,Y,,Shipped,N/A,N,M,N,"UC Berkeley, Wilbrecht Lab",Aspen,Dark,Bioserv,20.0,Kaytee,,Albert Ader,12:12:00,Y,Y,Y,22:00,,,Y,Control,False,M,reversal,REV,2026-09-12,19:40,20:32,ZT 21:40,ZT 22:32,9,18,ABCD,B,Cinnamon,NE,B,Cinnamon,True,False,False,,6.0,1,2,NE,B,0,1,0,0,0,0,0,0,,3,9,,True
Example_Animal_08,example_animal_08_four_choice.xlsx,JAX C57,,,Control,WT,unknown,,N/A,JAX,N/A,Y,,Shipped,N/A,N,M,N,"UC Berkeley, Wilbrecht Lab",Aspen,Dark,Bioserv,20.0,Kaytee,,Albert Ader,12:12:00,Y,Y,Y,22:00,,,Y,Control,False,M,reversal,REV,2026-09-12,19:40,20:32,ZT 21:40,ZT 22:32,10,19,BCDA,A,Anise,SE,B,Cinnamon,False,True,False,Regressive,4.0,1,4,SE,A,1,0,0,0,0,0,0,0,,0,10,6.0,True
Example_Animal_08,example_animal_08_four_choice.xlsx,JAX C57,,,Control,WT,unknown,,N/A,JAX,N/A,Y,,Shipped,N/A,N,M,N,"UC Berkeley, Wilbrecht Lab",Aspen,Dark,Bioserv,20.0,Kaytee,,Albert Ader,12:12:00,Y,Y,Y,22:00,,,Y,Control,False,M,reversal,REV,2026-09-12,19:40,20:32,ZT 21:40,ZT 22:32,11,20,CDAB,A,Anise,SW,B,Cinnamon,False,True,False,Regressive,9.0,1,3,SW,A,1,0,0,0,0,0,0,0,,0,11,6.0,True
Example_Animal_08,example_animal_08_four_choice.xlsx,JAX C57,,,Control,WT,unknown,,N/A,JAX,N/A,Y,,Shipped,N/A,N,M,N,"UC Berkeley, Wilbrecht Lab",Aspen,Dark,Bioserv,20.0,Kaytee,,Albert Ader,12:12:00,Y,Y,Y,22:00,,,Y,Control,False,M,reversal,REV,2026-09-12,19:40,20:32,ZT 21:40,ZT 22:32,12,21,DABC,A,Anise,NE,B,Cinnamon,False,True,False,Regressive,24.0,2,42,"SE,NE","C,A",1,0,1,0,0,0,0,0,,0,12,6.0,True
Example_Animal_08,example_animal_08_four_choice.xlsx,JAX C57,,,Control,WT,unknown,,N/A,JAX,N/A,Y,,Shipped,N/A,N,M,N,"UC Berkeley, Wilbrecht Lab",Aspen,Dark,Bioserv,20.0,Kaytee,,Albert Ader,12:12:00,Y,Y,Y,22:00,,,Y,Control,False,M,reversal,REV,2026-09-12,19:40,20:32,ZT 21:40,ZT 22:32,13,22,ABCD,B,Cinnamon,NE,B,Cinnamon,True,False,False,,77.0,9,431324432,"SE,SW,NW,SW,NE,SE,SE,SW,NE","D,C,A,C,B,D,D,C,B",1,2,3,3,0,0,0,0,climb,1,13,6.0,True
Example_Animal_08,example_animal_08_four_choice.xlsx,JAX C57,,,Control,WT,unknown,,N/A,JAX,N/A,Y,,Shipped,N/A,N,M,N,"UC Berkeley, Wilbrecht Lab",Aspen,Dark,Bioserv,20.0,Kaytee,,Albert Ader,12:12:00,Y,Y,Y,22:00,,,Y,Control,False,M,reversal,REV,2026-09-12,19:40,20:32,ZT 21:40,ZT 22:32,14,23,BCDA,B,Cinnamon,NW,B,Cinnamon,True,False,False,,109.0,9,214131231,"NE,NW,SE,NW,SW,NW,NE,SW,NW","C,B,A,B,D,B,C,D,B",1,4,2,2,0,0,0,0,groom,2,14,6.0,True
Example_Animal_08,example_animal_08_four_choice.xlsx,JAX C57,,,Control,WT,unknown,,N/A,JAX,N/A,Y,,Shipped,N/A,N,M,N,"UC Berkeley, Wilbrecht Lab",Aspen,Dark,Bioserv,20.0,Kaytee,,Albert Ader,12:12:00,Y,Y,Y,22:00,,,Y,Control,False,M,reversal,REV,2026-09-12,19:40,20:32,ZT 21:40,ZT 22:32,15,24,CDAB,A,Anise,SW,B,Cinnamon,False,True,False,Regressive,23.0,2,23,"NE,SW","D,A",1,0,0,1,0,0,0,0,,0,15,5.0,True
Example_Animal_08,example_animal_08_four_choice.xlsx,JAX C57,,,Control,WT,unknown,,N/A,JAX,N/A,Y,,Shipped,N/A,N,M,N,"UC Berkeley, Wilbrecht Lab",Aspen,Dark,Bioserv,20.0,Kaytee,,Albert Ader,12:12:00,Y,Y,Y,22:00,,,Y,Control,False,M,reversal,REV,2026-09-12,19:40,20:32,ZT 21:40,ZT 22:32,16,25,DABC,B,Cinnamon,SW,B,Cinnamon,True,False,False,,32.0,4,4243,"SE,NE,SE,SW","C,A,C,B",1,1,2,0,0,0,0,0,,1,16,6.0,True
Example_Animal_08,example_animal_08_four_choice.xlsx,JAX C57,,,Control,WT,unknown,,N/A,JAX,N/A,Y,,Shipped,N/A,N,M,N,"UC Berkeley, Wilbrecht Lab",Aspen,Dark,Bioserv,20.0,Kaytee,,Albert Ader,12:12:00,Y,Y,Y,22:00,,,Y,Control,False,M,reversal,REV,2026-09-12,19:40,20:32,ZT 21:40,ZT 22:32,17,26,ABCD,A,Anise,NW,B,Cinnamon,False,True,False,Regressive,10.0,3,421,"SE,NE,NW","D,B,A",1,1,0,1,0,0,0,0,escaped to 2,0,17,5.0,True
Example_Animal_08,example_animal_08_four_choice.xlsx,JAX C57,,,Control,WT,unknown,,N/A,JAX,N/A,Y,,Shipped,N/A,N,M,N,"UC Berkeley, Wilbrecht Lab",Aspen,Dark,Bioserv,20.0,Kaytee,,Albert Ader,12:12:00,Y,Y,Y,22:00,,,Y,Control,False,M,reversal,REV,2026-09-12,19:40,20:32,ZT 21:40,ZT 22:32,18,27,BCDA,A,Anise,SE,B,Cinnamon,False,True,False,Regressive,52.0,8,24242124,"NE,SE,NE,SE,NE,NW,NE,SE","C,A,C,A,C,B,C,A",3,1,4,0,0,0,0,0,,0,18,4.0,True
Example_Animal_08,example_animal_08_four_choice.xlsx,JAX C57,,,Control,WT,unknown,,N/A,JAX,N/A,Y,,Shipped,N/A,N,M,N,"UC Berkeley, Wilbrecht Lab",Aspen,Dark,Bioserv,20.0,Kaytee,,Albert Ader,12:12:00,Y,Y,Y,22:00,,,Y,Control,False,M,reversal,REV,2026-09-12,19:40,20:32,ZT 21:40,ZT 22:32,19,28,CDAB,B,Cinnamon,SE,B,Cinnamon,True,False,False,,52.0,5,42424,"SE,NE,SE,NE,SE","B,D,B,D,B",0,3,0,2,0,0,0,0,,1,19,4.0,True
Example_Animal_08,example_animal_08_four_choice.xlsx,JAX C57,,,Control,WT,unknown,,N/A,JAX,N/A,Y,,Shipped,N/A,N,M,N,"UC Berkeley, Wilbrecht Lab",Aspen,Dark,Bioserv,20.0,Kaytee,,Albert Ader,12:12:00,Y,Y,Y,22:00,,,Y,Control,False,M,reversal,REV,2026-09-12,19:40,20:32,ZT 21:40,ZT 22:32,20,29,DABC,A,Anise,NE,B,Cinnamon,False,True,False,Regressive,10.0,2,42,"SE,NE","C,A",1,0,1,0,0,0,0,0,,0,20,4.0,True
Example_Animal_08,example_animal_08_four_choice.xlsx,JAX C57,,,Control,WT,unknown,,N/A,JAX,N/A,Y,,Shipped,N/A,N,M,N,"UC Berkeley, Wilbrecht Lab",Aspen,Dark,Bioserv,20.0,Kaytee,,Albert Ader,12:12:00,Y,Y,Y,22:00,,,Y,Control,False,M,reversal,REV,2026-09-12,19:40,20:32,ZT 21:40,ZT 22:32,21,30,ABCD,B,Cinnamon,NE,B,Cinnamon,True,False,False,,125.0,18,423424342413424242,"SE,NE,SW,SE,NE,SE,SW,SE,NE,SE,NW,SW,SE,NE,SE,NE,SE,NE","D,B,C,D,B,D,C,D,B,D,A,C,D,B,D,B,D,B",1,6,3,8,0,0,0,0,,1,21,5.0,True
Example_Animal_08,example_animal_08_four_choice.xlsx,JAX C57,,,Control,WT,unknown,,N/A,JAX,N/A,Y,,Shipped,N/A,N,M,N,"UC Berkeley, Wilbrecht Lab",Aspen,Dark,Bioserv,20.0,Kaytee,,Albert Ader,12:12:00,Y,Y,Y,22:00,,,Y,Control,False,M,reversal,REV,2026-09-12,19:40,20:32,ZT 21:40,ZT 22:32,22,31,BCDA,A,Anise,SE,B,Cinnamon,False,True,False,Regressive,31.0,4,4324,"SE,SW,NE,SE","A,D,C,A",2,0,1,1,0,0,0,0,,0,22,5.0,True
Example_Animal_08,example_animal_08_four_choice.xlsx,JAX C57,,,Control,WT,unknown,,N/A,JAX,N/A,Y,,Shipped,N/A,N,M,N,"UC Berkeley, Wilbrecht Lab",Aspen,Dark,Bioserv,20.0,Kaytee,,Albert Ader,12:12:00,Y,Y,Y,22:00,,,Y,Control,False,M,reversal,REV,2026-09-12,19:40,20:32,ZT 21:40,ZT 22:32,23,32,CDAB,B,Cinnamon,SE,B,Cinnamon,True,False,False,,7.0,1,4,SE,B,0,1,0,0,0,0,0,0,,1,23,5.0,True
Example_Animal_08,example_animal_08_four_choice.xlsx,JAX C57,,,Control,WT,unknown,,N/A,JAX,N/A,Y,,Shipped,N/A,N,M,N,"UC Berkeley, Wilbrecht Lab",Aspen,Dark,Bioserv,20.0,Kaytee,,Albert Ader,12:12:00,Y,Y,Y,22:00,,,Y,Control,False,M,reversal,REV,2026-09-12,19:40,20:32,ZT 21:40,ZT 22:32,24,33,DABC,B,Cinnamon,SW,B,Cinnamon,True,False,False,,25.0,3,423,"SE,NE,SW","C,A,B",1,1,1,0,0,0,0,0,,2,24,5.0,True
Example_Animal_08,example_animal_08_four_choice.xlsx,JAX C57,,,Control,WT,unknown,,N/A,JAX,N/A,Y,,Shipped,N/A,N,M,N,"UC Berkeley, Wilbrecht Lab",Aspen,Dark,Bioserv,20.0,Kaytee,,Albert Ader,12:12:00,Y,Y,Y,22:00,,,Y,Control,False,M,reversal,REV,2026-09-12,19:40,20:32,ZT 21:40,ZT 22:32,25,34,ABCD,B,Cinnamon,NE,B,Cinnamon,True,False,False,,54.0,9,421313132,"SE,NE,NW,SW,NW,SW,NW,SW,NE","D,B,A,C,A,C,A,C,B",3,2,3,1,0,0,0,0,,3,25,6.0,True
Example_Animal_08,example_animal_08_four_choice.xlsx,JAX C57,,,Control,WT,unknown,,N/A,JAX,N/A,Y,,Shipped,N/A,N,M,N,"UC Berkeley, Wilbrecht Lab",Aspen,Dark,Bioserv,20.0,Kaytee,,Albert Ader,12:12:00,Y,Y,Y,22:00,,,Y,Control,False,M,reversal,REV,2026-09-12,19:40,20:32,ZT 21:40,ZT 22:32,26,35,BCDA,B,Cinnamon,NW,B,Cinnamon,True,False,False,,12.0,1,1,NW,B,0,1,0,0,0,0,0,0,,4,26,6.0,True
Example_Animal_08,example_animal_08_four_choice.xlsx,JAX C57,,,Control,WT,unknown,,N/A,JAX,N/A,Y,,Shipped,N/A,N,M,N,"UC Berkeley, Wilbrecht Lab",Aspen,Dark,Bioserv,20.0,Kaytee,,Albert Ader,12:12:00,Y,Y,Y,22:00,,,Y,Control,False,M,reversal,REV,2026-09-12,19:40,20:32,ZT 21:40,ZT 22:32,27,36,CDAB,B,Cinnamon,SE,B,Cinnamon,True,False,False,,3.0,1,4,SE,B,0,1,0,0,0,0,0,0,,5,27,7.0,True
Example_Animal_08,example_animal_08_four_choice.xlsx,JAX C57,,,Control,WT,unknown,,N/A,JAX,N/A,Y,,Shipped,N/A,N,M,N,"UC Berkeley, Wilbrecht Lab",Aspen,Dark,Bioserv,20.0,Kaytee,,Albert Ader,12:12:00,Y,Y,Y,22:00,,,Y,Control,False,M,reversal,REV,2026-09-12,19:40,20:32,ZT 21:40,ZT 22:32,28,37,DABC,A,Anise,NE,B,Cinnamon,False,True,False,Regressive,15.0,2,42,"SE,NE","C,A",1,0,1,0,0,0,0,0,,0,28,7.0,True
Example_Animal_08,example_animal_08_four_choice.xlsx,JAX C57,,,Control,WT,unknown,,N/A,JAX,N/A,Y,,Shipped,N/A,N,M,N,"UC Berkeley, Wilbrecht Lab",Aspen,Dark,Bioserv,20.0,Kaytee,,Albert Ader,12:12:00,Y,Y,Y,22:00,,,Y,Control,False,M,reversal,REV,2026-09-12,19:40,20:32,ZT 21:40,ZT 22:32,29,38,ABCD,B,Cinnamon,NE,B,Cinnamon,True,False,False,,14.0,2,42,"SE,NE","D,B",0,1,0,1,0,0,0,0,,1,29,7.0,True
Example_Animal_08,example_animal_08_four_choice.xlsx,JAX C57,,,Control,WT,unknown,,N/A,JAX,N/A,Y,,Shipped,N/A,N,M,N,"UC Berkeley, Wilbrecht Lab",Aspen,Dark,Bioserv,20.0,Kaytee,,Albert Ader,12:12:00,Y,Y,Y,22:00,,,Y,Control,False,M,reversal,REV,2026-09-12,19:40,20:32,ZT 21:40,ZT 22:32,30,39,BCDA,B,Cinnamon,NW,B,Cinnamon,True,False,False,,158.0,6,243321,"NE,SE,SW,SW,NE,NW","C,A,D,D,C,B",1,1,2,2,0,0,0,0,,2,30,8.0,True
Example_Animal_09,example_animal_09_four_choice.xlsx,JAX C57,2026-07-10,,Control,WT,unknown,,N/A,JAX,N/A,Y,,Shipped,N/A,N,M,N,"UC Berkeley, Wilbrecht Lab",Aspen,Dark,Bioserv,20.0,Kaytee,,Han-Ning Lu,12:12:00,Y,Y,Y,22:00,,,Y,Control,False,M,discrimination,DISC,2026-09-13,13:33,15:58,ZT 15:33,ZT 17:58,1,10,ABCD,D,Vanilla,SE,A,Anise,False,True,False,D_error,77.0,13,3413141412324,"SW,SE,NW,SW,NW,SE,NW,SE,NW,NE,SW,NE,SE","C,D,A,C,A,D,A,D,A,B,C,B,D",4,2,3,4,0,0,0,0,,0,1,,False
Example_Animal_09,example_animal_09_four_choice.xlsx,JAX C57,2026-07-10,,Control,WT,unknown,,N/A,JAX,N/A,Y,,Shipped,N/A,N,M,N,"UC Berkeley, Wilbrecht Lab",Aspen,Dark,Bioserv,20.0,Kaytee,,Han-Ning Lu,12:12:00,Y,Y,Y,22:00,,,Y,Control,False,M,discrimination,DISC,2026-09-13,13:33,15:58,ZT 15:33,ZT 17:58,2,11,BCDA,D,Vanilla,SW,A,Anise,False,True,False,D_error,97.0,16,3143142314123421,"SW,NW,SE,SW,NW,SE,NE,SW,NW,SE,NW,NE,SW,SE,NE,NW","D,B,A,D,B,A,C,D,B,A,B,C,D,A,C,B",4,5,3,4,0,0,0,0,,0,2,,False
Example_Animal_09,example_animal_09_four_choice.xlsx,JAX C57,2026-07-10,,Control,WT,unknown,,N/A,JAX,N/A,Y,,Shipped,N/A,N,M,N,"UC Berkeley, Wilbrecht Lab",Aspen,Dark,Bioserv,20.0,Kaytee,,Han-Ning Lu,12:12:00,Y,Y,Y,22:00,,,Y,Control,False,M,discrimination,DISC,2026-09-13,13:33,15:58,ZT 15:33,ZT 17:58,3,12,CDAB,B,Cinnamon,SE,A,Anise,False,True,False,B_error,17.0,4,2414,"NE,SE,NW,SE","D,B,C,B",0,2,1,1,0,0,0,0,,0,3,,False
Example_Animal_09,example_animal_09_four_choice.xlsx,JAX C57,2026-07-10,,Control,WT,unknown,,N/A,JAX,N/A,Y,,Shipped,N/A,N,M,N,"UC Berkeley, Wilbrecht Lab",Aspen,Dark,Bioserv,20.0,Kaytee,,Han-Ning Lu,12:12:00,Y,Y,Y,22:00,,,Y,Control,False,M,discrimination,DISC,2026-09-13,13:33,15:58,ZT 15:33,ZT 17:58,4,13,DABC,D,Vanilla,NW,A,Anise,False,True,False,D_error,45.0,5,34141,"SW,SE,NW,SE,NW","B,C,D,C,D",0,1,2,2,0,0,0,0,,0,4,,False
Example_Animal_09,example_animal_09_four_choice.xlsx,JAX C57,2026-07-10,,Control,WT,unknown,,N/A,JAX,N/A,Y,,Shipped,N/A,N,M,N,"UC Berkeley, Wilbrecht Lab",Aspen,Dark,Bioserv,20.0,Kaytee,,Han-Ning Lu,12:12:00,Y,Y,Y,22:00,,,Y,Control,False,M,discrimination,DISC,2026-09-13,13:33,15:58,ZT 15:33,ZT 17:58,5,14,ABCD,D,Vanilla,SE,A,Anise,False,True,False,D_error,29.0,7,1212324,"NW,NE,NW,NE,SW,NE,SE","A,B,A,B,C,B,D",2,3,1,1,0,0,0,0,,0,5,,False
Example_Animal_09,example_animal_09_four_choice.xlsx,JAX C57,2026-07-10,,Control,WT,unknown,,N/A,JAX,N/A,Y,,Shipped,N/A,N,M,N,"UC Berkeley, Wilbrecht Lab",Aspen,Dark,Bioserv,20.0,Kaytee,,Han-Ning Lu,12:12:00,Y,Y,Y,22:00,,,Y,Control,False,M,discrimination,DISC,2026-09-13,13:33,15:58,ZT 15:33,ZT 17:58,6,15,BCDA,D,Vanilla,SW,A,Anise,False,True,False,D_error,90.0,15,432124341214143,"SE,SW,NE,NW,NE,SE,SW,SE,NW,NE,NW,SE,NW,SE,SW","A,D,C,B,C,A,D,A,B,C,B,A,B,A,D",5,4,3,3,0,0,0,0,groom,0,6,,False
Example_Animal_09,example_animal_09_four_choice.xlsx,JAX C57,2026-07-10,,Control,WT,unknown,,N/A,JAX,N/A,Y,,Shipped,N/A,N,M,N,"UC Berkeley, Wilbrecht Lab",Aspen,Dark,Bioserv,20.0,Kaytee,,Han-Ning Lu,12:12:00,Y,Y,Y,22:00,,,Y,Control,False,M,discrimination,DISC,2026-09-13,13:33,15:58,ZT 15:33,ZT 17:58,7,16,CDAB,D,Vanilla,NE,A,Anise,False,True,False,D_error,4.0,1,2,NE,D,0,0,0,1,0,0,0,0,,0,7,,False
Example_Animal_09,example_animal_09_four_choice.xlsx,JAX C57,2026-07-10,,Control,WT,unknown,,N/A,JAX,N/A,Y,,Shipped,N/A,N,M,N,"UC Berkeley, Wilbrecht Lab",Aspen,Dark,Bioserv,20.0,Kaytee,,Han-Ning Lu,12:12:00,Y,Y,Y,22:00,,,Y,Control,False,M,discrimination,DISC,2026-09-13,13:33,15:58,ZT 15:33,ZT 17:58,8,17,DABC,D,Vanilla,NW,A,Anise,False,True,False,D_error,32.0,6,414124,"SE,NW,SE,NW,NE,SE","C,D,C,D,A,C",1,0,3,2,0,0,0,0,,0,8,,False
Example_Animal_09,example_animal_09_four_choice.xlsx,JAX C57,2026-07-10,,Control,WT,unknown,,N/A,JAX,N/A,Y,,Shipped,N/A,N,M,N,"UC Berkeley, Wilbrecht Lab",Aspen,Dark,Bioserv,20.0,Kaytee,,Han-Ning Lu,12:12:00,Y,Y,Y,22:00,,,Y,Control,False,M,discrimination,DISC,2026-09-13,13:33,15:58,ZT 15:33,ZT 17:58,9,18,ABCD,D,Vanilla,SE,A,Anise,False,True,False,D_error,27.0,4,2314,"NE,SW,NW,SE","B,C,A,D",1,1,1,1,0,0,0,0,,0,9,,False
Example_Animal_09,example_animal_09_four_choice.xlsx,JAX C57,2026-07-10,,Control,WT,unknown,,N/A,JAX,N/A,Y,,Shipped,N/A,N,M,N,"UC Berkeley, Wilbrecht Lab",Aspen,Dark,Bioserv,20.0,Kaytee,,Han-Ning Lu,12:12:00,Y,Y,Y,22:00,,,Y,Control,False,M,discrimination,DISC,2026-09-13,13:33,15:58,ZT 15:33,ZT 17:58,10,19,BCDA,D,Vanilla,SW,A,Anise,False,True,False,D_error,50.0,11,13431243243,"NW,SW,SE,SW,NW,NE,SE,SW,NE,SE,SW","B,D,A,D,B,C,A,D,C,A,D",3,2,2,4,0,0,0,0,,0,10,0.0,False
Example_Animal_09,example_animal_09_four_choice.xlsx,JAX C57,2026-07-10,,Control,WT,unknown,,N/A,JAX,N/A,Y,,Shipped,N/A,N,M,N,"UC Berkeley, Wilbrecht Lab",Aspen,Dark,Bioserv,20.0,Kaytee,,Han-Ning Lu,12:12:00,Y,Y,Y,22:00,,,Y,Control,False,M,discrimination,DISC,2026-09-13,13:33,15:58,ZT 15:33,ZT 17:58,11,20,CDAB,B,Cinnamon,SE,A,Anise,False,True,False,B_error,13.0,3,414,"SE,NW,SE","B,C,B",0,2,1,0,0,0,0,0,,0,11,0.0,False
Example_Animal_09,example_animal_09_four_choice.xlsx,JAX C57,2026-07-10,,Control,WT,unknown,,N/A,JAX,N/A,Y,,Shipped,N/A,N,M,N,"UC Berkeley, Wilbrecht Lab",Aspen,Dark,Bioserv,20.0,Kaytee,,Han-Ning Lu,12:12:00,Y,Y,Y,22:00,,,Y,Control,False,M,discrimination,DISC,2026-09-13,13:33,15:58,ZT 15:33,ZT 17:58,12,21,DABC,D,Vanilla,NW,A,Anise,False,True,False,D_error,18.0,4,4141,"SE,NW,SE,NW","C,D,C,D",0,0,2,2,0,0,0,0,,0,12,0.0,False
Example_Animal_09,example_animal_09_four_choice.xlsx,JAX C57,2026-07-10,,Control,WT,unknown,,N/A,JAX,N/A,Y,,Shipped,N/A,N,M,N,"UC Berkeley, Wilbrecht Lab",Aspen,Dark,Bioserv,20.0,Kaytee,,Han-Ning Lu,12:12:00,Y,Y,Y,22:00,,,Y,Control,False,M,discrimination,DISC,2026-09-13,13:33,15:58,ZT 15:33,ZT 17:58,13,22,ABCD,B,Cinnamon,NE,A,Anise,False,True,False,B_error,29.0,5,34142,"SW,SE,NW,SE,NE","C,D,A,D,B",1,1,1,2,0,0,0,0,,0,13,0.0,False
Example_Animal_09,example_animal_09_four_choice.xlsx,JAX C57,2026-07-10,,Control,WT,unknown,,N/A,JAX,N/A,Y,,Shipped,N/A,N,M,N,"UC Berkeley, Wilbrecht Lab",Aspen,Dark,Bioserv,20.0,Kaytee,,Han-Ning Lu,12:12:00,Y,Y,Y,22:00,,,Y,Control,False,M,discrimination,DISC,2026-09-13,13:33,15:58,ZT 15:33,ZT 17:58,14,23,BCDA,D,Vanilla,SW,A,Anise,False,True,False,D_error,91.0,10,3234121312,"SW,NE,SW,SE,NW,NE,NW,SW,NW,NE","D,C,D,A,B,C,B,D,B,C",1,3,3,3,0,0,0,0,groom,0,14,0.0,False
Example_Animal_09,example_animal_09_four_choice.xlsx,JAX C57,2026-07-10,,Control,WT,unknown,,N/A,JAX,N/A,Y,,Shipped,N/A,N,M,N,"UC Berkeley, Wilbrecht Lab",Aspen,Dark,Bioserv,20.0,Kaytee,,Han-Ning Lu,12:12:00,Y,Y,Y,22:00,,,Y,Control,False,M,discrimination,DISC,2026-09-13,13:33,15:58,ZT 15:33,ZT 17:58,15,24,CDAB,D,Vanilla,NE,A,Anise,False,True,False,D_error,15.0,3,232,"NE,SW,NE","D,A,D",1,0,0,2,0,0,0,0,,0,15,0.0,False
Example_Animal_09,example_animal_09_four_choice.xlsx,JAX C57,2026-07-10,,Control,WT,unknown,,N/A,JAX,N/A,Y,,Shipped,N/A,N,M,N,"UC Berkeley, Wilbrecht Lab",Aspen,Dark,Bioserv,20.0,Kaytee,,Han-Ning Lu,12:12:00,Y,Y,Y,22:00,,,Y,Control,False,M,discrimination,DISC,2026-09-13,13:33,15:58,ZT 15:33,ZT 17:58,16,25,DABC,A,Anise,NE,A,Anise,True,False,False,,20.0,5,13432,"NW,SW,SE,SW,NE","D,B,C,B,A",1,2,1,1,0,0,0,0,,1,16,1.0,False
Example_Animal_09,example_animal_09_four_choice.xlsx,JAX C57,2026-07-10,,Control,WT,unknown,,N/A,JAX,N/A,Y,,Shipped,N/A,N,M,N,"UC Berkeley, Wilbrecht Lab",Aspen,Dark,Bioserv,20.0,Kaytee,,Han-Ning Lu,12:12:00,Y,Y,Y,22:00,,,Y,Control,False,M,discrimination,DISC,2026-09-13,13:33,15:58,ZT 15:33,ZT 17:58,17,26,ABCD,A,Anise,NW,A,Anise,True,False,False,,41.0,7,2432121,"NE,SE,SW,NE,NW,NE,NW","B,D,C,B,A,B,A",2,3,1,1,0,0,0,0,,2,17,2.0,False
Example_Animal_09,example_animal_09_four_choice.xlsx,JAX C57,2026-07-10,,Control,WT,unknown,,N/A,JAX,N/A,Y,,Shipped,N/A,N,M,N,"UC Berkeley, Wilbrecht Lab",Aspen,Dark,Bioserv,20.0,Kaytee,,Han-Ning Lu,12:12:00,Y,Y,Y,22:00,,,Y,Control,False,M,discrimination,DISC,2026-09-13,13:33,15:58,ZT 15:33,ZT 17:58,18,27,BCDA,D,Vanilla,SW,A,Anise,False,True,False,D_error,14.0,4,4323,"SE,SW,NE,SW","A,D,C,D",1,0,1,2,0,0,0,0,,0,18,2.0,False
Example_Animal_09,example_animal_09_four_choice.xlsx,JAX C57,2026-07-10,,Control,WT,unknown,,N/A,JAX,N/A,Y,,Shipped,N/A,N,M,N,"UC Berkeley, Wilbrecht Lab",Aspen,Dark,Bioserv,20.0,Kaytee,,Han-Ning Lu,12:12:00,Y,Y,Y,22:00,,,Y,Control,False,M,discrimination,DISC,2026-09-13,13:33,15:58,ZT 15:33,ZT 17:58,19,28,CDAB,A,Anise,SW,A,Anise,True,False,False,,18.0,4,2143,"NE,NW,SE,SW","D,C,B,A",1,1,1,1,0,0,0,0,,1,19,3.0,False
Example_Animal_09,example_animal_09_four_choice.xlsx,JAX C57,2026-07-10,,Control,WT,unknown,,N/A,JAX,N/A,Y,,Shipped,N/A,N,M,N,"UC Berkeley, Wilbrecht Lab",Aspen,Dark,Bioserv,20.0,Kaytee,,Han-Ning Lu,12:12:00,Y,Y,Y,22:00,,,Y,Control,False,M,discrimination,DISC,2026-09-13,13:33,15:58,ZT 15:33,ZT 17:58,20,29,DABC,A,Anise,NE,A,Anise,True,False,False,,98.0,10,2314141232,"NE,SW,NW,SE,NW,SE,NW,NE,SW,NE","A,B,D,C,D,C,D,A,B,A",3,2,2,3,0,0,0,0,groom,2,20,4.0,False
Example_Animal_09,example_animal_09_four_choice.xlsx,JAX C57,2026-07-10,,Control,WT,unknown,,N/A,JAX,N/A,Y,,Shipped,N/A,N,M,N,"UC Berkeley, Wilbrecht Lab",Aspen,Dark,Bioserv,20.0,Kaytee,,Han-Ning Lu,12:12:00,Y,Y,Y,22:00,,,Y,Control,False,M,discrimination,DISC,2026-09-13,13:33,15:58,ZT 15:33,ZT 17:58,21,30,ABCD,D,Vanilla,SE,A,Anise,False,True,False,D_error,18.0,4,4324,"SE,SW,NE,SE","D,C,B,D",0,1,1,2,0,0,0,0,,0,21,4.0,False
Example_Animal_09,example_animal_09_four_choice.xlsx,JAX C57,2026-07-10,,Control,WT,unknown,,N/A,JAX,N/A,Y,,Shipped,N/A,N,M,N,"UC Berkeley, Wilbrecht Lab",Aspen,Dark,Bioserv,20.0,Kaytee,,Han-Ning Lu,12:12:00,Y,Y,Y,22:00,,,Y,Control,False,M,discrimination,DISC,2026-09-13,13:33,15:58,ZT 15:33,ZT 17:58,22,31,BCDA,D,Vanilla,SW,A,Anise,False,True,False,D_error,12.0,3,413,"SE,NW,SW","A,B,D",1,1,0,1,0,0,0,0,,0,22,4.0,False
Example_Animal_09,example_animal_09_four_choice.xlsx,JAX C57,2026-07-10,,Control,WT,unknown,,N/A,JAX,N/A,Y,,Shipped,N/A,N,M,N,"UC Berkeley, Wilbrecht Lab",Aspen,Dark,Bioserv,20.0,Kaytee,,Han-Ning Lu,12:12:00,Y,Y,Y,22:00,,,Y,Control,False,M,discrimination,DISC,2026-09-13,13:33,15:58,ZT 15:33,ZT 17:58,23,32,CDAB,A,Anise,SW,A,Anise,True,False,False,,16.0,3,413,"SE,NW,SW","B,C,A",1,1,1,0,0,0,0,0,,1,23,5.0,False
Example_Animal_09,example_animal_09_four_choice.xlsx,JAX C57,2026-07-10,,Control,WT,unknown,,N/A,JAX,N/A,Y,,Shipped,N/A,N,M,N,"UC Berkeley, Wilbrecht Lab",Aspen,Dark,Bioserv,20.0,Kaytee,,Han-Ning Lu,12:12:00,Y,Y,Y,22:00,,,Y,Control,False,M,discrimination,DISC,2026-09-13,13:33,15:58,ZT 15:33,ZT 17:58,24,33,DABC,A,Anise,NE,A,Anise,True,False,False,,169.0,20,13123234241414232432,"NW,SW,NW,NE,SW,NE,SW,SE,NE,SE,NW,SE,NW,SE,NE,SW,NE,SE,SW,NE","D,B,D,A,B,A,B,C,A,C,D,C,D,C,A,B,A,C,B,A",6,5,5,4,0,0,0,0,groom,2,24,6.0,False
Example_Animal_09,example_animal_09_four_choice.xlsx,JAX C57,2026-07-10,,Control,WT,unknown,,N/A,JAX,N/A,Y,,Shipped,N/A,N,M,N,"UC Berkeley, Wilbrecht Lab",Aspen,Dark,Bioserv,20.0,Kaytee,,Han-Ning Lu,12:12:00,Y,Y,Y,22:00,,,Y,Control,False,M,discrimination,DISC,2026-09-13,13:33,15:58,ZT 15:33,ZT 17:58,25,34,ABCD,D,Vanilla,SE,A,Anise,False,True,False,D_error,8.0,3,414,"SE,NW,SE","D,A,D",1,0,0,2,0,0,0,0,,0,25,6.0,False
Example_Animal_09,example_animal_09_four_choice.xlsx,JAX C57,2026-07-10,,Control,WT,unknown,,N/A,JAX,N/A,Y,,Shipped,N/A,N,M,N,"UC Berkeley, Wilbrecht Lab",Aspen,Dark,Bioserv,20.0,Kaytee,,Han-Ning Lu,12:12:00,Y,Y,Y,22:00,,,Y,Control,False,M,discrimination,DISC,2026-09-13,13:33,15:58,ZT 15:33,ZT 17:58,26,35,BCDA,A,Anise,SE,A,Anise,True,False,False,,15.0,2,24,"NE,SE","C,A",1,0,1,0,0,0,0,0,,1,26,6.0,False
Example_Animal_09,example_animal_09_four_choice.xlsx,JAX C57,2026-07-10,,Control,WT,unknown,,N/A,JAX,N/A,Y,,Shipped,N/A,N,M,N,"UC Berkeley, Wilbrecht Lab",Aspen,Dark,Bioserv,20.0,Kaytee,,Han-Ning Lu,12:12:00,Y,Y,Y,22:00,,,Y,Control,False,M,discrimination,DISC,2026-09-13,13:33,15:58,ZT 15:33,ZT 17:58,27,36,CDAB,D,Vanilla,NE,A,Anise,False,True,False,D_error,40.0,4,4232,"SE,NE,SW,NE","B,D,A,D",1,1,0,2,0,0,0,0,,0,27,5.0,False
Example_Animal_09,example_animal_09_four_choice.xlsx,JAX C57,2026-07-10,,Control,WT,unknown,,N/A,JAX,N/A,Y,,Shipped,N/A,N,M,N,"UC Berkeley, Wilbrecht Lab",Aspen,Dark,Bioserv,20.0,Kaytee,,Han-Ning Lu,12:12:00,Y,Y,Y,22:00,,,Y,Control,False,M,discrimination,DISC,2026-09-13,13:33,15:58,ZT 15:33,ZT 17:58,28,37,DABC,A,Anise,NE,A,Anise,True,False,False,,13.0,4,3412,"SW,SE,NW,NE","B,C,D,A",1,1,1,1,0,0,0,0,ate under shavings,1,28,6.0,False
Example_Animal_09,example_animal_09_four_choice.xlsx,JAX C57,2026-07-10,,Control,WT,unknown,,N/A,JAX,N/A,Y,,Shipped,N/A,N,M,N,"UC Berkeley, Wilbrecht Lab",Aspen,Dark,Bioserv,20.0,Kaytee,,Han-Ning Lu,12:12:00,Y,Y,Y,22:00,,,Y,Control,False,M,discrimination,DISC,2026-09-13,13:33,15:58,ZT 15:33,ZT 17:58,29,38,ABCD,A,Anise,NW,A,Anise,True,False,False,,9.0,2,31,"SW,NW","C,A",1,0,1,0,0,0,0,0,ate under shavings,2,29,6.0,False
Example_Animal_09,example_animal_09_four_choice.xlsx,JAX C57,2026-07-10,,Control,WT,unknown,,N/A,JAX,N/A,Y,,Shipped,N/A,N,M,N,"UC Berkeley, Wilbrecht Lab",Aspen,Dark,Bioserv,20.0,Kaytee,,Han-Ning Lu,12:12:00,Y,Y,Y,22:00,,,Y,Control,False,M,discrimination,DISC,2026-09-13,13:33,15:58,ZT 15:33,ZT 17:58,30,39,BCDA,B,Cinnamon,NW,A,Anise,False,True,False,B_error,12.0,4,4132,"SE,NW,SW,NE","A,B,D,C",1,1,1,1,0,0,0,0,,0,30,5.0,False
Example_Animal_09,example_animal_09_four_choice.xlsx,JAX C57,2026-07-10,,Control,WT,unknown,,N/A,JAX,N/A,Y,,Shipped,N/A,N,M,N,"UC Berkeley, Wilbrecht Lab",Aspen,Dark,Bioserv,20.0,Kaytee,,Han-Ning Lu,12:12:00,Y,Y,Y,22:00,,,Y,Control,False,M,discrimination,DISC,2026-09-13,13:33,15:58,ZT 15:33,ZT 17:58,31,40,CDAB,D,Vanilla,NE,A,Anise,False,True,False,D_error,8.0,3,412,"SE,NW,NE","B,C,D",0,1,1,1,0,0,0,0,,0,31,5.0,False
Example_Animal_09,example_animal_09_four_choice.xlsx,JAX C57,2026-07-10,,Control,WT,unknown,,N/A,JAX,N/A,Y,,Shipped,N/A,N,M,N,"UC Berkeley, Wilbrecht Lab",Aspen,Dark,Bioserv,20.0,Kaytee,,Han-Ning Lu,12:12:00,Y,Y,Y,22:00,,,Y,Control,False,M,discrimination,DISC,2026-09-13,13:33,15:58,ZT 15:33,ZT 17:58,32,41,DABC,A,Anise,NE,A,Anise,True,False,False,,17.0,3,142,"NW,SE,NE","D,C,A",1,0,1,1,0,0,0,0,,1,32,6.0,False
Example_Animal_09,example_animal_09_four_choice.xlsx,JAX C57,2026-07-10,,Control,WT,unknown,,N/A,JAX,N/A,Y,,Shipped,N/A,N,M,N,"UC Berkeley, Wilbrecht Lab",Aspen,Dark,Bioserv,20.0,Kaytee,,Han-Ning Lu,12:12:00,Y,Y,Y,22:00,,,Y,Control,False,M,discrimination,DISC,2026-09-13,13:33,15:58,ZT 15:33,ZT 17:58,33,42,ABCD,D,Vanilla,SE,A,Anise,False,True,False,D_error,6.0,2,14,"NW,SE","A,D",1,0,0,1,0,0,0,0,,0,33,5.0,False
Example_Animal_09,example_animal_09_four_choice.xlsx,JAX C57,2026-07-10,,Control,WT,unknown,,N/A,JAX,N/A,Y,,Shipped,N/A,N,M,N,"UC Berkeley, Wilbrecht Lab",Aspen,Dark,Bioserv,20.0,Kaytee,,Han-Ning Lu,12:12:00,Y,Y,Y,22:00,,,Y,Control,False,M,discrimination,DISC,2026-09-13,13:33,15:58,ZT 15:33,ZT 17:58,34,43,BCDA,Omit,Omit,,A,Anise,False,False,True,Omission,180.0,11,21432324342,"NE,NW,SE,SW,NE,SW,NE,SE,SW,SE,NE","C,B,A,D,C,D,C,A,D,A,C",3,1,4,3,0,0,0,0,groom ~120s,0,33,5.0,False
Example_Animal_09,example_animal_09_four_choice.xlsx,JAX C57,2026-07-10,,Control,WT,unknown,,N/A,JAX,N/A,Y,,Shipped,N/A,N,M,N,"UC Berkeley, Wilbrecht Lab",Aspen,Dark,Bioserv,20.0,Kaytee,,Han-Ning Lu,12:12:00,Y,Y,Y,22:00,,,Y,Control,False,M,discrimination,DISC,2026-09-13,13:33,15:58,ZT 15:33,ZT 17:58,35,44,CDAB,A,Anise,SW,A,Anise,True,False,False,,7.0,3,243,"NE,SE,SW","D,B,A",1,1,0,1,0,0,0,0,,1,34,5.0,False
Example_Animal_09,example_animal_09_four_choice.xlsx,JAX C57,2026-07-10,,Control,WT,unknown,,N/A,JAX,N/A,Y,,Shipped,N/A,N,M,N,"UC Berkeley, Wilbrecht Lab",Aspen,Dark,Bioserv,20.0,Kaytee,,Han-Ning Lu,12:12:00,Y,Y,Y,22:00,,,Y,Control,False,M,discrimination,DISC,2026-09-13,13:33,15:58,ZT 15:33,ZT 17:58,36,45,DABC,D,Vanilla,NW,A,Anise,False,True,False,D_error,24.0,4,2321,"NE,SW,NE,NW","A,B,A,D",2,1,0,1,0,0,0,0,,0,35,5.0,False
Example_Animal_09,example_animal_09_four_choice.xlsx,JAX C57,2026-07-10,,Control,WT,unknown,,N/A,JAX,N/A,Y,,Shipped,N/A,N,M,N,"UC Berkeley, Wilbrecht Lab",Aspen,Dark,Bioserv,20.0,Kaytee,,Han-Ning Lu,12:12:00,Y,Y,Y,22:00,,,Y,Control,False,M,discrimination,DISC,2026-09-13,13:33,15:58,ZT 15:33,ZT 17:58,37,46,ABCD,D,Vanilla,SE,A,Anise,False,True,False,D_error,6.0,1,4,SE,D,0,0,0,1,0,0,0,0,,0,36,4.0,False
Example_Animal_09,example_animal_09_four_choice.xlsx,JAX C57,2026-07-10,,Control,WT,unknown,,N/A,JAX,N/A,Y,,Shipped,N/A,N,M,N,"UC Berkeley, Wilbrecht Lab",Aspen,Dark,Bioserv,20.0,Kaytee,,Han-Ning Lu,12:12:00,Y,Y,Y,22:00,,,Y,Control,False,M,discrimination,DISC,2026-09-13,13:33,15:58,ZT 15:33,ZT 17:58,38,47,BCDA,D,Vanilla,SW,A,Anise,False,True,False,D_error,20.0,2,13,"NW,SW","B,D",0,1,0,1,0,0,0,0,,0,37,4.0,False
Example_Animal_09,example_animal_09_four_choice.xlsx,JAX C57,2026-07-10,,Control,WT,unknown,,N/A,JAX,N/A,Y,,Shipped,N/A,N,M,N,"UC Berkeley, Wilbrecht Lab",Aspen,Dark,Bioserv,20.0,Kaytee,,Han-Ning Lu,12:12:00,Y,Y,Y,22:00,,,Y,Control,False,M,discrimination,DISC,2026-09-13,13:33,15:58,ZT 15:33,ZT 17:58,39,48,CDAB,D,Vanilla,NE,A,Anise,False,True,False,D_error,6.0,2,42,"SE,NE","B,D",0,1,0,1,0,0,0,0,,0,38,3.0,False
Example_Animal_09,example_animal_09_four_choice.xlsx,JAX C57,2026-07-10,,Control,WT,unknown,,N/A,JAX,N/A,Y,,Shipped,N/A,N,M,N,"UC Berkeley, Wilbrecht Lab",Aspen,Dark,Bioserv,20.0,Kaytee,,Han-Ning Lu,12:12:00,Y,Y,Y,22:00,,,Y,Control,False,M,discrimination,DISC,2026-09-13,13:33,15:58,ZT 15:33,ZT 17:58,40,49,DABC,A,Anise,NE,A,Anise,True,False,False,,14.0,2,32,"SW,NE","B,A",1,1,0,0,0,0,0,0,,1,39,3.0,False
Example_Animal_09,example_animal_09_four_choice.xlsx,JAX C57,2026-07-10,,Control,WT,unknown,,N/A,JAX,N/A,Y,,Shipped,N/A,N,M,N,"UC Berkeley, Wilbrecht Lab",Aspen,Dark,Bioserv,20.0,Kaytee,,Han-Ning Lu,12:12:00,Y,Y,Y,22:00,,,Y,Control,False,M,discrimination,DISC,2026-09-13,13:33,15:58,ZT 15:33,ZT 17:58,41,50,ABCD,B,Cinnamon,NE,A,Anise,False,True,False,B_error,33.0,7,2143232,"NE,NW,SE,SW,NE,SW,NE","B,A,D,C,B,C,B",1,3,2,1,0,0,0,0,,0,40,3.0,False
Example_Animal_09,example_animal_09_four_choice.xlsx,JAX C57,2026-07-10,,Control,WT,unknown,,N/A,JAX,N/A,Y,,Shipped,N/A,N,M,N,"UC Berkeley, Wilbrecht Lab",Aspen,Dark,Bioserv,20.0,Kaytee,,Han-Ning Lu,12:12:00,Y,Y,Y,22:00,,,Y,Control,False,M,discrimination,DISC,2026-09-13,13:33,15:58,ZT 15:33,ZT 17:58,42,51,BCDA,C,Lemon,NE,A,Anise,False,True,False,C_error,26.0,3,432,"SE,SW,NE","A,D,C",1,0,1,1,0,0,0,0,,0,41,3.0,False
Example_Animal_09,example_animal_09_four_choice.xlsx,JAX C57,2026-07-10,,Control,WT,unknown,,N/A,JAX,N/A,Y,,Shipped,N/A,N,M,N,"UC Berkeley, Wilbrecht Lab",Aspen,Dark,Bioserv,20.0,Kaytee,,Han-Ning Lu,12:12:00,Y,Y,Y,22:00,,,Y,Control,False,M,discrimination,DISC,2026-09-13,13:33,15:58,ZT 15:33,ZT 17:58,43,52,CDAB,A,Anise,SW,A,Anise,True,False,False,,5.0,1,3,SW,A,1,0,0,0,0,0,0,0,,1,42,3.0,False
Example_Animal_09,example_animal_09_four_choice.xlsx,JAX C57,2026-07-10,,Control,WT,unknown,,N/A,JAX,N/A,Y,,Shipped,N/A,N,M,N,"UC Berkeley, Wilbrecht Lab",Aspen,Dark,Bioserv,20.0,Kaytee,,Han-Ning Lu,12:12:00,Y,Y,Y,22:00,,,Y,Control,False,M,discrimination,DISC,2026-09-13,13:33,15:58,ZT 15:33,ZT 17:58,44,53,DABC,D,Vanilla,NW,A,Anise,False,True,False,D_error,10.0,2,31,"SW,NW","B,D",0,1,0,1,0,0,0,0,,0,43,3.0,False
Example_Animal_09,example_animal_09_four_choice.xlsx,JAX C57,2026-07-10,,Control,WT,unknown,,N/A,JAX,N/A,Y,,Shipped,N/A,N,M,N,"UC Berkeley, Wilbrecht Lab",Aspen,Dark,Bioserv,20.0,Kaytee,,Han-Ning Lu,12:12:00,Y,Y,Y,22:00,,,Y,Control,False,M,discrimination,DISC,2026-09-13,13:33,15:58,ZT 15:33,ZT 17:58,45,54,ABCD,C,Lemon,SW,A,Anise,False,True,False,C_error,7.0,2,43,"SE,SW","D,C",0,0,1,1,0,0,0,0,,0,44,2.0,False
Example_Animal_09,example_animal_09_four_choice.xlsx,JAX C57,2026-07-10,,Control,WT,unknown,,N/A,JAX,N/A,Y,,Shipped,N/A,N,M,N,"UC Berkeley, Wilbrecht Lab",Aspen,Dark,Bioserv,20.0,Kaytee,,Han-Ning Lu,12:12:00,Y,Y,Y,22:00,,,Y,Control,False,M,discrimination,DISC,2026-09-13,13:33,15:58,ZT 15:33,ZT 17:58,46,55,BCDA,A,Anise,SE,A,Anise,True,False,False,,12.0,3,214,"NE,NW,SE","C,B,A",1,1,1,0,0,0,0,0,,1,45,3.0,False
Example_Animal_09,example_animal_09_four_choice.xlsx,JAX C57,2026-07-10,,Control,WT,unknown,,N/A,JAX,N/A,Y,,Shipped,N/A,N,M,N,"UC Berkeley, Wilbrecht Lab",Aspen,Dark,Bioserv,20.0,Kaytee,,Han-Ning Lu,12:12:00,Y,Y,Y,22:00,,,Y,Control,False,M,discrimination,DISC,2026-09-13,13:33,15:58,ZT 15:33,ZT 17:58,47,56,CDAB,A,Anise,SW,A,Anise,True,False,False,,6.0,2,43,"SE,SW","B,A",1,1,0,0,0,0,0,0,,2,46,4.0,False
Example_Animal_09,example_animal_09_four_choice.xlsx,JAX C57,2026-07-10,,Control,WT,unknown,,N/A,JAX,N/A,Y,,Shipped,N/A,N,M,N,"UC Berkeley, Wilbrecht Lab",Aspen,Dark,Bioserv,20.0,Kaytee,,Han-Ning Lu,12:12:00,Y,Y,Y,22:00,,,Y,Control,False,M,discrimination,DISC,2026-09-13,13:33,15:58,ZT 15:33,ZT 17:58,48,57,DABC,A,Anise,NE,A,Anise,True,False,False,,8.0,2,32,"SW,NE","B,A",1,1,0,0,0,0,0,0,,3,47,5.0,False
Example_Animal_09,example_animal_09_four_choice.xlsx,JAX C57,2026-07-10,,Control,WT,unknown,,N/A,JAX,N/A,Y,,Shipped,N/A,N,M,N,"UC Berkeley, Wilbrecht Lab",Aspen,Dark,Bioserv,20.0,Kaytee,,Han-Ning Lu,12:12:00,Y,Y,Y,22:00,,,Y,Control,False,M,discrimination,DISC,2026-09-13,13:33,15:58,ZT 15:33,ZT 17:58,49,58,ABCD,B,Cinnamon,NE,A,Anise,False,True,False,B_error,12.0,3,342,"SW,SE,NE","C,D,B",0,1,1,1,0,0,0,0,,0,48,5.0,False
Example_Animal_09,example_animal_09_four_choice.xlsx,JAX C57,2026-07-10,,Control,WT,unknown,,N/A,JAX,N/A,Y,,Shipped,N/A,N,M,N,"UC Berkeley, Wilbrecht Lab",Aspen,Dark,Bioserv,20.0,Kaytee,,Han-Ning Lu,12:12:00,Y,Y,Y,22:00,,,Y,Control,False,M,discrimination,DISC,2026-09-13,13:33,15:58,ZT 15:33,ZT 17:58,50,59,BCDA,D,Vanilla,SW,A,Anise,False,True,False,D_error,8.0,2,13,"NW,SW","B,D",0,1,0,1,0,0,0,0,,0,49,4.0,False
Example_Animal_09,example_animal_09_four_choice.xlsx,JAX C57,2026-07-10,,Control,WT,unknown,,N/A,JAX,N/A,Y,,Shipped,N/A,N,M,N,"UC Berkeley, Wilbrecht Lab",Aspen,Dark,Bioserv,20.0,Kaytee,,Han-Ning Lu,12:12:00,Y,Y,Y,22:00,,,Y,Control,False,M,discrimination,DISC,2026-09-13,13:33,15:58,ZT 15:33,ZT 17:58,51,60,CDAB,A,Anise,SW,A,Anise,True,False,False,,3.0,1,3,SW,A,1,0,0,0,0,0,0,0,,1,50,5.0,False
Example_Animal_09,example_animal_09_four_choice.xlsx,JAX C57,2026-07-10,,Control,WT,unknown,,N/A,JAX,N/A,Y,,Shipped,N/A,N,M,N,"UC Berkeley, Wilbrecht Lab",Aspen,Dark,Bioserv,20.0,Kaytee,,Han-Ning Lu,12:12:00,Y,Y,Y,22:00,,,Y,Control,False,M,discrimination,DISC,2026-09-13,13:33,15:58,ZT 15:33,ZT 17:58,52,61,DABC,A,Anise,NE,A,Anise,True,False,False,,33.0,6,423132,"SE,NE,SW,NW,SW,NE","C,A,B,D,B,A",2,2,1,1,0,0,0,0,,2,51,6.0,False
Example_Animal_09,example_animal_09_four_choice.xlsx,JAX C57,2026-07-10,,Control,WT,unknown,,N/A,JAX,N/A,Y,,Shipped,N/A,N,M,N,"UC Berkeley, Wilbrecht Lab",Aspen,Dark,Bioserv,20.0,Kaytee,,Han-Ning Lu,12:12:00,Y,Y,Y,22:00,,,Y,Control,False,M,discrimination,DISC,2026-09-13,13:33,15:58,ZT 15:33,ZT 17:58,53,62,ABCD,A,Anise,NW,A,Anise,True,False,False,,16.0,4,2121,"NE,NW,NE,NW","B,A,B,A",2,2,0,0,0,0,0,0,,3,52,6.0,False
Example_Animal_09,example_animal_09_four_choice.xlsx,JAX C57,2026-07-10,,Control,WT,unknown,,N/A,JAX,N/A,Y,,Shipped,N/A,N,M,N,"UC Berkeley, Wilbrecht Lab",Aspen,Dark,Bioserv,20.0,Kaytee,,Han-Ning Lu,12:12:00,Y,Y,Y,22:00,,,Y,Control,False,M,discrimination,DISC,2026-09-13,13:33,15:58,ZT 15:33,ZT 17:58,54,63,BCDA,C,Lemon,NE,A,Anise,False,True,False,C_error,7.0,2,42,"SE,NE","A,C",1,0,1,0,0,0,0,0,,0,53,6.0,False
Example_Animal_09,example_animal_09_four_choice.xlsx,JAX C57,2026-07-10,,Control,WT,unknown,,N/A,JAX,N/A,Y,,Shipped,N/A,N,M,N,"UC Berkeley, Wilbrecht Lab",Aspen,Dark,Bioserv,20.0,Kaytee,,Han-Ning Lu,12:12:00,Y,Y,Y,22:00,,,Y,Control,False,M,discrimination,DISC,2026-09-13,13:33,15:58,ZT 15:33,ZT 17:58,55,64,CDAB,D,Vanilla,NE,A,Anise,False,True,False,D_error,8.0,2,13,"NW,SW","C,A",1,0,1,0,0,0,0,0,,0,54,6.0,False
Example_Animal_09,example_animal_09_four_choice.xlsx,JAX C57,2026-07-10,,Control,WT,unknown,,N/A,JAX,N/A,Y,,Shipped,N/A,N,M,N,"UC Berkeley, Wilbrecht Lab",Aspen,Dark,Bioserv,20.0,Kaytee,,Han-Ning Lu,12:12:00,Y,Y,Y,22:00,,,Y,Control,False,M,discrimination,DISC,2026-09-13,13:33,15:58,ZT 15:33,ZT 17:58,56,65,DABC,D,Vanilla,NW,A,Anise,False,True,False,D_error,6.0,1,1,NW,D,0,0,0,1,0,0,0,0,,0,55,5.0,False
Example_Animal_09,example_animal_09_four_choice.xlsx,JAX C57,2026-07-10,,Control,WT,unknown,,N/A,JAX,N/A,Y,,Shipped,N/A,N,M,N,"UC Berkeley, Wilbrecht Lab",Aspen,Dark,Bioserv,20.0,Kaytee,,Han-Ning Lu,12:12:00,Y,Y,Y,22:00,,,Y,Control,False,M,discrimination,DISC,2026-09-13,13:33,15:58,ZT 15:33,ZT 17:58,57,66,ABCD,A,Anise,NW,A,Anise,True,False,False,,110.0,14,32324213232431,"SW,NE,SW,NE,SE,NE,NW,SW,NE,SW,NE,SE,SW,NW","C,B,C,B,D,B,A,C,B,C,B,D,C,A",2,5,5,2,0,0,0,0,repeat,1,56,5.0,False
Example_Animal_09,example_animal_09_four_choice.xlsx,JAX C57,2026-07-10,,Control,WT,unknown,,N/A,JAX,N/A,Y,,Shipped,N/A,N,M,N,"UC Berkeley, Wilbrecht Lab",Aspen,Dark,Bioserv,20.0,Kaytee,,Han-Ning Lu,12:12:00,Y,Y,Y,22:00,,,Y,Control,False,M,discrimination,DISC,2026-09-13,13:33,15:58,ZT 15:33,ZT 17:58,58,67,BCDA,A,Anise,SE,A,Anise,True,False,False,,61.0,11,32121424234,"SW,NE,NW,NE,NW,SE,NE,SE,NE,SW,SE","D,C,B,C,B,A,C,A,C,D,A",3,2,4,2,0,0,0,0,groom ~60s,2,57,5.0,False
Example_Animal_09,example_animal_09_four_choice.xlsx,JAX C57,2026-07-10,,Control,WT,unknown,,N/A,JAX,N/A,Y,,Shipped,N/A,N,M,N,"UC Berkeley, Wilbrecht Lab",Aspen,Dark,Bioserv,20.0,Kaytee,,Han-Ning Lu,12:12:00,Y,Y,Y,22:00,,,Y,Control,False,M,discrimination,DISC,2026-09-13,13:33,15:58,ZT 15:33,ZT 17:58,59,68,CDAB,A,Anise,SW,A,Anise,True,False,False,,23.0,5,43243,"SE,SW,NE,SE,SW","B,A,D,B,A",2,2,0,1,0,0,0,0,,3,58,6.0,False
Example_Animal_09,example_animal_09_four_choice.xlsx,JAX C57,2026-07-10,,Control,WT,unknown,,N/A,JAX,N/A,Y,,Shipped,N/A,N,M,N,"UC Berkeley, Wilbrecht Lab",Aspen,Dark,Bioserv,20.0,Kaytee,,Han-Ning Lu,12:12:00,Y,Y,Y,22:00,,,Y,Control,False,M,discrimination,DISC,2026-09-13,13:33,15:58,ZT 15:33,ZT 17:58,60,69,DABC,D,Vanilla,NW,A,Anise,False,True,False,D_error,39.0,7,2134131,"NE,NW,SW,SE,NW,SW,NW","A,D,B,C,D,B,D",1,2,1,3,0,0,0,0,,0,59,6.0,False
Example_Animal_09,example_animal_09_four_choice.xlsx,JAX C57,2026-07-10,,Control,WT,unknown,,N/A,JAX,N/A,Y,,Shipped,N/A,N,M,N,"UC Berkeley, Wilbrecht Lab",Aspen,Dark,Bioserv,20.0,Kaytee,,Han-Ning Lu,12:12:00,Y,Y,Y,22:00,,,Y,Control,False,M,discrimination,DISC,2026-09-13,13:33,15:58,ZT 15:33,ZT 17:58,61,70,ABCD,A,Anise,NW,A,Anise,True,False,False,,30.0,6,424341,"SE,NE,SE,SW,SE,NW","D,B,D,C,D,A",1,1,1,3,0,0,0,0,,1,60,6.0,False
Example_Animal_09,example_animal_09_four_choice.xlsx,JAX C57,2026-07-10,,Control,WT,unknown,,N/A,JAX,N/A,Y,,Shipped,N/A,N,M,N,"UC Berkeley, Wilbrecht Lab",Aspen,Dark,Bioserv,20.0,Kaytee,,Han-Ning Lu,12:12:00,Y,Y,Y,22:00,,,Y,Control,False,M,discrimination,DISC,2026-09-13,13:33,15:58,ZT 15:33,ZT 17:58,62,71,BCDA,A,Anise,SE,A,Anise,True,False,False,,38.0,7,3241314,"SW,NE,SE,NW,SW,NW,SE","D,C,A,B,D,B,A",2,2,1,2,0,0,0,0,groom ~120s,2,61,6.0,False
Example_Animal_09,example_animal_09_four_choice.xlsx,JAX C57,2026-07-10,,Control,WT,unknown,,N/A,JAX,N/A,Y,,Shipped,N/A,N,M,N,"UC Berkeley, Wilbrecht Lab",Aspen,Dark,Bioserv,20.0,Kaytee,,Han-Ning Lu,12:12:00,Y,Y,Y,22:00,,,Y,Control,False,M,discrimination,DISC,2026-09-13,13:33,15:58,ZT 15:33,ZT 17:58,63,72,CDAB,D,Vanilla,NE,A,Anise,False,True,False,D_error,25.0,6,243143,"NE,SE,SW,NW,SE,SW","D,B,A,C,B,A",2,2,1,1,0,0,0,0,,0,62,5.0,False
Example_Animal_09,example_animal_09_four_choice.xlsx,JAX C57,2026-07-10,,Control,WT,unknown,,N/A,JAX,N/A,Y,,Shipped,N/A,N,M,N,"UC Berkeley, Wilbrecht Lab",Aspen,Dark,Bioserv,20.0,Kaytee,,Han-Ning Lu,12:12:00,Y,Y,Y,22:00,,,Y,Control,False,M,discrimination,DISC,2026-09-13,13:33,15:58,ZT 15:33,ZT 17:58,64,73,DABC,D,Vanilla,NW,A,Anise,False,True,False,D_error,29.0,4,2431,"NE,SE,SW,NW","A,C,B,D",1,1,1,1,0,0,0,0,,0,63,5.0,False
Example_Animal_09,example_animal_09_four_choice.xlsx,JAX C57,2026-07-10,,Control,WT,unknown,,N/A,JAX,N/A,Y,,Shipped,N/A,N,M,N,"UC Berkeley, Wilbrecht Lab",Aspen,Dark,Bioserv,20.0,Kaytee,,Han-Ning Lu,12:12:00,Y,Y,Y,22:00,,,Y,Control,False,M,discrimination,DISC,2026-09-13,13:33,15:58,ZT 15:33,ZT 17:58,65,74,ABCD,A,Anise,NW,A,Anise,True,False,False,,26.0,6,342321,"SW,SE,NE,SW,NE,NW","C,D,B,C,B,A",1,2,2,1,0,0,0,0,,1,64,6.0,False
Example_Animal_09,example_animal_09_four_choice.xlsx,JAX C57,2026-07-10,,Control,WT,unknown,,N/A,JAX,N/A,Y,,Shipped,N/A,N,M,N,"UC Berkeley, Wilbrecht Lab",Aspen,Dark,Bioserv,20.0,Kaytee,,Han-Ning Lu,12:12:00,Y,Y,Y,22:00,,,Y,Control,False,M,discrimination,DISC,2026-09-13,13:33,15:58,ZT 15:33,ZT 17:58,66,75,BCDA,A,Anise,SE,A,Anise,True,False,False,,5.0,1,4,SE,A,1,0,0,0,0,0,0,0,,2,65,7.0,False
Example_Animal_09,example_animal_09_four_choice.xlsx,JAX C57,2026-07-10,,Control,WT,unknown,,N/A,JAX,N/A,Y,,Shipped,N/A,N,M,N,"UC Berkeley, Wilbrecht Lab",Aspen,Dark,Bioserv,20.0,Kaytee,,Han-Ning Lu,12:12:00,Y,Y,Y,22:00,,,Y,Control,False,M,discrimination,DISC,2026-09-13,13:33,15:58,ZT 15:33,ZT 17:58,67,76,CDAB,A,Anise,SW,A,Anise,True,False,False,,4.0,2,43,"SE,SW","B,A",1,1,0,0,0,0,0,0,,3,66,7.0,False
Example_Animal_09,example_animal_09_four_choice.xlsx,JAX C57,2026-07-10,,Control,WT,unknown,,N/A,JAX,N/A,Y,,Shipped,N/A,N,M,N,"UC Berkeley, Wilbrecht Lab",Aspen,Dark,Bioserv,20.0,Kaytee,,Han-Ning Lu,12:12:00,Y,Y,Y,22:00,,,Y,Control,False,M,discrimination,DISC,2026-09-13,13:33,15:58,ZT 15:33,ZT 17:58,68,77,DABC,D,Vanilla,NW,A,Anise,False,True,False,D_error,12.0,3,131,"NW,SW,NW","D,B,D",0,1,0,2,0,0,0,0,,0,67,6.0,False
Example_Animal_09,example_animal_09_four_choice.xlsx,JAX C57,2026-07-10,,Control,WT,unknown,,N/A,JAX,N/A,Y,,Shipped,N/A,N,M,N,"UC Berkeley, Wilbrecht Lab",Aspen,Dark,Bioserv,20.0,Kaytee,,Han-Ning Lu,12:12:00,Y,Y,Y,22:00,,,Y,Control,False,M,discrimination,DISC,2026-09-13,13:33,15:58,ZT 15:33,ZT 17:58,69,78,ABCD,A,Anise,NW,A,Anise,True,False,False,,41.0,7,1324321,"NW,SW,NE,SE,SW,NE,NW","A,C,B,D,C,B,A",2,2,2,1,0,0,0,0,,1,68,6.0,False
Example_Animal_09,example_animal_09_four_choice.xlsx,JAX C57,2026-07-10,,Control,WT,unknown,,N/A,JAX,N/A,Y,,Shipped,N/A,N,M,N,"UC Berkeley, Wilbrecht Lab",Aspen,Dark,Bioserv,20.0,Kaytee,,Han-Ning Lu,12:12:00,Y,Y,Y,22:00,,,Y,Control,False,M,discrimination,DISC,2026-09-13,13:33,15:58,ZT 15:33,ZT 17:58,70,79,BCDA,D,Vanilla,SW,A,Anise,False,True,False,D_error,15.0,4,2131,"NE,NW,SW,NW","C,B,D,B",0,2,1,1,0,0,0,0,,0,69,6.0,False
Example_Animal_09,example_animal_09_four_choice.xlsx,JAX C57,2026-07-10,,Control,WT,unknown,,N/A,JAX,N/A,Y,,Shipped,N/A,N,M,N,"UC Berkeley, Wilbrecht Lab",Aspen,Dark,Bioserv,20.0,Kaytee,,Han-Ning Lu,12:12:00,Y,Y,Y,22:00,,,Y,Control,False,M,discrimination,DISC,2026-09-13,13:33,15:58,ZT 15:33,ZT 17:58,71,80,CDAB,C,Lemon,NW,A,Anise,False,True,False,C_error,13.0,5,21341.0,"NE,NW,SW,SE,NW","D,C,A,B,C",1,1,2,1,0,0,0,0,,0,70,5.0,False
Example_Animal_09,example_animal_09_four_choice.xlsx,JAX C57,2026-07-10,,Control,WT,unknown,,N/A,JAX,N/A,Y,,Shipped,N/A,N,M,N,"UC Berkeley, Wilbrecht Lab",Aspen,Dark,Bioserv,20.0,Kaytee,,Han-Ning Lu,12:12:00,Y,Y,Y,22:00,,,Y,Control,False,M,discrimination,DISC,2026-09-13,13:33,15:58,ZT 15:33,ZT 17:58,72,81,DABC,D,Vanilla,NW,A,Anise,False,True,False,D_error,3.0,1,1.0,NW,D,0,0,0,1,0,0,0,0,,0,71,4.0,False
Example_Animal_09,example_animal_09_four_choice.xlsx,JAX C57,2026-07-10,,Control,WT,unknown,,N/A,JAX,N/A,Y,,Shipped,N/A,N,M,N,"UC Berkeley, Wilbrecht Lab",Aspen,Dark,Bioserv,20.0,Kaytee,,Han-Ning Lu,12:12:00,Y,Y,Y,22:00,,,Y,Control,False,M,discrimination,DISC,2026-09-13,13:33,15:58,ZT 15:33,ZT 17:58,73,82,ABCD,A,Anise,NW,A,Anise,True,False,False,,112.0,8,43234341.0,"SE,SW,NE,SW,SE,SW,SE,NW","D,C,B,C,D,C,D,A",1,1,3,3,0,0,0,0,groom 30s,1,72,5.0,False
Example_Animal_09,example_animal_09_four_choice.xlsx,JAX C57,2026-07-10,,Control,WT,unknown,,N/A,JAX,N/A,Y,,Shipped,N/A,N,M,N,"UC Berkeley, Wilbrecht Lab",Aspen,Dark,Bioserv,20.0,Kaytee,,Han-Ning Lu,12:12:00,Y,Y,Y,22:00,,,Y,Control,False,M,discrimination,DISC,2026-09-13,13:33,15:58,ZT 15:33,ZT 17:58,74,83,BCDA,A,Anise,SE,A,Anise,True,False,False,,6.0,2,13.0,"NW,SW","B,D",0,1,0,1,0,0,0,0,switched D & A,2,73,6.0,False
Example_Animal_09,example_animal_09_four_choice.xlsx,JAX C57,2026-07-10,,Control,WT,unknown,,N/A,JAX,N/A,Y,,Shipped,N/A,N,M,N,"UC Berkeley, Wilbrecht Lab",Aspen,Dark,Bioserv,20.0,Kaytee,,Han-Ning Lu,12:12:00,Y,Y,Y,22:00,,,Y,Control,False,M,discrimination,DISC,2026-09-13,13:33,15:58,ZT 15:33,ZT 17:58,75,84,CDAB,A,Anise,SW,A,Anise,True,False,False,,4.0,1,3.0,SW,A,1,0,0,0,0,0,0,0,,3,74,6.0,False
Example_Animal_09,example_animal_09_four_choice.xlsx,JAX C57,2026-07-10,,Control,WT,unknown,,N/A,JAX,N/A,Y,,Shipped,N/A,N,M,N,"UC Berkeley, Wilbrecht Lab",Aspen,Dark,Bioserv,20.0,Kaytee,,Han-Ning Lu,12:12:00,Y,Y,Y,22:00,,,Y,Control,False,M,discrimination,DISC,2026-09-13,13:33,15:58,ZT 15:33,ZT 17:58,76,85,DABC,A,Anise,NE,A,Anise,True,False,False,,9.0,3,432.0,"SE,SW,NE","C,B,A",1,1,1,0,0,0,0,0,,4,75,6.0,False
Example_Animal_09,example_animal_09_four_choice.xlsx,JAX C57,2026-07-10,,Control,WT,unknown,,N/A,JAX,N/A,Y,,Shipped,N/A,N,M,N,"UC Berkeley, Wilbrecht Lab",Aspen,Dark,Bioserv,20.0,Kaytee,,Han-Ning Lu,12:12:00,Y,Y,Y,22:00,,,Y,Control,False,M,discrimination,DISC,2026-09-13,13:33,15:58,ZT 15:33,ZT 17:58,77,86,ABCD,D,Vanilla,SE,A,Anise,False,True,False,D_error,12.0,3,314.0,"SW,NW,SE","C,A,D",1,0,1,1,0,0,0,0,chewing shavings ~60s,0,76,5.0,False
Example_Animal_09,example_animal_09_four_choice.xlsx,JAX C57,2026-07-10,,Control,WT,unknown,,N/A,JAX,N/A,Y,,Shipped,N/A,N,M,N,"UC Berkeley, Wilbrecht Lab",Aspen,Dark,Bioserv,20.0,Kaytee,,Han-Ning Lu,12:12:00,Y,Y,Y,22:00,,,Y,Control,False,M,discrimination,DISC,2026-09-13,13:33,15:58,ZT 15:33,ZT 17:58,78,87,BCDA,A,Anise,SE,A,Anise,True,False,False,,16.0,2,34.0,"SW,SE","D,A",1,0,0,1,0,0,0,0,,1,77,6.0,False
Example_Animal_09,example_animal_09_four_choice.xlsx,JAX C57,2026-07-10,,Control,WT,unknown,,N/A,JAX,N/A,Y,,Shipped,N/A,N,M,N,"UC Berkeley, Wilbrecht Lab",Aspen,Dark,Bioserv,20.0,Kaytee,,Han-Ning Lu,12:12:00,Y,Y,Y,22:00,,,Y,Control,False,M,discrimination,DISC,2026-09-13,13:33,15:58,ZT 15:33,ZT 17:58,79,88,CDAB,A,Anise,SW,A,Anise,True,False,False,,44.0,2,23.0,"NE,SW","D,A",1,0,0,1,0,0,0,0,,2,78,6.0,False
Example_Animal_09,example_animal_09_four_choice.xlsx,JAX C57,2026-07-10,,Control,WT,unknown,,N/A,JAX,N/A,Y,,Shipped,N/A,N,M,N,"UC Berkeley, Wilbrecht Lab",Aspen,Dark,Bioserv,20.0,Kaytee,,Han-Ning Lu,12:12:00,Y,Y,Y,22:00,,,Y,Control,False,M,discrimination,DISC,2026-09-13,13:33,15:58,ZT 15:33,ZT 17:58,80,89,DABC,A,Anise,NE,A,Anise,True,False,False,,2.0,1,2.0,NE,A,1,0,0,0,0,0,0,0,,3,79,7.0,False
Example_Animal_09,example_animal_09_four_choice.xlsx,JAX C57,2026-07-10,,Control,WT,unknown,,N/A,JAX,N/A,Y,,Shipped,N/A,N,M,N,"UC Berkeley, Wilbrecht Lab",Aspen,Dark,Bioserv,20.0,Kaytee,,Han-Ning Lu,12:12:00,Y,Y,Y,22:00,,,Y,Control,False,M,discrimination,DISC,2026-09-13,13:33,15:58,ZT 15:33,ZT 17:58,81,90,ABCD,A,Anise,NW,A,Anise,True,False,False,,9.0,3,431.0,"SE,SW,NW","D,C,A",1,0,1,1,0,0,0,0,,4,80,8.0,False
Example_Animal_09,example_animal_09_four_choice.xlsx,JAX C57,2026-07-10,,Control,WT,unknown,,N/A,JAX,N/A,Y,,Shipped,N/A,N,M,N,"UC Berkeley, Wilbrecht Lab",Aspen,Dark,Bioserv,20.0,Kaytee,,Han-Ning Lu,12:12:00,Y,Y,Y,22:00,,,Y,Control,False,M,discrimination,DISC,2026-09-13,13:33,15:58,ZT 15:33,ZT 17:58,82,91,BCDA,A,Anise,SE,A,Anise,True,False,False,,37.0,6,434234.0,"SE,SW,SE,NE,SW,SE","A,D,A,C,D,A",3,0,1,2,0,0,0,0,,5,81,9.0,False
Example_Animal_09,example_animal_09_four_choice.xlsx,JAX C57,2026-07-10,,Control,WT,unknown,,N/A,JAX,N/A,Y,,Shipped,N/A,N,M,N,"UC Berkeley, Wilbrecht Lab",Aspen,Dark,Bioserv,20.0,Kaytee,,Han-Ning Lu,12:12:00,Y,Y,Y,22:00,,,Y,Control,False,M,recall,RECALL,2026-09-13,14:51,15:16,ZT 16:51,ZT 17:16,1,10,ABCD,D,Vanilla,SE,A,Anise,False,True,False,D_error,91.0,24,213421343124343132314314,"NE,NW,SW,SE,NE,NW,SW,SE,SW,NW,NE,SE,SW,SE,SW,NW,SW,NE,SW,NW,SE,SW,NW,SE","B,A,C,D,B,A,C,D,C,A,B,D,C,D,C,A,C,B,C,A,D,C,A,D",6,4,8,6,0,0,0,0,,0,1,,False
Example_Animal_09,example_animal_09_four_choice.xlsx,JAX C57,2026-07-10,,Control,WT,unknown,,N/A,JAX,N/A,Y,,Shipped,N/A,N,M,N,"UC Berkeley, Wilbrecht Lab",Aspen,Dark,Bioserv,20.0,Kaytee,,Han-Ning Lu,12:12:00,Y,Y,Y,22:00,,,Y,Control,False,M,recall,RECALL,2026-09-13,14:51,15:16,ZT 16:51,ZT 17:16,2,11,BCDA,B,Cinnamon,NW,A,Anise,False,True,False,B_error,58.0,12,421213142341,"SE,NE,NW,NE,NW,SW,NW,SE,NE,SW,SE,NW","A,C,B,C,B,D,B,A,C,D,A,B",3,4,3,2,0,0,0,0,,0,2,,False
Example_Animal_09,example_animal_09_four_choice.xlsx,JAX C57,2026-07-10,,Control,WT,unknown,,N/A,JAX,N/A,Y,,Shipped,N/A,N,M,N,"UC Berkeley, Wilbrecht Lab",Aspen,Dark,Bioserv,20.0,Kaytee,,Han-Ning Lu,12:12:00,Y,Y,Y,22:00,,,Y,Control,False,M,recall,RECALL,2026-09-13,14:51,15:16,ZT 16:51,ZT 17:16,3,12,CDAB,A,Anise,SW,A,Anise,True,False,False,,32.0,6,424313,"SE,NE,SE,SW,NW,SW","B,D,B,A,C,A",2,2,1,1,0,0,0,0,,1,3,,False
Example_Animal_09,example_animal_09_four_choice.xlsx,JAX C57,2026-07-10,,Control,WT,unknown,,N/A,JAX,N/A,Y,,Shipped,N/A,N,M,N,"UC Berkeley, Wilbrecht Lab",Aspen,Dark,Bioserv,20.0,Kaytee,,Han-Ning Lu,12:12:00,Y,Y,Y,22:00,,,Y,Control,False,M,recall,RECALL,2026-09-13,14:51,15:16,ZT 16:51,ZT 17:16,4,13,DABC,D,Vanilla,NW,A,Anise,False,True,False,D_error,58.0,7,3241341,"SW,NE,SE,NW,SW,SE,NW","B,A,C,D,B,C,D",1,2,2,2,0,0,0,0,,0,4,,False
Example_Animal_09,example_animal_09_four_choice.xlsx,JAX C57,2026-07-10,,Control,WT,unknown,,N/A,JAX,N/A,Y,,Shipped,N/A,N,M,N,"UC Berkeley, Wilbrecht Lab",Aspen,Dark,Bioserv,20.0,Kaytee,,Han-Ning Lu,12:12:00,Y,Y,Y,22:00,,,Y,Control,False,M,recall,RECALL,2026-09-13,14:51,15:16,ZT 16:51,ZT 17:16,5,14,ABCD,D,Vanilla,SE,A,Anise,False,True,False,D_error,9.0,1,4,SE,D,0,0,0,1,0,0,0,0,,0,5,,False
Example_Animal_09,example_animal_09_four_choice.xlsx,JAX C57,2026-07-10,,Control,WT,unknown,,N/A,JAX,N/A,Y,,Shipped,N/A,N,M,N,"UC Berkeley, Wilbrecht Lab",Aspen,Dark,Bioserv,20.0,Kaytee,,Han-Ning Lu,12:12:00,Y,Y,Y,22:00,,,Y,Control,False,M,recall,RECALL,2026-09-13,14:51,15:16,ZT 16:51,ZT 17:16,6,15,BCDA,B,Cinnamon,NW,A,Anise,False,True,False,B_error,9.0,2,21,"NE,NW","C,B",0,1,1,0,0,0,0,0,,0,6,,False
Example_Animal_09,example_animal_09_four_choice.xlsx,JAX C57,2026-07-10,,Control,WT,unknown,,N/A,JAX,N/A,Y,,Shipped,N/A,N,M,N,"UC Berkeley, Wilbrecht Lab",Aspen,Dark,Bioserv,20.0,Kaytee,,Han-Ning Lu,12:12:00,Y,Y,Y,22:00,,,Y,Control,False,M,recall,RECALL,2026-09-13,14:51,15:16,ZT 16:51,ZT 17:16,7,16,CDAB,A,Anise,SW,A,Anise,True,False,False,,25.0,3,213,"NE,NW,SW","D,C,A",1,0,1,1,0,0,0,0,,1,7,,False
Example_Animal_09,example_animal_09_four_choice.xlsx,JAX C57,2026-07-10,,Control,WT,unknown,,N/A,JAX,N/A,Y,,Shipped,N/A,N,M,N,"UC Berkeley, Wilbrecht Lab",Aspen,Dark,Bioserv,20.0,Kaytee,,Han-Ning Lu,12:12:00,Y,Y,Y,22:00,,,Y,Control,False,M,recall,RECALL,2026-09-13,14:51,15:16,ZT 16:51,ZT 17:16,8,17,DABC,A,Anise,NE,A,Anise,True,False,False,,4.0,2,42,"SE,NE","C,A",1,0,1,0,0,0,0,0,,2,8,,False
Example_Animal_09,example_animal_09_four_choice.xlsx,JAX C57,2026-07-10,,Control,WT,unknown,,N/A,JAX,N/A,Y,,Shipped,N/A,N,M,N,"UC Berkeley, Wilbrecht Lab",Aspen,Dark,Bioserv,20.0,Kaytee,,Han-Ning Lu,12:12:00,Y,Y,Y,22:00,,,Y,Control,False,M,recall,RECALL,2026-09-13,14:51,15:16,ZT 16:51,ZT 17:16,9,18,ABCD,A,Anise,NW,A,Anise,True,False,False,,24.0,7,2132131,"NE,NW,SW,NE,NW,SW,NW","B,A,C,B,A,C,A",3,2,2,0,0,0,0,0,,3,9,,False
Example_Animal_09,example_animal_09_four_choice.xlsx,JAX C57,2026-07-10,,Control,WT,unknown,,N/A,JAX,N/A,Y,,Shipped,N/A,N,M,N,"UC Berkeley, Wilbrecht Lab",Aspen,Dark,Bioserv,20.0,Kaytee,,Han-Ning Lu,12:12:00,Y,Y,Y,22:00,,,Y,Control,False,M,recall,RECALL,2026-09-13,14:51,15:16,ZT 16:51,ZT 17:16,10,19,BCDA,C,Lemon,NE,A,Anise,False,True,False,C_error,5.0,2,42,"SE,NE","A,C",1,0,1,0,0,0,0,0,,0,10,4.0,False
Example_Animal_09,example_animal_09_four_choice.xlsx,JAX C57,2026-07-10,,Control,WT,unknown,,N/A,JAX,N/A,Y,,Shipped,N/A,N,M,N,"UC Berkeley, Wilbrecht Lab",Aspen,Dark,Bioserv,20.0,Kaytee,,Han-Ning Lu,12:12:00,Y,Y,Y,22:00,,,Y,Control,False,M,recall,RECALL,2026-09-13,14:51,15:16,ZT 16:51,ZT 17:16,11,20,CDAB,A,Anise,SW,A,Anise,True,False,False,,2.0,1,3,SW,A,1,0,0,0,0,0,0,0,,1,11,5.0,False
Example_Animal_09,example_animal_09_four_choice.xlsx,JAX C57,2026-07-10,,Control,WT,unknown,,N/A,JAX,N/A,Y,,Shipped,N/A,N,M,N,"UC Berkeley, Wilbrecht Lab",Aspen,Dark,Bioserv,20.0,Kaytee,,Han-Ning Lu,12:12:00,Y,Y,Y,22:00,,,Y,Control,False,M,recall,RECALL,2026-09-13,14:51,15:16,ZT 16:51,ZT 17:16,12,21,DABC,A,Anise,NE,A,Anise,True,False,False,,14.0,5,13412,"NW,SW,SE,NW,NE","D,B,C,D,A",1,1,1,2,0,0,0,0,,2,12,6.0,False
Example_Animal_09,example_animal_09_four_choice.xlsx,JAX C57,2026-07-10,,Control,WT,unknown,,N/A,JAX,N/A,Y,,Shipped,N/A,N,M,N,"UC Berkeley, Wilbrecht Lab",Aspen,Dark,Bioserv,20.0,Kaytee,,Han-Ning Lu,12:12:00,Y,Y,Y,22:00,,,Y,Control,False,M,recall,RECALL,2026-09-13,14:51,15:16,ZT 16:51,ZT 17:16,13,22,ABCD,A,Anise,NW,A,Anise,True,False,False,,9.0,2,21,"NE,NW","B,A",1,1,0,0,0,0,0,0,,3,13,6.0,False
Example_Animal_09,example_animal_09_four_choice.xlsx,JAX C57,2026-07-10,,Control,WT,unknown,,N/A,JAX,N/A,Y,,Shipped,N/A,N,M,N,"UC Berkeley, Wilbrecht Lab",Aspen,Dark,Bioserv,20.0,Kaytee,,Han-Ning Lu,12:12:00,Y,Y,Y,22:00,,,Y,Control,False,M,recall,RECALL,2026-09-13,14:51,15:16,ZT 16:51,ZT 17:16,14,23,BCDA,B,Cinnamon,NW,A,Anise,False,True,False,B_error,13.0,3,141,"NW,SE,NW","B,A,B",1,2,0,0,0,0,0,0,,0,14,6.0,False
Example_Animal_09,example_animal_09_four_choice.xlsx,JAX C57,2026-07-10,,Control,WT,unknown,,N/A,JAX,N/A,Y,,Shipped,N/A,N,M,N,"UC Berkeley, Wilbrecht Lab",Aspen,Dark,Bioserv,20.0,Kaytee,,Han-Ning Lu,12:12:00,Y,Y,Y,22:00,,,Y,Control,False,M,recall,RECALL,2026-09-13,14:51,15:16,ZT 16:51,ZT 17:16,15,24,CDAB,A,Anise,SW,A,Anise,True,False,False,,32.0,7,3421213,"SW,SE,NE,NW,NE,NW,SW","A,B,D,C,D,C,A",2,1,2,2,0,0,0,0,,1,15,7.0,False
Example_Animal_09,example_animal_09_four_choice.xlsx,JAX C57,2026-07-10,,Control,WT,unknown,,N/A,JAX,N/A,Y,,Shipped,N/A,N,M,N,"UC Berkeley, Wilbrecht Lab",Aspen,Dark,Bioserv,20.0,Kaytee,,Han-Ning Lu,12:12:00,Y,Y,Y,22:00,,,Y,Control,False,M,recall,RECALL,2026-09-13,14:51,15:16,ZT 16:51,ZT 17:16,16,25,DABC,A,Anise,NE,A,Anise,True,False,False,,4.0,1,2,NE,A,1,0,0,0,0,0,0,0,,2,16,8.0,False
Example_Animal_09,example_animal_09_four_choice.xlsx,JAX C57,2026-07-10,,Control,WT,unknown,,N/A,JAX,N/A,Y,,Shipped,N/A,N,M,N,"UC Berkeley, Wilbrecht Lab",Aspen,Dark,Bioserv,20.0,Kaytee,,Han-Ning Lu,12:12:00,Y,Y,Y,22:00,,,Y,Control,False,M,reversal,REV,2026-09-13,15:22,15:58,ZT 17:22,ZT 17:58,1,10,ABCD,D,Mint,SE,B,Cinnamon,False,True,False,Novel,50.0,11,42121314124,"SE,NE,NW,NE,NW,SW,NW,SE,NW,NE,SE","D,B,A,B,A,C,A,D,A,B,D",4,3,1,3,0,0,0,0,,0,1,,False
Example_Animal_09,example_animal_09_four_choice.xlsx,JAX C57,2026-07-10,,Control,WT,unknown,,N/A,JAX,N/A,Y,,Shipped,N/A,N,M,N,"UC Berkeley, Wilbrecht Lab",Aspen,Dark,Bioserv,20.0,Kaytee,,Han-Ning Lu,12:12:00,Y,Y,Y,22:00,,,Y,Control,False,M,reversal,REV,2026-09-13,15:22,15:58,ZT 17:22,ZT 17:58,2,11,BCDA,B,Cinnamon,NW,B,Cinnamon,True,False,False,,16.0,4,4321,"SE,SW,NE,NW","A,D,C,B",1,1,1,1,0,0,0,0,,1,2,,True
Example_Animal_09,example_animal_09_four_choice.xlsx,JAX C57,2026-07-10,,Control,WT,unknown,,N/A,JAX,N/A,Y,,Shipped,N/A,N,M,N,"UC Berkeley, Wilbrecht Lab",Aspen,Dark,Bioserv,20.0,Kaytee,,Han-Ning Lu,12:12:00,Y,Y,Y,22:00,,,Y,Control,False,M,reversal,REV,2026-09-13,15:22,15:58,ZT 17:22,ZT 17:58,3,12,CDAB,C,Lemon,NW,B,Cinnamon,False,True,False,Irrelevant,6.0,3,421,"SE,NE,NW","B,D,C",0,1,1,1,0,0,0,0,,0,3,,True
Example_Animal_09,example_animal_09_four_choice.xlsx,JAX C57,2026-07-10,,Control,WT,unknown,,N/A,JAX,N/A,Y,,Shipped,N/A,N,M,N,"UC Berkeley, Wilbrecht Lab",Aspen,Dark,Bioserv,20.0,Kaytee,,Han-Ning Lu,12:12:00,Y,Y,Y,22:00,,,Y,Control,False,M,reversal,REV,2026-09-13,15:22,15:58,ZT 17:22,ZT 17:58,4,13,DABC,A,Anise,NE,B,Cinnamon,False,True,False,Regressive,21.0,3,312,"SW,NW,NE","B,D,A",1,1,0,1,0,0,0,0,,0,4,,True
Example_Animal_09,example_animal_09_four_choice.xlsx,JAX C57,2026-07-10,,Control,WT,unknown,,N/A,JAX,N/A,Y,,Shipped,N/A,N,M,N,"UC Berkeley, Wilbrecht Lab",Aspen,Dark,Bioserv,20.0,Kaytee,,Han-Ning Lu,12:12:00,Y,Y,Y,22:00,,,Y,Control,False,M,reversal,REV,2026-09-13,15:22,15:58,ZT 17:22,ZT 17:58,5,14,ABCD,A,Anise,NW,B,Cinnamon,False,True,False,Regressive,14.0,2,31,"SW,NW","C,A",1,0,1,0,0,0,0,0,,0,5,,True
Example_Animal_09,example_animal_09_four_choice.xlsx,JAX C57,2026-07-10,,Control,WT,unknown,,N/A,JAX,N/A,Y,,Shipped,N/A,N,M,N,"UC Berkeley, Wilbrecht Lab",Aspen,Dark,Bioserv,20.0,Kaytee,,Han-Ning Lu,12:12:00,Y,Y,Y,22:00,,,Y,Control,False,M,reversal,REV,2026-09-13,15:22,15:58,ZT 17:22,ZT 17:58,6,15,BCDA,B,Cinnamon,NW,B,Cinnamon,True,False,False,,9.0,3,321,"SW,NE,NW","D,C,B",0,1,1,1,0,0,0,0,,1,6,,True
Example_Animal_09,example_animal_09_four_choice.xlsx,JAX C57,2026-07-10,,Control,WT,unknown,,N/A,JAX,N/A,Y,,Shipped,N/A,N,M,N,"UC Berkeley, Wilbrecht Lab",Aspen,Dark,Bioserv,20.0,Kaytee,,Han-Ning Lu,12:12:00,Y,Y,Y,22:00,,,Y,Control,False,M,reversal,REV,2026-09-13,15:22,15:58,ZT 17:22,ZT 17:58,7,16,CDAB,A,Anise,SW,B,Cinnamon,False,True,False,Regressive,11.0,3,413,"SE,NW,SW","B,C,A",1,1,1,0,0,0,0,0,jumpy before start,0,7,,True
Example_Animal_09,example_animal_09_four_choice.xlsx,JAX C57,2026-07-10,,Control,WT,unknown,,N/A,JAX,N/A,Y,,Shipped,N/A,N,M,N,"UC Berkeley, Wilbrecht Lab",Aspen,Dark,Bioserv,20.0,Kaytee,,Han-Ning Lu,12:12:00,Y,Y,Y,22:00,,,Y,Control,False,M,reversal,REV,2026-09-13,15:22,15:58,ZT 17:22,ZT 17:58,8,17,DABC,A,Anise,NE,B,Cinnamon,False,True,False,Regressive,2.0,1,2,NE,A,1,0,0,0,0,0,0,0,,0,8,,True
Example_Animal_09,example_animal_09_four_choice.xlsx,JAX C57,2026-07-10,,Control,WT,unknown,,N/A,JAX,N/A,Y,,Shipped,N/A,N,M,N,"UC Berkeley, Wilbrecht Lab",Aspen,Dark,Bioserv,20.0,Kaytee,,Han-Ning Lu,12:12:00,Y,Y,Y,22:00,,,Y,Control,False,M,reversal,REV,2026-09-13,15:22,15:58,ZT 17:22,ZT 17:58,9,18,ABCD,A,Anise,NW,B,Cinnamon,False,True,False,Regressive,15.0,4,2431,"NE,SE,SW,NW","B,D,C,A",1,1,1,1,0,0,0,0,,0,9,,True
Example_Animal_09,example_animal_09_four_choice.xlsx,JAX C57,2026-07-10,,Control,WT,unknown,,N/A,JAX,N/A,Y,,Shipped,N/A,N,M,N,"UC Berkeley, Wilbrecht Lab",Aspen,Dark,Bioserv,20.0,Kaytee,,Han-Ning Lu,12:12:00,Y,Y,Y,22:00,,,Y,Control,False,M,reversal,REV,2026-09-13,15:22,15:58,ZT 17:22,ZT 17:58,10,19,BCDA,B,Cinnamon,NW,B,Cinnamon,True,False,False,,4.0,2,21,"NE,NW","C,B",0,1,1,0,0,0,0,0,jumpy before start,1,10,3.0,True
Example_Animal_09,example_animal_09_four_choice.xlsx,JAX C57,2026-07-10,,Control,WT,unknown,,N/A,JAX,N/A,Y,,Shipped,N/A,N,M,N,"UC Berkeley, Wilbrecht Lab",Aspen,Dark,Bioserv,20.0,Kaytee,,Han-Ning Lu,12:12:00,Y,Y,Y,22:00,,,Y,Control,False,M,reversal,REV,2026-09-13,15:22,15:58,ZT 17:22,ZT 17:58,11,20,CDAB,A,Anise,SW,B,Cinnamon,False,True,False,Regressive,2.0,1,3,SW,A,1,0,0,0,0,0,0,0,,0,11,3.0,True
Example_Animal_09,example_animal_09_four_choice.xlsx,JAX C57,2026-07-10,,Control,WT,unknown,,N/A,JAX,N/A,Y,,Shipped,N/A,N,M,N,"UC Berkeley, Wilbrecht Lab",Aspen,Dark,Bioserv,20.0,Kaytee,,Han-Ning Lu,12:12:00,Y,Y,Y,22:00,,,Y,Control,False,M,reversal,REV,2026-09-13,15:22,15:58,ZT 17:22,ZT 17:58,12,21,DABC,A,Anise,NE,B,Cinnamon,False,True,False,Regressive,3.0,1,2,NE,A,1,0,0,0,0,0,0,0,,0,12,2.0,True
Example_Animal_09,example_animal_09_four_choice.xlsx,JAX C57,2026-07-10,,Control,WT,unknown,,N/A,JAX,N/A,Y,,Shipped,N/A,N,M,N,"UC Berkeley, Wilbrecht Lab",Aspen,Dark,Bioserv,20.0,Kaytee,,Han-Ning Lu,12:12:00,Y,Y,Y,22:00,,,Y,Control,False,M,reversal,REV,2026-09-13,15:22,15:58,ZT 17:22,ZT 17:58,13,22,ABCD,A,Anise,NW,B,Cinnamon,False,True,False,Regressive,17.0,3,131,"NW,SW,NW","A,C,A",2,0,1,0,0,0,0,0,,0,13,2.0,True
Example_Animal_09,example_animal_09_four_choice.xlsx,JAX C57,2026-07-10,,Control,WT,unknown,,N/A,JAX,N/A,Y,,Shipped,N/A,N,M,N,"UC Berkeley, Wilbrecht Lab",Aspen,Dark,Bioserv,20.0,Kaytee,,Han-Ning Lu,12:12:00,Y,Y,Y,22:00,,,Y,Control,False,M,reversal,REV,2026-09-13,15:22,15:58,ZT 17:22,ZT 17:58,14,23,BCDA,B,Cinnamon,NW,B,Cinnamon,True,False,False,,8.0,3,431,"SE,SW,NW","A,D,B",1,1,0,1,0,0,0,0,,1,14,3.0,True
Example_Animal_09,example_animal_09_four_choice.xlsx,JAX C57,2026-07-10,,Control,WT,unknown,,N/A,JAX,N/A,Y,,Shipped,N/A,N,M,N,"UC Berkeley, Wilbrecht Lab",Aspen,Dark,Bioserv,20.0,Kaytee,,Han-Ning Lu,12:12:00,Y,Y,Y,22:00,,,Y,Control,False,M,reversal,REV,2026-09-13,15:22,15:58,ZT 17:22,ZT 17:58,15,24,CDAB,C,Lemon,NW,B,Cinnamon,False,True,False,Irrelevant,4.0,1,1,NW,C,0,0,1,0,0,0,0,0,,0,15,3.0,True
Example_Animal_09,example_animal_09_four_choice.xlsx,JAX C57,2026-07-10,,Control,WT,unknown,,N/A,JAX,N/A,Y,,Shipped,N/A,N,M,N,"UC Berkeley, Wilbrecht Lab",Aspen,Dark,Bioserv,20.0,Kaytee,,Han-Ning Lu,12:12:00,Y,Y,Y,22:00,,,Y,Control,False,M,reversal,REV,2026-09-13,15:22,15:58,ZT 17:22,ZT 17:58,16,25,DABC,B,Cinnamon,SW,B,Cinnamon,True,False,False,,2.0,1,3,SW,B,0,1,0,0,0,0,0,0,,1,16,3.0,True
Example_Animal_09,example_animal_09_four_choice.xlsx,JAX C57,2026-07-10,,Control,WT,unknown,,N/A,JAX,N/A,Y,,Shipped,N/A,N,M,N,"UC Berkeley, Wilbrecht Lab",Aspen,Dark,Bioserv,20.0,Kaytee,,Han-Ning Lu,12:12:00,Y,Y,Y,22:00,,,Y,Control,False,M,reversal,REV,2026-09-13,15:22,15:58,ZT 17:22,ZT 17:58,17,26,ABCD,B,Cinnamon,NE,B,Cinnamon,True,False,False,,3.0,1,2,NE,B,0,1,0,0,0,0,0,0,,2,17,4.0,True
Example_Animal_09,example_animal_09_four_choice.xlsx,JAX C57,2026-07-10,,Control,WT,unknown,,N/A,JAX,N/A,Y,,Shipped,N/A,N,M,N,"UC Berkeley, Wilbrecht Lab",Aspen,Dark,Bioserv,20.0,Kaytee,,Han-Ning Lu,12:12:00,Y,Y,Y,22:00,,,Y,Control,False,M,reversal,REV,2026-09-13,15:22,15:58,ZT 17:22,ZT 17:58,18,27,BCDA,B,Cinnamon,NW,B,Cinnamon,True,False,False,,7.0,4,3421,"SW,SE,NE,NW","D,A,C,B",1,1,1,1,0,0,0,0,,3,18,5.0,True
Example_Animal_09,example_animal_09_four_choice.xlsx,JAX C57,2026-07-10,,Control,WT,unknown,,N/A,JAX,N/A,Y,,Shipped,N/A,N,M,N,"UC Berkeley, Wilbrecht Lab",Aspen,Dark,Bioserv,20.0,Kaytee,,Han-Ning Lu,12:12:00,Y,Y,Y,22:00,,,Y,Control,False,M,reversal,REV,2026-09-13,15:22,15:58,ZT 17:22,ZT 17:58,19,28,CDAB,A,Anise,SW,B,Cinnamon,False,True,False,Regressive,2.0,1,3,SW,A,1,0,0,0,0,0,0,0,,0,19,5.0,True
Example_Animal_09,example_animal_09_four_choice.xlsx,JAX C57,2026-07-10,,Control,WT,unknown,,N/A,JAX,N/A,Y,,Shipped,N/A,N,M,N,"UC Berkeley, Wilbrecht Lab",Aspen,Dark,Bioserv,20.0,Kaytee,,Han-Ning Lu,12:12:00,Y,Y,Y,22:00,,,Y,Control,False,M,reversal,REV,2026-09-13,15:22,15:58,ZT 17:22,ZT 17:58,20,29,DABC,B,Cinnamon,SW,B,Cinnamon,True,False,False,,2.0,1,3,SW,B,0,1,0,0,0,0,0,0,,1,20,5.0,True
Example_Animal_09,example_animal_09_four_choice.xlsx,JAX C57,2026-07-10,,Control,WT,unknown,,N/A,JAX,N/A,Y,,Shipped,N/A,N,M,N,"UC Berkeley, Wilbrecht Lab",Aspen,Dark,Bioserv,20.0,Kaytee,,Han-Ning Lu,12:12:00,Y,Y,Y,22:00,,,Y,Control,False,M,reversal,REV,2026-09-13,15:22,15:58,ZT 17:22,ZT 17:58,21,30,ABCD,A,Anise,NW,B,Cinnamon,False,True,False,Regressive,3.0,1,1,NW,A,1,0,0,0,0,0,0,0,,0,21,5.0,True
Example_Animal_09,example_animal_09_four_choice.xlsx,JAX C57,2026-07-10,,Control,WT,unknown,,N/A,JAX,N/A,Y,,Shipped,N/A,N,M,N,"UC Berkeley, Wilbrecht Lab",Aspen,Dark,Bioserv,20.0,Kaytee,,Han-Ning Lu,12:12:00,Y,Y,Y,22:00,,,Y,Control,False,M,reversal,REV,2026-09-13,15:22,15:58,ZT 17:22,ZT 17:58,22,31,BCDA,C,Lemon,NE,B,Cinnamon,False,True,False,Irrelevant,6.0,2,32,"SW,NE","D,C",0,0,1,1,0,0,0,0,,0,22,5.0,True
Example_Animal_09,example_animal_09_four_choice.xlsx,JAX C57,2026-07-10,,Control,WT,unknown,,N/A,JAX,N/A,Y,,Shipped,N/A,N,M,N,"UC Berkeley, Wilbrecht Lab",Aspen,Dark,Bioserv,20.0,Kaytee,,Han-Ning Lu,12:12:00,Y,Y,Y,22:00,,,Y,Control,False,M,reversal,REV,2026-09-13,15:22,15:58,ZT 17:22,ZT 17:58,23,32,CDAB,C,Lemon,NW,B,Cinnamon,False,True,False,Irrelevant,7.0,2,21,"NE,NW","D,C",0,0,1,1,0,0,0,0,,0,23,5.0,True
Example_Animal_09,example_animal_09_four_choice.xlsx,JAX C57,2026-07-10,,Control,WT,unknown,,N/A,JAX,N/A,Y,,Shipped,N/A,N,M,N,"UC Berkeley, Wilbrecht Lab",Aspen,Dark,Bioserv,20.0,Kaytee,,Han-Ning Lu,12:12:00,Y,Y,Y,22:00,,,Y,Control,False,M,reversal,REV,2026-09-13,15:22,15:58,ZT 17:22,ZT 17:58,24,33,DABC,A,Anise,NE,B,Cinnamon,False,True,False,Regressive,3.0,1,2,NE,A,1,0,0,0,0,0,0,0,,0,24,4.0,True
Example_Animal_09,example_animal_09_four_choice.xlsx,JAX C57,2026-07-10,,Control,WT,unknown,,N/A,JAX,N/A,Y,,Shipped,N/A,N,M,N,"UC Berkeley, Wilbrecht Lab",Aspen,Dark,Bioserv,20.0,Kaytee,,Han-Ning Lu,12:12:00,Y,Y,Y,22:00,,,Y,Control,False,M,reversal,REV,2026-09-13,15:22,15:58,ZT 17:22,ZT 17:58,25,34,ABCD,B,Cinnamon,NE,B,Cinnamon,True,False,False,,1.0,1,2,NE,B,0,1,0,0,0,0,0,0,jumpy,1,25,5.0,True
Example_Animal_09,example_animal_09_four_choice.xlsx,JAX C57,2026-07-10,,Control,WT,unknown,,N/A,JAX,N/A,Y,,Shipped,N/A,N,M,N,"UC Berkeley, Wilbrecht Lab",Aspen,Dark,Bioserv,20.0,Kaytee,,Han-Ning Lu,12:12:00,Y,Y,Y,22:00,,,Y,Control,False,M,reversal,REV,2026-09-13,15:22,15:58,ZT 17:22,ZT 17:58,26,35,BCDA,B,Cinnamon,NW,B,Cinnamon,True,False,False,,13.0,4,2131,"NE,NW,SW,NW","C,B,D,B",0,2,1,1,0,0,0,0,are under shavings,2,26,5.0,True
Example_Animal_09,example_animal_09_four_choice.xlsx,JAX C57,2026-07-10,,Control,WT,unknown,,N/A,JAX,N/A,Y,,Shipped,N/A,N,M,N,"UC Berkeley, Wilbrecht Lab",Aspen,Dark,Bioserv,20.0,Kaytee,,Han-Ning Lu,12:12:00,Y,Y,Y,22:00,,,Y,Control,False,M,reversal,REV,2026-09-13,15:22,15:58,ZT 17:22,ZT 17:58,27,36,CDAB,C,Lemon,NW,B,Cinnamon,False,True,False,Irrelevant,3.0,1,1,NW,C,0,0,1,0,0,0,0,0,,0,27,4.0,True
Example_Animal_09,example_animal_09_four_choice.xlsx,JAX C57,2026-07-10,,Control,WT,unknown,,N/A,JAX,N/A,Y,,Shipped,N/A,N,M,N,"UC Berkeley, Wilbrecht Lab",Aspen,Dark,Bioserv,20.0,Kaytee,,Han-Ning Lu,12:12:00,Y,Y,Y,22:00,,,Y,Control,False,M,reversal,REV,2026-09-13,15:22,15:58,ZT 17:22,ZT 17:58,28,37,DABC,A,Anise,NE,B,Cinnamon,False,True,False,Regressive,3.0,1,2,NE,A,1,0,0,0,0,0,0,0,,0,28,3.0,True
Example_Animal_09,example_animal_09_four_choice.xlsx,JAX C57,2026-07-10,,Control,WT,unknown,,N/A,JAX,N/A,Y,,Shipped,N/A,N,M,N,"UC Berkeley, Wilbrecht Lab",Aspen,Dark,Bioserv,20.0,Kaytee,,Han-Ning Lu,12:12:00,Y,Y,Y,22:00,,,Y,Control,False,M,reversal,REV,2026-09-13,15:22,15:58,ZT 17:22,ZT 17:58,29,38,ABCD,B,Cinnamon,NE,B,Cinnamon,True,False,False,,10.0,4,1342,"NW,SW,SE,NE","A,C,D,B",1,1,1,1,0,0,0,0,,1,29,4.0,True
Example_Animal_09,example_animal_09_four_choice.xlsx,JAX C57,2026-07-10,,Control,WT,unknown,,N/A,JAX,N/A,Y,,Shipped,N/A,N,M,N,"UC Berkeley, Wilbrecht Lab",Aspen,Dark,Bioserv,20.0,Kaytee,,Han-Ning Lu,12:12:00,Y,Y,Y,22:00,,,Y,Control,False,M,reversal,REV,2026-09-13,15:22,15:58,ZT 17:22,ZT 17:58,30,39,BCDA,B,Cinnamon,NW,B,Cinnamon,True,False,False,,35.0,7,4313121,"SE,SW,NW,SW,NW,NE,NW","A,D,B,D,B,C,B",1,3,1,2,0,0,0,0,jumpy,2,30,4.0,True
Example_Animal_09,example_animal_09_four_choice.xlsx,JAX C57,2026-07-10,,Control,WT,unknown,,N/A,JAX,N/A,Y,,Shipped,N/A,N,M,N,"UC Berkeley, Wilbrecht Lab",Aspen,Dark,Bioserv,20.0,Kaytee,,Han-Ning Lu,12:12:00,Y,Y,Y,22:00,,,Y,Control,False,M,reversal,REV,2026-09-13,15:22,15:58,ZT 17:22,ZT 17:58,31,40,CDAB,B,Cinnamon,SE,B,Cinnamon,True,False,False,,9.0,4,3124,"SW,NW,NE,SE","A,C,D,B",1,1,1,1,0,0,0,0,,3,31,5.0,True
Example_Animal_09,example_animal_09_four_choice.xlsx,JAX C57,2026-07-10,,Control,WT,unknown,,N/A,JAX,N/A,Y,,Shipped,N/A,N,M,N,"UC Berkeley, Wilbrecht Lab",Aspen,Dark,Bioserv,20.0,Kaytee,,Han-Ning Lu,12:12:00,Y,Y,Y,22:00,,,Y,Control,False,M,reversal,REV,2026-09-13,15:22,15:58,ZT 17:22,ZT 17:58,32,41,DABC,B,Cinnamon,SW,B,Cinnamon,True,False,False,,5.0,2,43,"SE,SW","C,B",0,1,1,0,0,0,0,0,,4,32,6.0,True
Example_Animal_09,example_animal_09_four_choice.xlsx,JAX C57,2026-07-10,,Control,WT,unknown,,N/A,JAX,N/A,Y,,Shipped,N/A,N,M,N,"UC Berkeley, Wilbrecht Lab",Aspen,Dark,Bioserv,20.0,Kaytee,,Han-Ning Lu,12:12:00,Y,Y,Y,22:00,,,Y,Control,False,M,reversal,REV,2026-09-13,15:22,15:58,ZT 17:22,ZT 17:58,33,42,ABCD,B,Cinnamon,NE,B,Cinnamon,True,False,False,,3.0,1,2,NE,B,0,1,0,0,0,0,0,0,,5,33,7.0,True
Example_Animal_09,example_animal_09_four_choice.xlsx,JAX C57,2026-07-10,,Control,WT,unknown,,N/A,JAX,N/A,Y,,Shipped,N/A,N,M,N,"UC Berkeley, Wilbrecht Lab",Aspen,Dark,Bioserv,20.0,Kaytee,,Han-Ning Lu,12:12:00,Y,Y,Y,22:00,,,Y,Control,False,M,reversal,REV,2026-09-13,15:22,15:58,ZT 17:22,ZT 17:58,34,43,BCDA,B,Cinnamon,NW,B,Cinnamon,True,False,False,,34.0,6,213431,"NE,NW,SW,SE,SW,NW","C,B,D,A,D,B",1,2,1,2,0,0,0,0,,6,34,8.0,True
Example_Animal_10,example_animal_10_four_choice.xlsx,JAX C57,,,Control,WT,unknown,,N/A,JAX,N/A,Y,,Shipped,N/A,N,M,N,"UC Berkeley, Wilbrecht Lab",Aspen,Dark,Bioserv,20.0,Kaytee,,Albert Ader,12:12:00,Y,Y,Y,22:00,,,Y,Control,False,M,discrimination,DISC,2026-09-14,19:59,20:35,ZT 21:59,ZT 22:35,1,10,ABCD,A,Anise,NW,A,Anise,True,False,False,,145.0,22,3421243421213434243121,"SW,SE,NE,NW,NE,SE,SW,SE,NE,NW,NE,NW,SW,SE,SW,SE,NE,SE,SW,NW,NE,NW","C,D,B,A,B,D,C,D,B,A,B,A,C,D,C,D,B,D,C,A,B,A",5,6,5,6,0,0,0,0,small dig. 4:19 eat,1,1,,False
Example_Animal_10,example_animal_10_four_choice.xlsx,JAX C57,,,Control,WT,unknown,,N/A,JAX,N/A,Y,,Shipped,N/A,N,M,N,"UC Berkeley, Wilbrecht Lab",Aspen,Dark,Bioserv,20.0,Kaytee,,Albert Ader,12:12:00,Y,Y,Y,22:00,,,Y,Control,False,M,discrimination,DISC,2026-09-14,19:59,20:35,ZT 21:59,ZT 22:35,2,11,BCDA,B,Cinnamon,NW,A,Anise,False,True,False,B_error,18.0,3,431,"SE,SW,NW","A,D,B",1,1,0,1,0,0,0,0,,0,2,,False
Example_Animal_10,example_animal_10_four_choice.xlsx,JAX C57,,,Control,WT,unknown,,N/A,JAX,N/A,Y,,Shipped,N/A,N,M,N,"UC Berkeley, Wilbrecht Lab",Aspen,Dark,Bioserv,20.0,Kaytee,,Albert Ader,12:12:00,Y,Y,Y,22:00,,,Y,Control,False,M,discrimination,DISC,2026-09-14,19:59,20:35,ZT 21:59,ZT 22:35,3,12,CDAB,D,Vanilla,NE,A,Anise,False,True,False,D_error,40.0,7,3421242,"SW,SE,NE,NW,NE,SE,NE","A,B,D,C,D,B,D",1,2,1,3,0,0,0,0,,0,3,,False
Example_Animal_10,example_animal_10_four_choice.xlsx,JAX C57,,,Control,WT,unknown,,N/A,JAX,N/A,Y,,Shipped,N/A,N,M,N,"UC Berkeley, Wilbrecht Lab",Aspen,Dark,Bioserv,20.0,Kaytee,,Albert Ader,12:12:00,Y,Y,Y,22:00,,,Y,Control,False,M,discrimination,DISC,2026-09-14,19:59,20:35,ZT 21:59,ZT 22:35,4,13,DABC,A,Anise,NE,A,Anise,True,False,False,,11.0,2,42,"SE,NE","C,A",1,0,1,0,0,0,0,0,0:44 eat,1,4,,False
Example_Animal_10,example_animal_10_four_choice.xlsx,JAX C57,,,Control,WT,unknown,,N/A,JAX,N/A,Y,,Shipped,N/A,N,M,N,"UC Berkeley, Wilbrecht Lab",Aspen,Dark,Bioserv,20.0,Kaytee,,Albert Ader,12:12:00,Y,Y,Y,22:00,,,Y,Control,False,M,discrimination,DISC,2026-09-14,19:59,20:35,ZT 21:59,ZT 22:35,5,14,ABCD,B,Cinnamon,NE,A,Anise,False,True,False,B_error,18.0,6,134342,"NW,SW,SE,SW,SE,NE","A,C,D,C,D,B",1,1,2,2,0,0,0,0,,0,5,,False
Example_Animal_10,example_animal_10_four_choice.xlsx,JAX C57,,,Control,WT,unknown,,N/A,JAX,N/A,Y,,Shipped,N/A,N,M,N,"UC Berkeley, Wilbrecht Lab",Aspen,Dark,Bioserv,20.0,Kaytee,,Albert Ader,12:12:00,Y,Y,Y,22:00,,,Y,Control,False,M,discrimination,DISC,2026-09-14,19:59,20:35,ZT 21:59,ZT 22:35,6,15,BCDA,D,Vanilla,SW,A,Anise,False,True,False,D_error,24.0,5,34213,"SW,SE,NE,NW,SW","D,A,C,B,D",1,1,1,2,0,0,0,0,,0,6,,False
Example_Animal_10,example_animal_10_four_choice.xlsx,JAX C57,,,Control,WT,unknown,,N/A,JAX,N/A,Y,,Shipped,N/A,N,M,N,"UC Berkeley, Wilbrecht Lab",Aspen,Dark,Bioserv,20.0,Kaytee,,Albert Ader,12:12:00,Y,Y,Y,22:00,,,Y,Control,False,M,discrimination,DISC,2026-09-14,19:59,20:35,ZT 21:59,ZT 22:35,7,16,CDAB,D,Vanilla,NE,A,Anise,False,True,False,D_error,22.0,5,21242,"NE,NW,NE,SE,NE","D,C,D,B,D",0,1,1,3,0,0,0,0,escaped to c,0,7,,False
Example_Animal_10,example_animal_10_four_choice.xlsx,JAX C57,,,Control,WT,unknown,,N/A,JAX,N/A,Y,,Shipped,N/A,N,M,N,"UC Berkeley, Wilbrecht Lab",Aspen,Dark,Bioserv,20.0,Kaytee,,Albert Ader,12:12:00,Y,Y,Y,22:00,,,Y,Control,False,M,discrimination,DISC,2026-09-14,19:59,20:35,ZT 21:59,ZT 22:35,8,17,DABC,A,Anise,NE,A,Anise,True,False,False,,94.0,11,13442421312,"NW,SW,SE,SE,NE,SE,NE,NW,SW,NW,NE","D,B,C,C,A,C,A,D,B,D,A",3,2,3,3,0,0,0,0,,1,8,,False
Example_Animal_10,example_animal_10_four_choice.xlsx,JAX C57,,,Control,WT,unknown,,N/A,JAX,N/A,Y,,Shipped,N/A,N,M,N,"UC Berkeley, Wilbrecht Lab",Aspen,Dark,Bioserv,20.0,Kaytee,,Albert Ader,12:12:00,Y,Y,Y,22:00,,,Y,Control,False,M,discrimination,DISC,2026-09-14,19:59,20:35,ZT 21:59,ZT 22:35,9,18,ABCD,D,Vanilla,SE,A,Anise,False,True,False,D_error,11.0,3,342,"SW,SE,NE","C,D,B",0,1,1,1,0,0,0,0,escaped to d,0,9,,False
Example_Animal_10,example_animal_10_four_choice.xlsx,JAX C57,,,Control,WT,unknown,,N/A,JAX,N/A,Y,,Shipped,N/A,N,M,N,"UC Berkeley, Wilbrecht Lab",Aspen,Dark,Bioserv,20.0,Kaytee,,Albert Ader,12:12:00,Y,Y,Y,22:00,,,Y,Control,False,M,discrimination,DISC,2026-09-14,19:59,20:35,ZT 21:59,ZT 22:35,10,19,BCDA,C,Lemon,NE,A,Anise,False,True,False,C_error,13.0,2,12,"NW,NE","B,C",0,1,1,0,0,0,0,0,,0,10,3.0,False
Example_Animal_10,example_animal_10_four_choice.xlsx,JAX C57,,,Control,WT,unknown,,N/A,JAX,N/A,Y,,Shipped,N/A,N,M,N,"UC Berkeley, Wilbrecht Lab",Aspen,Dark,Bioserv,20.0,Kaytee,,Albert Ader,12:12:00,Y,Y,Y,22:00,,,Y,Control,False,M,discrimination,DISC,2026-09-14,19:59,20:35,ZT 21:59,ZT 22:35,11,20,CDAB,D,Vanilla,NE,A,Anise,False,True,False,D_error,18.0,4,4312,"SE,SW,NW,NE","B,A,C,D",1,1,1,1,0,0,0,0,prolonged location strategy?,0,11,2.0,False
Example_Animal_10,example_animal_10_four_choice.xlsx,JAX C57,,,Control,WT,unknown,,N/A,JAX,N/A,Y,,Shipped,N/A,N,M,N,"UC Berkeley, Wilbrecht Lab",Aspen,Dark,Bioserv,20.0,Kaytee,,Albert Ader,12:12:00,Y,Y,Y,22:00,,,Y,Control,False,M,discrimination,DISC,2026-09-14,19:59,20:35,ZT 21:59,ZT 22:35,12,21,DABC,A,Anise,NE,A,Anise,True,False,False,,13.0,3,142,"NW,SE,NE","D,C,A",1,0,1,1,0,0,0,0,0:55 eat,1,12,3.0,False
Example_Animal_10,example_animal_10_four_choice.xlsx,JAX C57,,,Control,WT,unknown,,N/A,JAX,N/A,Y,,Shipped,N/A,N,M,N,"UC Berkeley, Wilbrecht Lab",Aspen,Dark,Bioserv,20.0,Kaytee,,Albert Ader,12:12:00,Y,Y,Y,22:00,,,Y,Control,False,M,discrimination,DISC,2026-09-14,19:59,20:35,ZT 21:59,ZT 22:35,13,22,ABCD,A,Anise,NW,A,Anise,True,False,False,,24.0,5,43121,"SE,SW,NW,NE,NW","D,C,A,B,A",2,1,1,1,0,0,0,0,,2,13,4.0,False
Example_Animal_10,example_animal_10_four_choice.xlsx,JAX C57,,,Control,WT,unknown,,N/A,JAX,N/A,Y,,Shipped,N/A,N,M,N,"UC Berkeley, Wilbrecht Lab",Aspen,Dark,Bioserv,20.0,Kaytee,,Albert Ader,12:12:00,Y,Y,Y,22:00,,,Y,Control,False,M,discrimination,DISC,2026-09-14,19:59,20:35,ZT 21:59,ZT 22:35,14,23,BCDA,B,Cinnamon,NW,A,Anise,False,True,False,B_error,25.0,4,3421,"SW,SE,NE,NW","D,A,C,B",1,1,1,1,0,0,0,0,escaped to c,0,14,3.0,False
Example_Animal_10,example_animal_10_four_choice.xlsx,JAX C57,,,Control,WT,unknown,,N/A,JAX,N/A,Y,,Shipped,N/A,N,M,N,"UC Berkeley, Wilbrecht Lab",Aspen,Dark,Bioserv,20.0,Kaytee,,Albert Ader,12:12:00,Y,Y,Y,22:00,,,Y,Control,False,M,discrimination,DISC,2026-09-14,19:59,20:35,ZT 21:59,ZT 22:35,15,24,CDAB,A,Anise,SW,A,Anise,True,False,False,,20.0,4,4213,"SE,NE,NW,SW","B,D,C,A",1,1,1,1,0,0,0,0,,1,15,4.0,False
Example_Animal_10,example_animal_10_four_choice.xlsx,JAX C57,,,Control,WT,unknown,,N/A,JAX,N/A,Y,,Shipped,N/A,N,M,N,"UC Berkeley, Wilbrecht Lab",Aspen,Dark,Bioserv,20.0,Kaytee,,Albert Ader,12:12:00,Y,Y,Y,22:00,,,Y,Control,False,M,discrimination,DISC,2026-09-14,19:59,20:35,ZT 21:59,ZT 22:35,16,25,DABC,A,Anise,NE,A,Anise,True,False,False,,10.0,2,12,"NW,NE","D,A",1,0,0,1,0,0,0,0,escaped to C,2,16,5.0,False
Example_Animal_10,example_animal_10_four_choice.xlsx,JAX C57,,,Control,WT,unknown,,N/A,JAX,N/A,Y,,Shipped,N/A,N,M,N,"UC Berkeley, Wilbrecht Lab",Aspen,Dark,Bioserv,20.0,Kaytee,,Albert Ader,12:12:00,Y,Y,Y,22:00,,,Y,Control,False,M,discrimination,DISC,2026-09-14,19:59,20:35,ZT 21:59,ZT 22:35,17,26,ABCD,A,Anise,NW,A,Anise,True,False,False,,12.0,3,421,"SE,NE,NW","D,B,A",1,1,0,1,0,0,0,0,,3,17,6.0,False
Example_Animal_10,example_animal_10_four_choice.xlsx,JAX C57,,,Control,WT,unknown,,N/A,JAX,N/A,Y,,Shipped,N/A,N,M,N,"UC Berkeley, Wilbrecht Lab",Aspen,Dark,Bioserv,20.0,Kaytee,,Albert Ader,12:12:00,Y,Y,Y,22:00,,,Y,Control,False,M,discrimination,DISC,2026-09-14,19:59,20:35,ZT 21:59,ZT 22:35,18,27,BCDA,A,Anise,SE,A,Anise,True,False,False,,34.0,4,2124,"NE,NW,NE,SE","C,B,C,A",1,1,2,0,0,0,0,0,"groom, 1:22 eat",4,18,6.0,False
Example_Animal_10,example_animal_10_four_choice.xlsx,JAX C57,,,Control,WT,unknown,,N/A,JAX,N/A,Y,,Shipped,N/A,N,M,N,"UC Berkeley, Wilbrecht Lab",Aspen,Dark,Bioserv,20.0,Kaytee,,Albert Ader,12:12:00,Y,Y,Y,22:00,,,Y,Control,False,M,discrimination,DISC,2026-09-14,19:59,20:35,ZT 21:59,ZT 22:35,19,28,CDAB,A,Anise,SW,A,Anise,True,False,False,,31.0,6,421243,"SE,NE,NW,NE,SE,SW","B,D,C,D,B,A",1,2,1,2,0,0,0,0,,5,19,7.0,False
Example_Animal_10,example_animal_10_four_choice.xlsx,JAX C57,,,Control,WT,unknown,,N/A,JAX,N/A,Y,,Shipped,N/A,N,M,N,"UC Berkeley, Wilbrecht Lab",Aspen,Dark,Bioserv,20.0,Kaytee,,Albert Ader,12:12:00,Y,Y,Y,22:00,,,Y,Control,False,M,discrimination,DISC,2026-09-14,19:59,20:35,ZT 21:59,ZT 22:35,20,29,DABC,A,Anise,NE,A,Anise,True,False,False,,20.0,4,1342,"NW,SW,SE,NE","D,B,C,A",1,1,1,1,0,0,0,0,,6,20,8.0,False
Example_Animal_10,example_animal_10_four_choice.xlsx,JAX C57,,,Control,WT,unknown,,N/A,JAX,N/A,Y,,Shipped,N/A,N,M,N,"UC Berkeley, Wilbrecht Lab",Aspen,Dark,Bioserv,20.0,Kaytee,,Albert Ader,12:12:00,Y,Y,Y,22:00,,,Y,Control,False,M,recall,RECALL,2026-09-15,21:12,21:35,ZT 23:12,ZT 23:35,1,10,ABCD,D,Vanilla,SE,A,Anise,False,True,False,D_error,63.0,15,342124312424324.0,"SW,SE,NE,NW,NE,SE,SW,NW,NE,SE,NE,SE,SW,NE,SE","C,D,B,A,B,D,C,A,B,D,B,D,C,B,D",2,5,3,5,0,0,0,0,,0,1,,False
Example_Animal_10,example_animal_10_four_choice.xlsx,JAX C57,,,Control,WT,unknown,,N/A,JAX,N/A,Y,,Shipped,N/A,N,M,N,"UC Berkeley, Wilbrecht Lab",Aspen,Dark,Bioserv,20.0,Kaytee,,Albert Ader,12:12:00,Y,Y,Y,22:00,,,Y,Control,False,M,recall,RECALL,2026-09-15,21:12,21:35,ZT 23:12,ZT 23:35,2,11,BCDA,A,Anise,SE,A,Anise,True,False,False,,15.0,3,134,"NW,SW,SE","B,D,A",1,1,0,1,0,0,0,0,,1,2,,False
Example_Animal_10,example_animal_10_four_choice.xlsx,JAX C57,,,Control,WT,unknown,,N/A,JAX,N/A,Y,,Shipped,N/A,N,M,N,"UC Berkeley, Wilbrecht Lab",Aspen,Dark,Bioserv,20.0,Kaytee,,Albert Ader,12:12:00,Y,Y,Y,22:00,,,Y,Control,False,M,recall,RECALL,2026-09-15,21:12,21:35,ZT 23:12,ZT 23:35,3,12,CDAB,A,Anise,SW,A,Anise,True,False,False,,15.0,3,213,"NE,NW,SW","D,C,A",1,0,1,1,0,0,0,0,,2,3,,False
Example_Animal_10,example_animal_10_four_choice.xlsx,JAX C57,,,Control,WT,unknown,,N/A,JAX,N/A,Y,,Shipped,N/A,N,M,N,"UC Berkeley, Wilbrecht Lab",Aspen,Dark,Bioserv,20.0,Kaytee,,Albert Ader,12:12:00,Y,Y,Y,22:00,,,Y,Control,False,M,recall,RECALL,2026-09-15,21:12,21:35,ZT 23:12,ZT 23:35,4,13,DABC,B,Cinnamon,SW,A,Anise,False,True,False,B_error,10.0,2,13,"NW,SW","D,B",0,1,0,1,0,0,0,0,,0,4,,False
Example_Animal_10,example_animal_10_four_choice.xlsx,JAX C57,,,Control,WT,unknown,,N/A,JAX,N/A,Y,,Shipped,N/A,N,M,N,"UC Berkeley, Wilbrecht Lab",Aspen,Dark,Bioserv,20.0,Kaytee,,Albert Ader,12:12:00,Y,Y,Y,22:00,,,Y,Control,False,M,recall,RECALL,2026-09-15,21:12,21:35,ZT 23:12,ZT 23:35,5,14,ABCD,B,Cinnamon,NE,A,Anise,False,True,False,B_error,11.0,2,34,"SW,SE","C,D",0,0,1,1,0,0,0,0,,0,5,,False
Example_Animal_10,example_animal_10_four_choice.xlsx,JAX C57,,,Control,WT,unknown,,N/A,JAX,N/A,Y,,Shipped,N/A,N,M,N,"UC Berkeley, Wilbrecht Lab",Aspen,Dark,Bioserv,20.0,Kaytee,,Albert Ader,12:12:00,Y,Y,Y,22:00,,,Y,Control,False,M,recall,RECALL,2026-09-15,21:12,21:35,ZT 23:12,ZT 23:35,6,15,BCDA,A,Anise,SE,A,Anise,True,False,False,,9.0,2,34,"SW,SE","D,A",1,0,0,1,0,0,0,0,,1,6,,False
Example_Animal_10,example_animal_10_four_choice.xlsx,JAX C57,,,Control,WT,unknown,,N/A,JAX,N/A,Y,,Shipped,N/A,N,M,N,"UC Berkeley, Wilbrecht Lab",Aspen,Dark,Bioserv,20.0,Kaytee,,Albert Ader,12:12:00,Y,Y,Y,22:00,,,Y,Control,False,M,recall,RECALL,2026-09-15,21:12,21:35,ZT 23:12,ZT 23:35,7,16,CDAB,A,Anise,SW,A,Anise,True,False,False,,4.0,1,3,SW,A,1,0,0,0,0,0,0,0,,2,7,,False
Example_Animal_10,example_animal_10_four_choice.xlsx,JAX C57,,,Control,WT,unknown,,N/A,JAX,N/A,Y,,Shipped,N/A,N,M,N,"UC Berkeley, Wilbrecht Lab",Aspen,Dark,Bioserv,20.0,Kaytee,,Albert Ader,12:12:00,Y,Y,Y,22:00,,,Y,Control,False,M,recall,RECALL,2026-09-15,21:12,21:35,ZT 23:12,ZT 23:35,8,17,DABC,D,Vanilla,NW,A,Anise,False,True,False,D_error,8.0,3,421,"SE,NE,NW","C,A,D",1,0,1,1,0,0,0,0,,0,8,,False
Example_Animal_10,example_animal_10_four_choice.xlsx,JAX C57,,,Control,WT,unknown,,N/A,JAX,N/A,Y,,Shipped,N/A,N,M,N,"UC Berkeley, Wilbrecht Lab",Aspen,Dark,Bioserv,20.0,Kaytee,,Albert Ader,12:12:00,Y,Y,Y,22:00,,,Y,Control,False,M,recall,RECALL,2026-09-15,21:12,21:35,ZT 23:12,ZT 23:35,9,18,ABCD,D,Vanilla,SE,A,Anise,False,True,False,D_error,10.0,3,124,"NW,NE,SE","A,B,D",1,1,0,1,0,0,0,0,,0,9,,False
Example_Animal_10,example_animal_10_four_choice.xlsx,JAX C57,,,Control,WT,unknown,,N/A,JAX,N/A,Y,,Shipped,N/A,N,M,N,"UC Berkeley, Wilbrecht Lab",Aspen,Dark,Bioserv,20.0,Kaytee,,Albert Ader,12:12:00,Y,Y,Y,22:00,,,Y,Control,False,M,recall,RECALL,2026-09-15,21:12,21:35,ZT 23:12,ZT 23:35,10,19,BCDA,A,Anise,SE,A,Anise,True,False,False,,19.0,4,3124,"SW,NW,NE,SE","D,B,C,A",1,1,1,1,0,0,0,0,,1,10,5.0,False
Example_Animal_10,example_animal_10_four_choice.xlsx,JAX C57,,,Control,WT,unknown,,N/A,JAX,N/A,Y,,Shipped,N/A,N,M,N,"UC Berkeley, Wilbrecht Lab",Aspen,Dark,Bioserv,20.0,Kaytee,,Albert Ader,12:12:00,Y,Y,Y,22:00,,,Y,Control,False,M,recall,RECALL,2026-09-15,21:12,21:35,ZT 23:12,ZT 23:35,11,20,CDAB,A,Anise,SW,A,Anise,True,False,False,,4.0,1,3,SW,A,1,0,0,0,0,0,0,0,,2,11,6.0,False
Example_Animal_10,example_animal_10_four_choice.xlsx,JAX C57,,,Control,WT,unknown,,N/A,JAX,N/A,Y,,Shipped,N/A,N,M,N,"UC Berkeley, Wilbrecht Lab",Aspen,Dark,Bioserv,20.0,Kaytee,,Albert Ader,12:12:00,Y,Y,Y,22:00,,,Y,Control,False,M,recall,RECALL,2026-09-15,21:12,21:35,ZT 23:12,ZT 23:35,12,21,DABC,D,Vanilla,NW,A,Anise,False,True,False,D_error,3.0,1,1,NW,D,0,0,0,1,0,0,0,0,,0,12,5.0,False
Example_Animal_10,example_animal_10_four_choice.xlsx,JAX C57,,,Control,WT,unknown,,N/A,JAX,N/A,Y,,Shipped,N/A,N,M,N,"UC Berkeley, Wilbrecht Lab",Aspen,Dark,Bioserv,20.0,Kaytee,,Albert Ader,12:12:00,Y,Y,Y,22:00,,,Y,Control,False,M,recall,RECALL,2026-09-15,21:12,21:35,ZT 23:12,ZT 23:35,13,22,ABCD,A,Anise,NW,A,Anise,True,False,False,,10.0,2,21,"NE,NW","B,A",1,1,0,0,0,0,0,0,,1,13,5.0,False
Example_Animal_10,example_animal_10_four_choice.xlsx,JAX C57,,,Control,WT,unknown,,N/A,JAX,N/A,Y,,Shipped,N/A,N,M,N,"UC Berkeley, Wilbrecht Lab",Aspen,Dark,Bioserv,20.0,Kaytee,,Albert Ader,12:12:00,Y,Y,Y,22:00,,,Y,Control,False,M,recall,RECALL,2026-09-15,21:12,21:35,ZT 23:12,ZT 23:35,14,23,BCDA,A,Anise,SE,A,Anise,True,False,False,,18.0,4,3124,"SW,NW,NE,SE","D,B,C,A",1,1,1,1,0,0,0,0,,2,14,6.0,False
Example_Animal_10,example_animal_10_four_choice.xlsx,JAX C57,,,Control,WT,unknown,,N/A,JAX,N/A,Y,,Shipped,N/A,N,M,N,"UC Berkeley, Wilbrecht Lab",Aspen,Dark,Bioserv,20.0,Kaytee,,Albert Ader,12:12:00,Y,Y,Y,22:00,,,Y,Control,False,M,recall,RECALL,2026-09-15,21:12,21:35,ZT 23:12,ZT 23:35,15,24,CDAB,A,Anise,SW,A,Anise,True,False,False,,11.0,3,213,"NE,NW,SW","D,C,A",1,0,1,1,0,0,0,0,,3,15,7.0,False
Example_Animal_10,example_animal_10_four_choice.xlsx,JAX C57,,,Control,WT,unknown,,N/A,JAX,N/A,Y,,Shipped,N/A,N,M,N,"UC Berkeley, Wilbrecht Lab",Aspen,Dark,Bioserv,20.0,Kaytee,,Albert Ader,12:12:00,Y,Y,Y,22:00,,,Y,Control,False,M,recall,RECALL,2026-09-15,21:12,21:35,ZT 23:12,ZT 23:35,16,25,DABC,A,Anise,NE,A,Anise,True,False,False,,4.0,1,2,NE,A,1,0,0,0,0,0,0,0,,4,16,7.0,False
Example_Animal_10,example_animal_10_four_choice.xlsx,JAX C57,,,Control,WT,unknown,,N/A,JAX,N/A,Y,,Shipped,N/A,N,M,N,"UC Berkeley, Wilbrecht Lab",Aspen,Dark,Bioserv,20.0,Kaytee,,Albert Ader,12:12:00,Y,Y,Y,22:00,,,Y,Control,False,M,recall,RECALL,2026-09-15,21:12,21:35,ZT 23:12,ZT 23:35,17,26,ABCD,A,Anise,NW,A,Anise,True,False,False,,4.0,1,1,NW,A,1,0,0,0,0,0,0,0,,5,17,7.0,False
Example_Animal_10,example_animal_10_four_choice.xlsx,JAX C57,,,Control,WT,unknown,,N/A,JAX,N/A,Y,,Shipped,N/A,N,M,N,"UC Berkeley, Wilbrecht Lab",Aspen,Dark,Bioserv,20.0,Kaytee,,Albert Ader,12:12:00,Y,Y,Y,22:00,,,Y,Control,False,M,recall,RECALL,2026-09-15,21:12,21:35,ZT 23:12,ZT 23:35,18,27,BCDA,A,Anise,SE,A,Anise,True,False,False,,5.0,2,24,"NE,SE","C,A",1,0,1,0,0,0,0,0,,6,18,8.0,False
Example_Animal_10,example_animal_10_four_choice.xlsx,JAX C57,,,Control,WT,unknown,,N/A,JAX,N/A,Y,,Shipped,N/A,N,M,N,"UC Berkeley, Wilbrecht Lab",Aspen,Dark,Bioserv,20.0,Kaytee,,Albert Ader,12:12:00,Y,Y,Y,22:00,,,Y,Control,False,M,reversal,REV,2026-09-15,21:47,23:06,ZT 23:47,ZT 01:06,1,10,ABCD,A,Anise,NW,B,Cinnamon,False,True,False,Perseverative,,1,1,NW,A,1,0,0,0,0,0,0,0,,0,1,,False
Example_Animal_10,example_animal_10_four_choice.xlsx,JAX C57,,,Control,WT,unknown,,N/A,JAX,N/A,Y,,Shipped,N/A,N,M,N,"UC Berkeley, Wilbrecht Lab",Aspen,Dark,Bioserv,20.0,Kaytee,,Albert Ader,12:12:00,Y,Y,Y,22:00,,,Y,Control,False,M,reversal,REV,2026-09-15,21:47,23:06,ZT 23:47,ZT 01:06,2,11,BCDA,A,Anise,SE,B,Cinnamon,False,True,False,Perseverative,17.0,4,3124,"SW,NW,NE,SE","D,B,C,A",1,1,1,1,0,0,0,0,,0,2,,False
Example_Animal_10,example_animal_10_four_choice.xlsx,JAX C57,,,Control,WT,unknown,,N/A,JAX,N/A,Y,,Shipped,N/A,N,M,N,"UC Berkeley, Wilbrecht Lab",Aspen,Dark,Bioserv,20.0,Kaytee,,Albert Ader,12:12:00,Y,Y,Y,22:00,,,Y,Control,False,M,reversal,REV,2026-09-15,21:47,23:06,ZT 23:47,ZT 01:06,3,12,CDAB,A,Anise,SW,B,Cinnamon,False,True,False,Perseverative,49.0,8,13421343,"NW,SW,SE,NE,NW,SW,SE,SW","C,A,B,D,C,A,B,A",3,2,2,1,0,0,0,0,,0,3,,False
Example_Animal_10,example_animal_10_four_choice.xlsx,JAX C57,,,Control,WT,unknown,,N/A,JAX,N/A,Y,,Shipped,N/A,N,M,N,"UC Berkeley, Wilbrecht Lab",Aspen,Dark,Bioserv,20.0,Kaytee,,Albert Ader,12:12:00,Y,Y,Y,22:00,,,Y,Control,False,M,reversal,REV,2026-09-15,21:47,23:06,ZT 23:47,ZT 01:06,4,13,DABC,A,Anise,NE,B,Cinnamon,False,True,False,Perseverative,25.0,7,2134342,"NE,NW,SW,SE,SW,SE,NE","A,D,B,C,B,C,A",2,2,2,1,0,0,0,0,,0,4,,False
Example_Animal_10,example_animal_10_four_choice.xlsx,JAX C57,,,Control,WT,unknown,,N/A,JAX,N/A,Y,,Shipped,N/A,N,M,N,"UC Berkeley, Wilbrecht Lab",Aspen,Dark,Bioserv,20.0,Kaytee,,Albert Ader,12:12:00,Y,Y,Y,22:00,,,Y,Control,False,M,reversal,REV,2026-09-15,21:47,23:06,ZT 23:47,ZT 01:06,5,14,DABC,A,Anise,NE,B,Cinnamon,False,True,False,Perseverative,,6,134312,"NW,SW,SE,SW,NW,NE","D,B,C,B,D,A",1,2,1,2,0,0,0,0,ramekins incorrect order,0,5,,False
Example_Animal_10,example_animal_10_four_choice.xlsx,JAX C57,,,Control,WT,unknown,,N/A,JAX,N/A,Y,,Shipped,N/A,N,M,N,"UC Berkeley, Wilbrecht Lab",Aspen,Dark,Bioserv,20.0,Kaytee,,Albert Ader,12:12:00,Y,Y,Y,22:00,,,Y,Control,False,M,reversal,REV,2026-09-15,21:47,23:06,ZT 23:47,ZT 01:06,6,15,BCDA,A,Anise,SE,B,Cinnamon,False,True,False,Perseverative,23.0,5,42124,"SE,NE,NW,NE,SE","A,C,B,C,A",2,1,2,0,0,0,0,0,,0,6,,False
Example_Animal_10,example_animal_10_four_choice.xlsx,JAX C57,,,Control,WT,unknown,,N/A,JAX,N/A,Y,,Shipped,N/A,N,M,N,"UC Berkeley, Wilbrecht Lab",Aspen,Dark,Bioserv,20.0,Kaytee,,Albert Ader,12:12:00,Y,Y,Y,22:00,,,Y,Control,False,M,reversal,REV,2026-09-15,21:47,23:06,ZT 23:47,ZT 01:06,7,16,CDAB,A,Anise,SW,B,Cinnamon,False,True,False,Perseverative,18.0,5,21213,"NE,NW,NE,NW,SW","D,C,D,C,A",1,0,2,2,0,0,0,0,,0,7,,False
Example_Animal_10,example_animal_10_four_choice.xlsx,JAX C57,,,Control,WT,unknown,,N/A,JAX,N/A,Y,,Shipped,N/A,N,M,N,"UC Berkeley, Wilbrecht Lab",Aspen,Dark,Bioserv,20.0,Kaytee,,Albert Ader,12:12:00,Y,Y,Y,22:00,,,Y,Control,False,M,reversal,REV,2026-09-15,21:47,23:06,ZT 23:47,ZT 01:06,8,17,DABC,Omit,Omit,,B,Cinnamon,False,False,True,,180.0,27,242132432421242414243431242,"NE,SE,NE,NW,SW,NE,SE,SW,NE,SE,NE,NW,NE,SE,NE,SE,NW,SE,NE,SE,SW,SE,SW,NW,NE,SE,NE","A,C,A,D,B,A,C,B,A,C,A,D,A,C,A,C,D,C,A,C,B,C,B,D,A,C,A",10,4,9,4,0,0,0,0,"groom x2, climb",0,7,,False
Example_Animal_10,example_animal_10_four_choice.xlsx,JAX C57,,,Control,WT,unknown,,N/A,JAX,N/A,Y,,Shipped,N/A,N,M,N,"UC Berkeley, Wilbrecht Lab",Aspen,Dark,Bioserv,20.0,Kaytee,,Albert Ader,12:12:00,Y,Y,Y,22:00,,,Y,Control,False,M,reversal,REV,2026-09-15,21:47,23:06,ZT 23:47,ZT 01:06,9,18,ABCD,A,Anise,NW,B,Cinnamon,False,True,False,Perseverative,8.0,2,21,"NE,NW","B,A",1,1,0,0,0,0,0,0,,0,8,,False
Example_Animal_10,example_animal_10_four_choice.xlsx,JAX C57,,,Control,WT,unknown,,N/A,JAX,N/A,Y,,Shipped,N/A,N,M,N,"UC Berkeley, Wilbrecht Lab",Aspen,Dark,Bioserv,20.0,Kaytee,,Albert Ader,12:12:00,Y,Y,Y,22:00,,,Y,Control,False,M,reversal,REV,2026-09-15,21:47,23:06,ZT 23:47,ZT 01:06,10,19,BCDA,A,Anise,SE,B,Cinnamon,False,True,False,Perseverative,7.0,2,34,"SW,SE","D,A",1,0,0,1,0,0,0,0,,0,9,,False
Example_Animal_10,example_animal_10_four_choice.xlsx,JAX C57,,,Control,WT,unknown,,N/A,JAX,N/A,Y,,Shipped,N/A,N,M,N,"UC Berkeley, Wilbrecht Lab",Aspen,Dark,Bioserv,20.0,Kaytee,,Albert Ader,12:12:00,Y,Y,Y,22:00,,,Y,Control,False,M,reversal,REV,2026-09-15,21:47,23:06,ZT 23:47,ZT 01:06,11,20,CDAB,A,Anise,SW,B,Cinnamon,False,True,False,Perseverative,17.0,4,4243,"SE,NE,SE,SW","B,D,B,A",1,2,0,1,0,0,0,0,,0,10,0.0,False
Example_Animal_10,example_animal_10_four_choice.xlsx,JAX C57,,,Control,WT,unknown,,N/A,JAX,N/A,Y,,Shipped,N/A,N,M,N,"UC Berkeley, Wilbrecht Lab",Aspen,Dark,Bioserv,20.0,Kaytee,,Albert Ader,12:12:00,Y,Y,Y,22:00,,,Y,Control,False,M,reversal,REV,2026-09-15,21:47,23:06,ZT 23:47,ZT 01:06,12,21,DABC,A,Anise,NE,B,Cinnamon,False,True,False,Perseverative,119.0,20,12421213242421321312,"NW,NE,SE,NE,NW,NE,NW,SW,NE,SE,NE,SE,NE,NW,SW,NE,NW,SW,NW,NE","D,A,C,A,D,A,D,B,A,C,A,C,A,D,B,A,D,B,D,A",8,3,3,6,0,0,0,0,,0,11,0.0,False
Example_Animal_10,example_animal_10_four_choice.xlsx,JAX C57,,,Control,WT,unknown,,N/A,JAX,N/A,Y,,Shipped,N/A,N,M,N,"UC Berkeley, Wilbrecht Lab",Aspen,Dark,Bioserv,20.0,Kaytee,,Albert Ader,12:12:00,Y,Y,Y,22:00,,,Y,Control,False,M,reversal,REV,2026-09-15,21:47,23:06,ZT 23:47,ZT 01:06,13,22,ABCD,A,Anise,NW,B,Cinnamon,False,True,False,Perseverative,133.0,15,342121343424131,"SW,SE,NE,NW,NE,NW,SW,SE,SW,SE,NE,SE,NW,SW,NW","C,D,B,A,B,A,C,D,C,D,B,D,A,C,A",4,3,4,4,0,0,0,0,"left D out at first, added right after trial start; also discovered pipette tip left in C",0,12,0.0,False
Example_Animal_10,example_animal_10_four_choice.xlsx,JAX C57,,,Control,WT,unknown,,N/A,JAX,N/A,Y,,Shipped,N/A,N,M,N,"UC Berkeley, Wilbrecht Lab",Aspen,Dark,Bioserv,20.0,Kaytee,,Albert Ader,12:12:00,Y,Y,Y,22:00,,,Y,Control,False,M,reversal,REV,2026-09-15,21:47,23:06,ZT 23:47,ZT 01:06,14,23,BCDA,Omit,Omit,,B,Cinnamon,False,False,True,,180.0,25,4313431212132121242121122,"SE,SW,NW,SW,SE,SW,NW,NE,NW,NE,NW,SW,NE,NW,NE,NW,NE,SE,NE,NW,NE,NW,NW,NE,NE","A,D,B,D,A,D,B,C,B,C,B,D,C,B,C,B,C,A,C,B,C,B,B,C,C",3,9,9,4,0,0,0,0,climb x2,0,12,0.0,False
Example_Animal_10,example_animal_10_four_choice.xlsx,JAX C57,,,Control,WT,unknown,,N/A,JAX,N/A,Y,,Shipped,N/A,N,M,N,"UC Berkeley, Wilbrecht Lab",Aspen,Dark,Bioserv,20.0,Kaytee,,Albert Ader,12:12:00,Y,Y,Y,22:00,,,Y,Control,False,M,reversal,REV,2026-09-15,21:47,23:06,ZT 23:47,ZT 01:06,15,24,CDAB,A,Anise,SW,B,Cinnamon,False,True,False,Perseverative,21.0,4,4213,"SE,NE,NW,SW","B,D,C,A",1,1,1,1,0,0,0,0,,0,13,0.0,False
Example_Animal_10,example_animal_10_four_choice.xlsx,JAX C57,,,Control,WT,unknown,,N/A,JAX,N/A,Y,,Shipped,N/A,N,M,N,"UC Berkeley, Wilbrecht Lab",Aspen,Dark,Bioserv,20.0,Kaytee,,Albert Ader,12:12:00,Y,Y,Y,22:00,,,Y,Control,False,M,reversal,REV,2026-09-15,21:47,23:06,ZT 23:47,ZT 01:06,16,25,DABC,A,Anise,NE,B,Cinnamon,False,True,False,Perseverative,,6,424212,"SE,NE,SE,NE,NW,NE","C,A,C,A,D,A",3,0,2,1,0,0,0,0,,0,14,0.0,False
Example_Animal_10,example_animal_10_four_choice.xlsx,JAX C57,,,Control,WT,unknown,,N/A,JAX,N/A,Y,,Shipped,N/A,N,M,N,"UC Berkeley, Wilbrecht Lab",Aspen,Dark,Bioserv,20.0,Kaytee,,Albert Ader,12:12:00,Y,Y,Y,22:00,,,Y,Control,False,M,reversal,REV,2026-09-15,21:47,23:06,ZT 23:47,ZT 01:06,17,26,ABCD,A,Anise,NW,B,Cinnamon,False,True,False,Perseverative,180.0,16,3434213424212121,"SW,SE,SW,SE,NE,NW,SW,SE,NE,SE,NE,NW,NE,NW,NE,NW","C,D,C,D,B,A,C,D,B,D,B,A,B,A,B,A",4,5,3,4,0,0,0,0,groom x3,0,15,0.0,False
Example_Animal_10,example_animal_10_four_choice.xlsx,JAX C57,,,Control,WT,unknown,,N/A,JAX,N/A,Y,,Shipped,N/A,N,M,N,"UC Berkeley, Wilbrecht Lab",Aspen,Dark,Bioserv,20.0,Kaytee,,Albert Ader,12:12:00,Y,Y,Y,22:00,,,Y,Control,False,M,reversal,REV,2026-09-15,21:47,23:06,ZT 23:47,ZT 01:06,18,27,BCDA,D,Mint,SW,B,Cinnamon,False,True,False,Novel,67.0,14,34212432412143,"SW,SE,NE,NW,NE,SE,SW,NE,SE,NW,NE,NW,SE,SW","D,A,C,B,C,A,D,C,A,B,C,B,A,D",4,3,4,3,0,0,0,0,,0,16,0.0,False
Example_Animal_10,example_animal_10_four_choice.xlsx,JAX C57,,,Control,WT,unknown,,N/A,JAX,N/A,Y,,Shipped,N/A,N,M,N,"UC Berkeley, Wilbrecht Lab",Aspen,Dark,Bioserv,20.0,Kaytee,,Albert Ader,12:12:00,Y,Y,Y,22:00,,,Y,Control,False,M,reversal,REV,2026-09-15,21:47,23:06,ZT 23:47,ZT 01:06,19,28,CDAB,C,Lemon,NW,B,Cinnamon,False,True,False,Irrelevant,18.0,2,41,"SE,NW","B,C",0,1,1,0,0,0,0,0,,0,17,0.0,False
Example_Animal_10,example_animal_10_four_choice.xlsx,JAX C57,,,Control,WT,unknown,,N/A,JAX,N/A,Y,,Shipped,N/A,N,M,N,"UC Berkeley, Wilbrecht Lab",Aspen,Dark,Bioserv,20.0,Kaytee,,Albert Ader,12:12:00,Y,Y,Y,22:00,,,Y,Control,False,M,reversal,REV,2026-09-15,21:47,23:06,ZT 23:47,ZT 01:06,20,29,DABC,B,Cinnamon,SW,B,Cinnamon,True,False,False,,13.0,3,413,"SE,NW,SW","C,D,B",0,1,1,1,0,0,0,0,2:47 eat,1,18,1.0,True
Example_Animal_10,example_animal_10_four_choice.xlsx,JAX C57,,,Control,WT,unknown,,N/A,JAX,N/A,Y,,Shipped,N/A,N,M,N,"UC Berkeley, Wilbrecht Lab",Aspen,Dark,Bioserv,20.0,Kaytee,,Albert Ader,12:12:00,Y,Y,Y,22:00,,,Y,Control,False,M,reversal,REV,2026-09-15,21:47,23:06,ZT 23:47,ZT 01:06,21,30,ABCD,C,Lemon,SW,B,Cinnamon,False,True,False,Irrelevant,2.0,1,3,SW,C,0,0,1,0,0,0,0,0,,0,19,1.0,True
Example_Animal_10,example_animal_10_four_choice.xlsx,JAX C57,,,Control,WT,unknown,,N/A,JAX,N/A,Y,,Shipped,N/A,N,M,N,"UC Berkeley, Wilbrecht Lab",Aspen,Dark,Bioserv,20.0,Kaytee,,Albert Ader,12:12:00,Y,Y,Y,22:00,,,Y,Control,False,M,reversal,REV,2026-09-15,21:47,23:06,ZT 23:47,ZT 01:06,22,31,BCDA,A,Anise,SE,B,Cinnamon,False,True,False,Regressive,3.0,1,4,SE,A,1,0,0,0,0,0,0,0,,0,20,1.0,True
Example_Animal_10,example_animal_10_four_choice.xlsx,JAX C57,,,Control,WT,unknown,,N/A,JAX,N/A,Y,,Shipped,N/A,N,M,N,"UC Berkeley, Wilbrecht Lab",Aspen,Dark,Bioserv,20.0,Kaytee,,Albert Ader,12:12:00,Y,Y,Y,22:00,,,Y,Control,False,M,reversal,REV,2026-09-15,21:47,23:06,ZT 23:47,ZT 01:06,23,32,CDAB,A,Anise,SW,B,Cinnamon,False,True,False,Regressive,2.0,1,3,SW,A,1,0,0,0,0,0,0,0,,0,21,1.0,True
Example_Animal_10,example_animal_10_four_choice.xlsx,JAX C57,,,Control,WT,unknown,,N/A,JAX,N/A,Y,,Shipped,N/A,N,M,N,"UC Berkeley, Wilbrecht Lab",Aspen,Dark,Bioserv,20.0,Kaytee,,Albert Ader,12:12:00,Y,Y,Y,22:00,,,Y,Control,False,M,reversal,REV,2026-09-15,21:47,23:06,ZT 23:47,ZT 01:06,24,33,DABC,A,Anise,NE,B,Cinnamon,False,True,False,Regressive,2.0,1,2,NE,A,1,0,0,0,0,0,0,0,,0,22,1.0,True
Example_Animal_10,example_animal_10_four_choice.xlsx,JAX C57,,,Control,WT,unknown,,N/A,JAX,N/A,Y,,Shipped,N/A,N,M,N,"UC Berkeley, Wilbrecht Lab",Aspen,Dark,Bioserv,20.0,Kaytee,,Albert Ader,12:12:00,Y,Y,Y,22:00,,,Y,Control,False,M,reversal,REV,2026-09-15,21:47,23:06,ZT 23:47,ZT 01:06,25,34,ABCD,A,Anise,NW,B,Cinnamon,False,True,False,Regressive,28.0,5,43431,"SE,SW,SE,SW,NW","D,C,D,C,A",1,0,2,2,0,0,0,0,,0,23,1.0,True
Example_Animal_10,example_animal_10_four_choice.xlsx,JAX C57,,,Control,WT,unknown,,N/A,JAX,N/A,Y,,Shipped,N/A,N,M,N,"UC Berkeley, Wilbrecht Lab",Aspen,Dark,Bioserv,20.0,Kaytee,,Albert Ader,12:12:00,Y,Y,Y,22:00,,,Y,Control,False,M,reversal,REV,2026-09-15,21:47,23:06,ZT 23:47,ZT 01:06,26,35,BCDA,A,Anise,SE,B,Cinnamon,False,True,False,Regressive,7.0,3,134,"NW,SW,SE","B,D,A",1,1,0,1,0,0,0,0,,0,24,1.0,True
Example_Animal_10,example_animal_10_four_choice.xlsx,JAX C57,,,Control,WT,unknown,,N/A,JAX,N/A,Y,,Shipped,N/A,N,M,N,"UC Berkeley, Wilbrecht Lab",Aspen,Dark,Bioserv,20.0,Kaytee,,Albert Ader,12:12:00,Y,Y,Y,22:00,,,Y,Control,False,M,reversal,REV,2026-09-15,21:47,23:06,ZT 23:47,ZT 01:06,27,36,CDAB,A,Anise,SW,B,Cinnamon,False,True,False,Regressive,6.0,2,13,"NW,SW","C,A",1,0,1,0,0,0,0,0,,0,25,1.0,True
Example_Animal_10,example_animal_10_four_choice.xlsx,JAX C57,,,Control,WT,unknown,,N/A,JAX,N/A,Y,,Shipped,N/A,N,M,N,"UC Berkeley, Wilbrecht Lab",Aspen,Dark,Bioserv,20.0,Kaytee,,Albert Ader,12:12:00,Y,Y,Y,22:00,,,Y,Control,False,M,reversal,REV,2026-09-15,21:47,23:06,ZT 23:47,ZT 01:06,28,37,DABC,B,Cinnamon,SW,B,Cinnamon,True,False,False,,25.0,1,3,SW,B,0,1,0,0,0,0,0,0,,1,26,2.0,True
Example_Animal_10,example_animal_10_four_choice.xlsx,JAX C57,,,Control,WT,unknown,,N/A,JAX,N/A,Y,,Shipped,N/A,N,M,N,"UC Berkeley, Wilbrecht Lab",Aspen,Dark,Bioserv,20.0,Kaytee,,Albert Ader,12:12:00,Y,Y,Y,22:00,,,Y,Control,False,M,reversal,REV,2026-09-15,21:47,23:06,ZT 23:47,ZT 01:06,29,38,ABCD,A,Anise,NW,B,Cinnamon,False,True,False,Regressive,11.0,2,31,"SW,NW","C,A",1,0,1,0,0,0,0,0,,0,27,2.0,True
Example_Animal_10,example_animal_10_four_choice.xlsx,JAX C57,,,Control,WT,unknown,,N/A,JAX,N/A,Y,,Shipped,N/A,N,M,N,"UC Berkeley, Wilbrecht Lab",Aspen,Dark,Bioserv,20.0,Kaytee,,Albert Ader,12:12:00,Y,Y,Y,22:00,,,Y,Control,False,M,reversal,REV,2026-09-15,21:47,23:06,ZT 23:47,ZT 01:06,30,39,BCDA,B,Cinnamon,NW,B,Cinnamon,True,False,False,,36.0,9,421343131,"SE,NE,NW,SW,SE,SW,NW,SW,NW","A,C,B,D,A,D,B,D,B",2,3,1,3,0,0,0,0,,1,28,2.0,True
Example_Animal_10,example_animal_10_four_choice.xlsx,JAX C57,,,Control,WT,unknown,,N/A,JAX,N/A,Y,,Shipped,N/A,N,M,N,"UC Berkeley, Wilbrecht Lab",Aspen,Dark,Bioserv,20.0,Kaytee,,Albert Ader,12:12:00,Y,Y,Y,22:00,,,Y,Control,False,M,reversal,REV,2026-09-15,21:47,23:06,ZT 23:47,ZT 01:06,31,40,CDAB,B,Cinnamon,SE,B,Cinnamon,True,False,False,,4.0,1,4,SE,B,0,1,0,0,0,0,0,0,,2,29,3.0,True
Example_Animal_10,example_animal_10_four_choice.xlsx,JAX C57,,,Control,WT,unknown,,N/A,JAX,N/A,Y,,Shipped,N/A,N,M,N,"UC Berkeley, Wilbrecht Lab",Aspen,Dark,Bioserv,20.0,Kaytee,,Albert Ader,12:12:00,Y,Y,Y,22:00,,,Y,Control,False,M,reversal,REV,2026-09-15,21:47,23:06,ZT 23:47,ZT 01:06,32,41,DABC,B,Cinnamon,SW,B,Cinnamon,True,False,False,,25.0,2,13,"NW,SW","D,B",0,1,0,1,0,0,0,0,,3,30,4.0,True
Example_Animal_10,example_animal_10_four_choice.xlsx,JAX C57,,,Control,WT,unknown,,N/A,JAX,N/A,Y,,Shipped,N/A,N,M,N,"UC Berkeley, Wilbrecht Lab",Aspen,Dark,Bioserv,20.0,Kaytee,,Albert Ader,12:12:00,Y,Y,Y,22:00,,,Y,Control,False,M,reversal,REV,2026-09-15,21:47,23:06,ZT 23:47,ZT 01:06,33,42,ABCD,B,Cinnamon,NE,B,Cinnamon,True,False,False,,6.0,2,42,"SE,NE","D,B",0,1,0,1,0,0,0,0,,4,31,5.0,True
Example_Animal_10,example_animal_10_four_choice.xlsx,JAX C57,,,Control,WT,unknown,,N/A,JAX,N/A,Y,,Shipped,N/A,N,M,N,"UC Berkeley, Wilbrecht Lab",Aspen,Dark,Bioserv,20.0,Kaytee,,Albert Ader,12:12:00,Y,Y,Y,22:00,,,Y,Control,False,M,reversal,REV,2026-09-15,21:47,23:06,ZT 23:47,ZT 01:06,34,43,BCDA,A,Anise,SE,B,Cinnamon,False,True,False,Regressive,3.0,1,4,SE,A,1,0,0,0,0,0,0,0,,0,32,5.0,True
Example_Animal_10,example_animal_10_four_choice.xlsx,JAX C57,,,Control,WT,unknown,,N/A,JAX,N/A,Y,,Shipped,N/A,N,M,N,"UC Berkeley, Wilbrecht Lab",Aspen,Dark,Bioserv,20.0,Kaytee,,Albert Ader,12:12:00,Y,Y,Y,22:00,,,Y,Control,False,M,reversal,REV,2026-09-15,21:47,23:06,ZT 23:47,ZT 01:06,35,44,CDAB,A,Anise,SW,B,Cinnamon,False,True,False,Regressive,5.0,1,3,SW,A,1,0,0,0,0,0,0,0,,0,33,5.0,True
Example_Animal_10,example_animal_10_four_choice.xlsx,JAX C57,,,Control,WT,unknown,,N/A,JAX,N/A,Y,,Shipped,N/A,N,M,N,"UC Berkeley, Wilbrecht Lab",Aspen,Dark,Bioserv,20.0,Kaytee,,Albert Ader,12:12:00,Y,Y,Y,22:00,,,Y,Control,False,M,reversal,REV,2026-09-15,21:47,23:06,ZT 23:47,ZT 01:06,36,45,DABC,B,Cinnamon,SW,B,Cinnamon,True,False,False,,3.0,1,3,SW,B,0,1,0,0,0,0,0,0,,1,34,6.0,True
Example_Animal_10,example_animal_10_four_choice.xlsx,JAX C57,,,Control,WT,unknown,,N/A,JAX,N/A,Y,,Shipped,N/A,N,M,N,"UC Berkeley, Wilbrecht Lab",Aspen,Dark,Bioserv,20.0,Kaytee,,Albert Ader,12:12:00,Y,Y,Y,22:00,,,Y,Control,False,M,reversal,REV,2026-09-15,21:47,23:06,ZT 23:47,ZT 01:06,37,46,ABCD,B,Cinnamon,NE,B,Cinnamon,True,False,False,,5.0,1,2,NE,B,0,1,0,0,0,0,0,0,,2,35,7.0,True
Example_Animal_10,example_animal_10_four_choice.xlsx,JAX C57,,,Control,WT,unknown,,N/A,JAX,N/A,Y,,Shipped,N/A,N,M,N,"UC Berkeley, Wilbrecht Lab",Aspen,Dark,Bioserv,20.0,Kaytee,,Albert Ader,12:12:00,Y,Y,Y,22:00,,,Y,Control,False,M,reversal,REV,2026-09-15,21:47,23:06,ZT 23:47,ZT 01:06,38,47,BCDA,A,Anise,SE,B,Cinnamon,False,True,False,Regressive,6.0,2,34,"SW,SE","D,A",1,0,0,1,0,0,0,0,,0,36,6.0,True
Example_Animal_10,example_animal_10_four_choice.xlsx,JAX C57,,,Control,WT,unknown,,N/A,JAX,N/A,Y,,Shipped,N/A,N,M,N,"UC Berkeley, Wilbrecht Lab",Aspen,Dark,Bioserv,20.0,Kaytee,,Albert Ader,12:12:00,Y,Y,Y,22:00,,,Y,Control,False,M,reversal,REV,2026-09-15,21:47,23:06,ZT 23:47,ZT 01:06,39,48,CDAB,A,Anise,SW,B,Cinnamon,False,True,False,Regressive,5.0,1,3,SW,A,1,0,0,0,0,0,0,0,,0,37,6.0,True
Example_Animal_10,example_animal_10_four_choice.xlsx,JAX C57,,,Control,WT,unknown,,N/A,JAX,N/A,Y,,Shipped,N/A,N,M,N,"UC Berkeley, Wilbrecht Lab",Aspen,Dark,Bioserv,20.0,Kaytee,,Albert Ader,12:12:00,Y,Y,Y,22:00,,,Y,Control,False,M,reversal,REV,2026-09-15,21:47,23:06,ZT 23:47,ZT 01:06,40,49,DABC,A,Anise,NE,B,Cinnamon,False,True,False,Regressive,23.0,7,2121212,"NE,NW,NE,NW,NE,NW,NE","A,D,A,D,A,D,A",4,0,0,3,0,0,0,0,,0,38,5.0,True
Example_Animal_10,example_animal_10_four_choice.xlsx,JAX C57,,,Control,WT,unknown,,N/A,JAX,N/A,Y,,Shipped,N/A,N,M,N,"UC Berkeley, Wilbrecht Lab",Aspen,Dark,Bioserv,20.0,Kaytee,,Albert Ader,12:12:00,Y,Y,Y,22:00,,,Y,Control,False,M,reversal,REV,2026-09-15,21:47,23:06,ZT 23:47,ZT 01:06,41,50,ABCD,B,Cinnamon,NE,B,Cinnamon,True,False,False,,12.0,3,312,"SW,NW,NE","C,A,B",1,1,1,0,0,0,0,0,,1,39,5.0,True
Example_Animal_10,example_animal_10_four_choice.xlsx,JAX C57,,,Control,WT,unknown,,N/A,JAX,N/A,Y,,Shipped,N/A,N,M,N,"UC Berkeley, Wilbrecht Lab",Aspen,Dark,Bioserv,20.0,Kaytee,,Albert Ader,12:12:00,Y,Y,Y,22:00,,,Y,Control,False,M,reversal,REV,2026-09-15,21:47,23:06,ZT 23:47,ZT 01:06,42,51,BCDA,B,Cinnamon,NW,B,Cinnamon,True,False,False,,8.0,2,41,"SE,NW","A,B",1,1,0,0,0,0,0,0,,2,40,5.0,True
Example_Animal_10,example_animal_10_four_choice.xlsx,JAX C57,,,Control,WT,unknown,,N/A,JAX,N/A,Y,,Shipped,N/A,N,M,N,"UC Berkeley, Wilbrecht Lab",Aspen,Dark,Bioserv,20.0,Kaytee,,Albert Ader,12:12:00,Y,Y,Y,22:00,,,Y,Control,False,M,reversal,REV,2026-09-15,21:47,23:06,ZT 23:47,ZT 01:06,43,52,CDAB,C,Lemon,NW,B,Cinnamon,False,True,False,Irrelevant,9.0,2,21,"NE,NW","D,C",0,0,1,1,0,0,0,0,,0,41,4.0,True
Example_Animal_10,example_animal_10_four_choice.xlsx,JAX C57,,,Control,WT,unknown,,N/A,JAX,N/A,Y,,Shipped,N/A,N,M,N,"UC Berkeley, Wilbrecht Lab",Aspen,Dark,Bioserv,20.0,Kaytee,,Albert Ader,12:12:00,Y,Y,Y,22:00,,,Y,Control,False,M,reversal,REV,2026-09-15,21:47,23:06,ZT 23:47,ZT 01:06,44,53,DABC,A,Anise,NE,B,Cinnamon,False,True,False,Regressive,10.0,2,42,"SE,NE","C,A",1,0,1,0,0,0,0,0,,0,42,4.0,True
Example_Animal_10,example_animal_10_four_choice.xlsx,JAX C57,,,Control,WT,unknown,,N/A,JAX,N/A,Y,,Shipped,N/A,N,M,N,"UC Berkeley, Wilbrecht Lab",Aspen,Dark,Bioserv,20.0,Kaytee,,Albert Ader,12:12:00,Y,Y,Y,22:00,,,Y,Control,False,M,reversal,REV,2026-09-15,21:47,23:06,ZT 23:47,ZT 01:06,45,54,ABCD,B,Cinnamon,NE,B,Cinnamon,True,False,False,,7.0,2,42,"SE,NE","D,B",0,1,0,1,0,0,0,0,,1,43,5.0,True
Example_Animal_10,example_animal_10_four_choice.xlsx,JAX C57,,,Control,WT,unknown,,N/A,JAX,N/A,Y,,Shipped,N/A,N,M,N,"UC Berkeley, Wilbrecht Lab",Aspen,Dark,Bioserv,20.0,Kaytee,,Albert Ader,12:12:00,Y,Y,Y,22:00,,,Y,Control,False,M,reversal,REV,2026-09-15,21:47,23:06,ZT 23:47,ZT 01:06,46,55,BCDA,D,Mint,SW,B,Cinnamon,False,True,False,Novel,8.0,1,3,SW,D,0,0,0,1,0,0,0,0,,0,44,4.0,True
Example_Animal_10,example_animal_10_four_choice.xlsx,JAX C57,,,Control,WT,unknown,,N/A,JAX,N/A,Y,,Shipped,N/A,N,M,N,"UC Berkeley, Wilbrecht Lab",Aspen,Dark,Bioserv,20.0,Kaytee,,Albert Ader,12:12:00,Y,Y,Y,22:00,,,Y,Control,False,M,reversal,REV,2026-09-15,21:47,23:06,ZT 23:47,ZT 01:06,47,56,CDAB,C,Lemon,NW,B,Cinnamon,False,True,False,Irrelevant,10.0,3,121,"NW,NE,NW","C,D,C",0,0,2,1,0,0,0,0,,0,45,3.0,True
Example_Animal_10,example_animal_10_four_choice.xlsx,JAX C57,,,Control,WT,unknown,,N/A,JAX,N/A,Y,,Shipped,N/A,N,M,N,"UC Berkeley, Wilbrecht Lab",Aspen,Dark,Bioserv,20.0,Kaytee,,Albert Ader,12:12:00,Y,Y,Y,22:00,,,Y,Control,False,M,reversal,REV,2026-09-15,21:47,23:06,ZT 23:47,ZT 01:06,48,57,DABC,C,Lemon,SE,B,Cinnamon,False,True,False,Irrelevant,5.0,1,4,SE,C,0,0,1,0,0,0,0,0,,0,46,3.0,True
Example_Animal_10,example_animal_10_four_choice.xlsx,JAX C57,,,Control,WT,unknown,,N/A,JAX,N/A,Y,,Shipped,N/A,N,M,N,"UC Berkeley, Wilbrecht Lab",Aspen,Dark,Bioserv,20.0,Kaytee,,Albert Ader,12:12:00,Y,Y,Y,22:00,,,Y,Control,False,M,reversal,REV,2026-09-15,21:47,23:06,ZT 23:47,ZT 01:06,49,58,ABCD,B,Cinnamon,NE,B,Cinnamon,True,False,False,,6.0,2,42,"SE,NE","D,B",0,1,0,1,0,0,0,0,,1,47,4.0,True
Example_Animal_10,example_animal_10_four_choice.xlsx,JAX C57,,,Control,WT,unknown,,N/A,JAX,N/A,Y,,Shipped,N/A,N,M,N,"UC Berkeley, Wilbrecht Lab",Aspen,Dark,Bioserv,20.0,Kaytee,,Albert Ader,12:12:00,Y,Y,Y,22:00,,,Y,Control,False,M,reversal,REV,2026-09-15,21:47,23:06,ZT 23:47,ZT 01:06,50,59,BCDA,A,Anise,SE,B,Cinnamon,False,True,False,Regressive,3.0,1,4,SE,A,1,0,0,0,0,0,0,0,,0,48,4.0,True
Example_Animal_10,example_animal_10_four_choice.xlsx,JAX C57,,,Control,WT,unknown,,N/A,JAX,N/A,Y,,Shipped,N/A,N,M,N,"UC Berkeley, Wilbrecht Lab",Aspen,Dark,Bioserv,20.0,Kaytee,,Albert Ader,12:12:00,Y,Y,Y,22:00,,,Y,Control,False,M,reversal,REV,2026-09-15,21:47,23:06,ZT 23:47,ZT 01:06,51,60,CDAB,B,Cinnamon,SE,B,Cinnamon,True,False,False,,2.0,1,4,SE,B,0,1,0,0,0,0,0,0,,1,49,4.0,True
Example_Animal_10,example_animal_10_four_choice.xlsx,JAX C57,,,Control,WT,unknown,,N/A,JAX,N/A,Y,,Shipped,N/A,N,M,N,"UC Berkeley, Wilbrecht Lab",Aspen,Dark,Bioserv,20.0,Kaytee,,Albert Ader,12:12:00,Y,Y,Y,22:00,,,Y,Control,False,M,reversal,REV,2026-09-15,21:47,23:06,ZT 23:47,ZT 01:06,52,61,DABC,B,Cinnamon,SW,B,Cinnamon,True,False,False,,5.0,2,43,"SE,SW","C,B",0,1,1,0,0,0,0,0,,2,50,4.0,True
Example_Animal_10,example_animal_10_four_choice.xlsx,JAX C57,,,Control,WT,unknown,,N/A,JAX,N/A,Y,,Shipped,N/A,N,M,N,"UC Berkeley, Wilbrecht Lab",Aspen,Dark,Bioserv,20.0,Kaytee,,Albert Ader,12:12:00,Y,Y,Y,22:00,,,Y,Control,False,M,reversal,REV,2026-09-15,21:47,23:06,ZT 23:47,ZT 01:06,53,62,ABCD,B,Cinnamon,NE,B,Cinnamon,True,False,False,,5.0,1,2,NE,B,0,1,0,0,0,0,0,0,,3,51,5.0,True
Example_Animal_10,example_animal_10_four_choice.xlsx,JAX C57,,,Control,WT,unknown,,N/A,JAX,N/A,Y,,Shipped,N/A,N,M,N,"UC Berkeley, Wilbrecht Lab",Aspen,Dark,Bioserv,20.0,Kaytee,,Albert Ader,12:12:00,Y,Y,Y,22:00,,,Y,Control,False,M,reversal,REV,2026-09-15,21:47,23:06,ZT 23:47,ZT 01:06,54,63,BCDA,B,Cinnamon,NW,B,Cinnamon,True,False,False,,13.0,2,31,"SW,NW","D,B",0,1,0,1,0,0,0,0,,4,52,6.0,True
Example_Animal_10,example_animal_10_four_choice.xlsx,JAX C57,,,Control,WT,unknown,,N/A,JAX,N/A,Y,,Shipped,N/A,N,M,N,"UC Berkeley, Wilbrecht Lab",Aspen,Dark,Bioserv,20.0,Kaytee,,Albert Ader,12:12:00,Y,Y,Y,22:00,,,Y,Control,False,M,reversal,REV,2026-09-15,21:47,23:06,ZT 23:47,ZT 01:06,55,64,CDAB,B,Cinnamon,SE,B,Cinnamon,True,False,False,,3.0,1,4,SE,B,0,1,0,0,0,0,0,0,"mouse went to 4, center, 4",5,53,6.0,True
Example_Animal_10,example_animal_10_four_choice.xlsx,JAX C57,,,Control,WT,unknown,,N/A,JAX,N/A,Y,,Shipped,N/A,N,M,N,"UC Berkeley, Wilbrecht Lab",Aspen,Dark,Bioserv,20.0,Kaytee,,Albert Ader,12:12:00,Y,Y,Y,22:00,,,Y,Control,False,M,reversal,REV,2026-09-15,21:47,23:06,ZT 23:47,ZT 01:06,56,65,DABC,B,Cinnamon,SW,B,Cinnamon,True,False,False,,3.0,1,3,SW,B,0,1,0,0,0,0,0,0,,6,54,7.0,True
Example_Animal_10,example_animal_10_four_choice.xlsx,JAX C57,,,Control,WT,unknown,,N/A,JAX,N/A,Y,,Shipped,N/A,N,M,N,"UC Berkeley, Wilbrecht Lab",Aspen,Dark,Bioserv,20.0,Kaytee,,Albert Ader,12:12:00,Y,Y,Y,22:00,,,Y,Control,False,M,reversal,REV,2026-09-15,21:47,23:06,ZT 23:47,ZT 01:06,57,66,ABCD,B,Cinnamon,NE,B,Cinnamon,True,False,False,,6.0,2,12,"NW,NE","A,B",1,1,0,0,0,0,0,0,,7,55,8.0,True
Example_Animal_11,example_animal_11_four_choice.xlsx,JAX C57,2026-07-10,,Control,WT,unknown,,N/A,JAX,N/A,Y,,Shipped,N/A,N,M,N,"UC Berkeley, Wilbrecht Lab",Aspen,Dark,Bioserv,20.0,Kaytee,,Han-Ning Lu,12:12:00,Y,Y,Y,22:00,,,Y,Control,False,M,discrimination,DISC,2026-09-14,17:27,18:18,ZT 19:27,ZT 20:18,1,10,ABCD,D,Vanilla,SE,A,Anise,False,True,False,D_error,174.0,17,12432314324324141,"NW,NE,SE,SW,NE,SW,NW,SE,SW,NE,SE,SW,NE,SE,NW,SE,NW","A,B,D,C,B,C,A,D,C,B,D,C,B,D,A,D,A",4,4,4,5,0,0,0,0,,0,1,,False
Example_Animal_11,example_animal_11_four_choice.xlsx,JAX C57,2026-07-10,,Control,WT,unknown,,N/A,JAX,N/A,Y,,Shipped,N/A,N,M,N,"UC Berkeley, Wilbrecht Lab",Aspen,Dark,Bioserv,20.0,Kaytee,,Han-Ning Lu,12:12:00,Y,Y,Y,22:00,,,Y,Control,False,M,discrimination,DISC,2026-09-14,17:27,18:18,ZT 19:27,ZT 20:18,2,11,BCDA,D,Vanilla,SW,A,Anise,False,True,False,D_error,129.0,17,31231434131241312,"SW,NW,NE,SW,NW,SE,SW,SE,NW,SW,NW,NE,SE,NW,SW,NW,NE","D,B,C,D,B,A,D,A,B,D,B,C,A,B,D,B,C",3,6,3,5,0,0,0,0,,0,2,,False
Example_Animal_11,example_animal_11_four_choice.xlsx,JAX C57,2026-07-10,,Control,WT,unknown,,N/A,JAX,N/A,Y,,Shipped,N/A,N,M,N,"UC Berkeley, Wilbrecht Lab",Aspen,Dark,Bioserv,20.0,Kaytee,,Han-Ning Lu,12:12:00,Y,Y,Y,22:00,,,Y,Control,False,M,discrimination,DISC,2026-09-14,17:27,18:18,ZT 19:27,ZT 20:18,3,12,CDAB,D,Vanilla,NE,A,Anise,False,True,False,D_error,152.0,19,3124213214321241312,"SW,NW,NE,SE,NE,NW,SW,NE,NW,SE,SW,NE,NW,NE,SE,NW,SW,NW,NE","A,C,D,B,D,C,A,D,C,B,A,D,C,D,B,C,A,C,D",4,3,6,6,0,0,0,0,,0,3,,False
Example_Animal_11,example_animal_11_four_choice.xlsx,JAX C57,2026-07-10,,Control,WT,unknown,,N/A,JAX,N/A,Y,,Shipped,N/A,N,M,N,"UC Berkeley, Wilbrecht Lab",Aspen,Dark,Bioserv,20.0,Kaytee,,Han-Ning Lu,12:12:00,Y,Y,Y,22:00,,,Y,Control,False,M,discrimination,DISC,2026-09-14,17:27,18:18,ZT 19:27,ZT 20:18,4,13,DABC,D,Vanilla,NW,A,Anise,False,True,False,D_error,6.0,2,41,"SE,NW","C,D",0,0,1,1,0,0,0,0,,0,4,,False
Example_Animal_11,example_animal_11_four_choice.xlsx,JAX C57,2026-07-10,,Control,WT,unknown,,N/A,JAX,N/A,Y,,Shipped,N/A,N,M,N,"UC Berkeley, Wilbrecht Lab",Aspen,Dark,Bioserv,20.0,Kaytee,,Han-Ning Lu,12:12:00,Y,Y,Y,22:00,,,Y,Control,False,M,discrimination,DISC,2026-09-14,17:27,18:18,ZT 19:27,ZT 20:18,5,14,ABCD,A,Anise,NW,A,Anise,True,False,False,,82.0,13,3121214314241,"SW,NW,NE,NW,NE,NW,SE,SW,NW,SE,NE,SE,NW","C,A,B,A,B,A,D,C,A,D,B,D,A",5,3,2,3,0,0,0,0,,1,5,,False
Example_Animal_11,example_animal_11_four_choice.xlsx,JAX C57,2026-07-10,,Control,WT,unknown,,N/A,JAX,N/A,Y,,Shipped,N/A,N,M,N,"UC Berkeley, Wilbrecht Lab",Aspen,Dark,Bioserv,20.0,Kaytee,,Han-Ning Lu,12:12:00,Y,Y,Y,22:00,,,Y,Control,False,M,discrimination,DISC,2026-09-14,17:27,18:18,ZT 19:27,ZT 20:18,6,15,BCDA,B,Cinnamon,NW,A,Anise,False,True,False,B_error,19.0,5,34121,"SW,SE,NW,NE,NW","D,A,B,C,B",1,2,1,1,0,0,0,0,,0,6,,False
Example_Animal_11,example_animal_11_four_choice.xlsx,JAX C57,2026-07-10,,Control,WT,unknown,,N/A,JAX,N/A,Y,,Shipped,N/A,N,M,N,"UC Berkeley, Wilbrecht Lab",Aspen,Dark,Bioserv,20.0,Kaytee,,Han-Ning Lu,12:12:00,Y,Y,Y,22:00,,,Y,Control,False,M,discrimination,DISC,2026-09-14,17:27,18:18,ZT 19:27,ZT 20:18,7,16,CDAB,D,Vanilla,NE,A,Anise,False,True,False,D_error,35.0,7,3413124,"SW,SE,NW,SW,NW,NE,SE","A,B,C,A,C,D,B",2,2,2,1,0,0,0,0,,0,7,,False
Example_Animal_11,example_animal_11_four_choice.xlsx,JAX C57,2026-07-10,,Control,WT,unknown,,N/A,JAX,N/A,Y,,Shipped,N/A,N,M,N,"UC Berkeley, Wilbrecht Lab",Aspen,Dark,Bioserv,20.0,Kaytee,,Han-Ning Lu,12:12:00,Y,Y,Y,22:00,,,Y,Control,False,M,discrimination,DISC,2026-09-14,17:27,18:18,ZT 19:27,ZT 20:18,8,17,DABC,A,Anise,NE,A,Anise,True,False,False,,14.0,4,2132,"NE,NW,SW,NE","A,D,B,A",2,1,0,1,0,0,0,0,,1,8,,False
Example_Animal_11,example_animal_11_four_choice.xlsx,JAX C57,2026-07-10,,Control,WT,unknown,,N/A,JAX,N/A,Y,,Shipped,N/A,N,M,N,"UC Berkeley, Wilbrecht Lab",Aspen,Dark,Bioserv,20.0,Kaytee,,Han-Ning Lu,12:12:00,Y,Y,Y,22:00,,,Y,Control,False,M,discrimination,DISC,2026-09-14,17:27,18:18,ZT 19:27,ZT 20:18,9,18,ABCD,A,Anise,NW,A,Anise,True,False,False,,29.0,7,2324121,"NE,SW,NE,SE,NW,NE,NW","B,C,B,D,A,B,A",2,3,1,1,0,0,0,0,groom after choice,2,9,,False
Example_Animal_11,example_animal_11_four_choice.xlsx,JAX C57,2026-07-10,,Control,WT,unknown,,N/A,JAX,N/A,Y,,Shipped,N/A,N,M,N,"UC Berkeley, Wilbrecht Lab",Aspen,Dark,Bioserv,20.0,Kaytee,,Han-Ning Lu,12:12:00,Y,Y,Y,22:00,,,Y,Control,False,M,discrimination,DISC,2026-09-14,17:27,18:18,ZT 19:27,ZT 20:18,10,19,BCDA,A,Anise,SE,A,Anise,True,False,False,,18.0,4,4124,"SE,NW,NE,SE","A,B,C,A",2,1,1,0,0,0,0,0,,3,10,4.0,False
Example_Animal_11,example_animal_11_four_choice.xlsx,JAX C57,2026-07-10,,Control,WT,unknown,,N/A,JAX,N/A,Y,,Shipped,N/A,N,M,N,"UC Berkeley, Wilbrecht Lab",Aspen,Dark,Bioserv,20.0,Kaytee,,Han-Ning Lu,12:12:00,Y,Y,Y,22:00,,,Y,Control,False,M,discrimination,DISC,2026-09-14,17:27,18:18,ZT 19:27,ZT 20:18,11,20,CDAB,D,Vanilla,NE,A,Anise,False,True,False,D_error,11.0,4,4212,"SE,NE,NW,NE","B,D,C,D",0,1,1,2,0,0,0,0,,0,11,4.0,False
Example_Animal_11,example_animal_11_four_choice.xlsx,JAX C57,2026-07-10,,Control,WT,unknown,,N/A,JAX,N/A,Y,,Shipped,N/A,N,M,N,"UC Berkeley, Wilbrecht Lab",Aspen,Dark,Bioserv,20.0,Kaytee,,Han-Ning Lu,12:12:00,Y,Y,Y,22:00,,,Y,Control,False,M,discrimination,DISC,2026-09-14,17:27,18:18,ZT 19:27,ZT 20:18,12,21,DABC,D,Vanilla,NW,A,Anise,False,True,False,D_error,25.0,4,4141,"SE,NW,SE,NW","C,D,C,D",0,0,2,2,0,0,0,0,,0,12,4.0,False
Example_Animal_11,example_animal_11_four_choice.xlsx,JAX C57,2026-07-10,,Control,WT,unknown,,N/A,JAX,N/A,Y,,Shipped,N/A,N,M,N,"UC Berkeley, Wilbrecht Lab",Aspen,Dark,Bioserv,20.0,Kaytee,,Han-Ning Lu,12:12:00,Y,Y,Y,22:00,,,Y,Control,False,M,discrimination,DISC,2026-09-14,17:27,18:18,ZT 19:27,ZT 20:18,13,22,ABCD,A,Anise,NW,A,Anise,True,False,False,,10.0,3,431,"SE,SW,NW","D,C,A",1,0,1,1,0,0,0,0,,1,13,5.0,False
Example_Animal_11,example_animal_11_four_choice.xlsx,JAX C57,2026-07-10,,Control,WT,unknown,,N/A,JAX,N/A,Y,,Shipped,N/A,N,M,N,"UC Berkeley, Wilbrecht Lab",Aspen,Dark,Bioserv,20.0,Kaytee,,Han-Ning Lu,12:12:00,Y,Y,Y,22:00,,,Y,Control,False,M,discrimination,DISC,2026-09-14,17:27,18:18,ZT 19:27,ZT 20:18,14,23,BCDA,B,Cinnamon,NW,A,Anise,False,True,False,B_error,19.0,6,243121,"NE,SE,SW,NW,NE,NW","C,A,D,B,C,B",1,2,2,1,0,0,0,0,,0,14,5.0,False
Example_Animal_11,example_animal_11_four_choice.xlsx,JAX C57,2026-07-10,,Control,WT,unknown,,N/A,JAX,N/A,Y,,Shipped,N/A,N,M,N,"UC Berkeley, Wilbrecht Lab",Aspen,Dark,Bioserv,20.0,Kaytee,,Han-Ning Lu,12:12:00,Y,Y,Y,22:00,,,Y,Control,False,M,discrimination,DISC,2026-09-14,17:27,18:18,ZT 19:27,ZT 20:18,15,24,CDAB,C,Lemon,NW,A,Anise,False,True,False,C_error,23.0,4,3142,"SW,NW,SE,NE","A,C,B,D",1,1,1,1,0,0,0,0,,0,15,4.0,False
Example_Animal_11,example_animal_11_four_choice.xlsx,JAX C57,2026-07-10,,Control,WT,unknown,,N/A,JAX,N/A,Y,,Shipped,N/A,N,M,N,"UC Berkeley, Wilbrecht Lab",Aspen,Dark,Bioserv,20.0,Kaytee,,Han-Ning Lu,12:12:00,Y,Y,Y,22:00,,,Y,Control,False,M,discrimination,DISC,2026-09-14,17:27,18:18,ZT 19:27,ZT 20:18,16,25,DABC,D,Vanilla,NW,A,Anise,False,True,False,D_error,9.0,2,41,"SE,NW","C,D",0,0,1,1,0,0,0,0,,0,16,4.0,False
Example_Animal_11,example_animal_11_four_choice.xlsx,JAX C57,2026-07-10,,Control,WT,unknown,,N/A,JAX,N/A,Y,,Shipped,N/A,N,M,N,"UC Berkeley, Wilbrecht Lab",Aspen,Dark,Bioserv,20.0,Kaytee,,Han-Ning Lu,12:12:00,Y,Y,Y,22:00,,,Y,Control,False,M,discrimination,DISC,2026-09-14,17:27,18:18,ZT 19:27,ZT 20:18,17,26,ABCD,D,Vanilla,SE,A,Anise,False,True,False,D_error,37.0,5,24324,"NE,SE,SW,NE,SE","B,D,C,B,D",0,2,1,2,0,0,0,0,groom,0,17,4.0,False
Example_Animal_11,example_animal_11_four_choice.xlsx,JAX C57,2026-07-10,,Control,WT,unknown,,N/A,JAX,N/A,Y,,Shipped,N/A,N,M,N,"UC Berkeley, Wilbrecht Lab",Aspen,Dark,Bioserv,20.0,Kaytee,,Han-Ning Lu,12:12:00,Y,Y,Y,22:00,,,Y,Control,False,M,discrimination,DISC,2026-09-14,17:27,18:18,ZT 19:27,ZT 20:18,18,27,BCDA,A,Anise,SE,A,Anise,True,False,False,,37.0,7,2131234,"NE,NW,SW,NW,NE,SW,SE","C,B,D,B,C,D,A",1,2,2,2,0,0,0,0,,1,18,4.0,False
Example_Animal_11,example_animal_11_four_choice.xlsx,JAX C57,2026-07-10,,Control,WT,unknown,,N/A,JAX,N/A,Y,,Shipped,N/A,N,M,N,"UC Berkeley, Wilbrecht Lab",Aspen,Dark,Bioserv,20.0,Kaytee,,Han-Ning Lu,12:12:00,Y,Y,Y,22:00,,,Y,Control,False,M,discrimination,DISC,2026-09-14,17:27,18:18,ZT 19:27,ZT 20:18,19,28,CDAB,A,Anise,SW,A,Anise,True,False,False,,7.0,3,213,"NE,NW,SW","D,C,A",1,0,1,1,0,0,0,0,,2,19,4.0,False
Example_Animal_11,example_animal_11_four_choice.xlsx,JAX C57,2026-07-10,,Control,WT,unknown,,N/A,JAX,N/A,Y,,Shipped,N/A,N,M,N,"UC Berkeley, Wilbrecht Lab",Aspen,Dark,Bioserv,20.0,Kaytee,,Han-Ning Lu,12:12:00,Y,Y,Y,22:00,,,Y,Control,False,M,discrimination,DISC,2026-09-14,17:27,18:18,ZT 19:27,ZT 20:18,20,29,DABC,A,Anise,NE,A,Anise,True,False,False,,79.0,15,431312413131312,"SE,SW,NW,SW,NW,NE,SE,NW,SW,NW,SW,NW,SW,NW,NE","C,B,D,B,D,A,C,D,B,D,B,D,B,D,A",2,5,2,6,0,0,0,0,,3,20,4.0,False
Example_Animal_11,example_animal_11_four_choice.xlsx,JAX C57,2026-07-10,,Control,WT,unknown,,N/A,JAX,N/A,Y,,Shipped,N/A,N,M,N,"UC Berkeley, Wilbrecht Lab",Aspen,Dark,Bioserv,20.0,Kaytee,,Han-Ning Lu,12:12:00,Y,Y,Y,22:00,,,Y,Control,False,M,discrimination,DISC,2026-09-14,17:27,18:18,ZT 19:27,ZT 20:18,21,30,ABCD,A,Anise,NW,A,Anise,True,False,False,,28.0,5,12321,"NW,NE,SW,NE,NW","A,B,C,B,A",2,2,1,0,0,0,0,0,,4,21,5.0,False
Example_Animal_11,example_animal_11_four_choice.xlsx,JAX C57,2026-07-10,,Control,WT,unknown,,N/A,JAX,N/A,Y,,Shipped,N/A,N,M,N,"UC Berkeley, Wilbrecht Lab",Aspen,Dark,Bioserv,20.0,Kaytee,,Han-Ning Lu,12:12:00,Y,Y,Y,22:00,,,Y,Control,False,M,discrimination,DISC,2026-09-14,17:27,18:18,ZT 19:27,ZT 20:18,22,31,BCDA,A,Anise,SE,A,Anise,True,False,False,,19.0,3,314,"SW,NW,SE","D,B,A",1,1,0,1,0,0,0,0,,5,22,6.0,False
Example_Animal_11,example_animal_11_four_choice.xlsx,JAX C57,2026-07-10,,Control,WT,unknown,,N/A,JAX,N/A,Y,,Shipped,N/A,N,M,N,"UC Berkeley, Wilbrecht Lab",Aspen,Dark,Bioserv,20.0,Kaytee,,Han-Ning Lu,12:12:00,Y,Y,Y,22:00,,,Y,Control,False,M,discrimination,DISC,2026-09-14,17:27,18:18,ZT 19:27,ZT 20:18,23,32,CDAB,A,Anise,SW,A,Anise,True,False,False,,103.0,7,4341323,"SE,SW,SE,NW,SW,NE,SW","B,A,B,C,A,D,A",3,2,1,1,0,0,0,0,"climb, groom",6,23,6.0,False
Example_Animal_11,example_animal_11_four_choice.xlsx,JAX C57,2026-07-10,,Control,WT,unknown,,N/A,JAX,N/A,Y,,Shipped,N/A,N,M,N,"UC Berkeley, Wilbrecht Lab",Aspen,Dark,Bioserv,20.0,Kaytee,,Han-Ning Lu,12:12:00,Y,Y,Y,22:00,,,Y,Control,False,M,discrimination,DISC,2026-09-14,17:27,18:18,ZT 19:27,ZT 20:18,24,33,DABC,A,Anise,NE,A,Anise,True,False,False,,14.0,3,142,"NW,SE,NE","D,C,A",1,0,1,1,0,0,0,0,,7,24,7.0,False
Example_Animal_11,example_animal_11_four_choice.xlsx,JAX C57,2026-07-10,,Control,WT,unknown,,N/A,JAX,N/A,Y,,Shipped,N/A,N,M,N,"UC Berkeley, Wilbrecht Lab",Aspen,Dark,Bioserv,20.0,Kaytee,,Han-Ning Lu,12:12:00,Y,Y,Y,22:00,,,Y,Control,False,M,discrimination,DISC,2026-09-14,17:27,18:18,ZT 19:27,ZT 20:18,25,34,ABCD,D,Vanilla,SE,A,Anise,False,True,False,D_error,12.0,5,12124,"NW,NE,NW,NE,SE","A,B,A,B,D",2,2,0,1,0,0,0,0,,0,25,7.0,False
Example_Animal_11,example_animal_11_four_choice.xlsx,JAX C57,2026-07-10,,Control,WT,unknown,,N/A,JAX,N/A,Y,,Shipped,N/A,N,M,N,"UC Berkeley, Wilbrecht Lab",Aspen,Dark,Bioserv,20.0,Kaytee,,Han-Ning Lu,12:12:00,Y,Y,Y,22:00,,,Y,Control,False,M,discrimination,DISC,2026-09-14,17:27,18:18,ZT 19:27,ZT 20:18,26,35,BCDA,A,Anise,SE,A,Anise,True,False,False,,42.0,6,313124,"SW,NW,SW,NW,NE,SE","D,B,D,B,C,A",1,2,1,2,0,0,0,0,groom,1,26,8.0,False
Example_Animal_11,example_animal_11_four_choice.xlsx,JAX C57,2026-07-10,,Control,WT,unknown,,N/A,JAX,N/A,Y,,Shipped,N/A,N,M,N,"UC Berkeley, Wilbrecht Lab",Aspen,Dark,Bioserv,20.0,Kaytee,,Han-Ning Lu,12:12:00,Y,Y,Y,22:00,,,Y,Control,False,M,recall,RECALL,2026-09-15,18:36,19:14,ZT 20:36,ZT 21:14,1,10,ABCD,A,Anise,NW,A,Anise,True,False,False,,53.0,12,432131243121,"SE,SW,NE,NW,SW,NW,NE,SE,SW,NW,NE,NW","D,C,B,A,C,A,B,D,C,A,B,A",4,3,3,2,0,0,0,0,ate under shavings,1,1,,False
Example_Animal_11,example_animal_11_four_choice.xlsx,JAX C57,2026-07-10,,Control,WT,unknown,,N/A,JAX,N/A,Y,,Shipped,N/A,N,M,N,"UC Berkeley, Wilbrecht Lab",Aspen,Dark,Bioserv,20.0,Kaytee,,Han-Ning Lu,12:12:00,Y,Y,Y,22:00,,,Y,Control,False,M,recall,RECALL,2026-09-15,18:36,19:14,ZT 20:36,ZT 21:14,2,11,BCDA,A,Anise,SE,A,Anise,True,False,False,,24.0,3,234,"NE,SW,SE","C,D,A",1,0,1,1,0,0,0,0,,2,2,,False
Example_Animal_11,example_animal_11_four_choice.xlsx,JAX C57,2026-07-10,,Control,WT,unknown,,N/A,JAX,N/A,Y,,Shipped,N/A,N,M,N,"UC Berkeley, Wilbrecht Lab",Aspen,Dark,Bioserv,20.0,Kaytee,,Han-Ning Lu,12:12:00,Y,Y,Y,22:00,,,Y,Control,False,M,recall,RECALL,2026-09-15,18:36,19:14,ZT 20:36,ZT 21:14,3,12,CDAB,D,Vanilla,NE,A,Anise,False,True,False,D_error,22.0,4,1412,"NW,SE,NW,NE","C,B,C,D",0,1,2,1,0,0,0,0,,0,3,,False
Example_Animal_11,example_animal_11_four_choice.xlsx,JAX C57,2026-07-10,,Control,WT,unknown,,N/A,JAX,N/A,Y,,Shipped,N/A,N,M,N,"UC Berkeley, Wilbrecht Lab",Aspen,Dark,Bioserv,20.0,Kaytee,,Han-Ning Lu,12:12:00,Y,Y,Y,22:00,,,Y,Control,False,M,recall,RECALL,2026-09-15,18:36,19:14,ZT 20:36,ZT 21:14,4,13,DABC,D,Vanilla,NW,A,Anise,False,True,False,D_error,8.0,2,41,"SE,NW","C,D",0,0,1,1,0,0,0,0,,0,4,,False
Example_Animal_11,example_animal_11_four_choice.xlsx,JAX C57,2026-07-10,,Control,WT,unknown,,N/A,JAX,N/A,Y,,Shipped,N/A,N,M,N,"UC Berkeley, Wilbrecht Lab",Aspen,Dark,Bioserv,20.0,Kaytee,,Han-Ning Lu,12:12:00,Y,Y,Y,22:00,,,Y,Control,False,M,recall,RECALL,2026-09-15,18:36,19:14,ZT 20:36,ZT 21:14,5,14,ABCD,A,Anise,NW,A,Anise,True,False,False,,5.0,1,1,NW,A,1,0,0,0,0,0,0,0,,1,5,,False
Example_Animal_11,example_animal_11_four_choice.xlsx,JAX C57,2026-07-10,,Control,WT,unknown,,N/A,JAX,N/A,Y,,Shipped,N/A,N,M,N,"UC Berkeley, Wilbrecht Lab",Aspen,Dark,Bioserv,20.0,Kaytee,,Han-Ning Lu,12:12:00,Y,Y,Y,22:00,,,Y,Control,False,M,recall,RECALL,2026-09-15,18:36,19:14,ZT 20:36,ZT 21:14,6,15,BCDA,A,Anise,SE,A,Anise,True,False,False,,13.0,2,14,"NW,SE","B,A",1,1,0,0,0,0,0,0,,2,6,,False
Example_Animal_11,example_animal_11_four_choice.xlsx,JAX C57,2026-07-10,,Control,WT,unknown,,N/A,JAX,N/A,Y,,Shipped,N/A,N,M,N,"UC Berkeley, Wilbrecht Lab",Aspen,Dark,Bioserv,20.0,Kaytee,,Han-Ning Lu,12:12:00,Y,Y,Y,22:00,,,Y,Control,False,M,recall,RECALL,2026-09-15,18:36,19:14,ZT 20:36,ZT 21:14,7,16,CDAB,D,Vanilla,NE,A,Anise,False,True,False,D_error,8.0,3,212,"NE,NW,NE","D,C,D",0,0,1,2,0,0,0,0,,0,7,,False
Example_Animal_11,example_animal_11_four_choice.xlsx,JAX C57,2026-07-10,,Control,WT,unknown,,N/A,JAX,N/A,Y,,Shipped,N/A,N,M,N,"UC Berkeley, Wilbrecht Lab",Aspen,Dark,Bioserv,20.0,Kaytee,,Han-Ning Lu,12:12:00,Y,Y,Y,22:00,,,Y,Control,False,M,recall,RECALL,2026-09-15,18:36,19:14,ZT 20:36,ZT 21:14,8,17,DABC,A,Anise,NE,A,Anise,True,False,False,,22.0,2,12,"NW,NE","D,A",1,0,0,1,0,0,0,0,,1,8,,False
Example_Animal_11,example_animal_11_four_choice.xlsx,JAX C57,2026-07-10,,Control,WT,unknown,,N/A,JAX,N/A,Y,,Shipped,N/A,N,M,N,"UC Berkeley, Wilbrecht Lab",Aspen,Dark,Bioserv,20.0,Kaytee,,Han-Ning Lu,12:12:00,Y,Y,Y,22:00,,,Y,Control,False,M,recall,RECALL,2026-09-15,18:36,19:14,ZT 20:36,ZT 21:14,9,18,ABCD,D,Vanilla,SE,A,Anise,False,True,False,D_error,33.0,4,2424,"NE,SE,NE,SE","B,D,B,D",0,2,0,2,0,0,0,0,,0,9,,False
Example_Animal_11,example_animal_11_four_choice.xlsx,JAX C57,2026-07-10,,Control,WT,unknown,,N/A,JAX,N/A,Y,,Shipped,N/A,N,M,N,"UC Berkeley, Wilbrecht Lab",Aspen,Dark,Bioserv,20.0,Kaytee,,Han-Ning Lu,12:12:00,Y,Y,Y,22:00,,,Y,Control,False,M,recall,RECALL,2026-09-15,18:36,19:14,ZT 20:36,ZT 21:14,10,19,BCDA,A,Anise,SE,A,Anise,True,False,False,,5.0,2,34,"SW,SE","D,A",1,0,0,1,0,0,0,0,,1,10,6.0,False
Example_Animal_11,example_animal_11_four_choice.xlsx,JAX C57,2026-07-10,,Control,WT,unknown,,N/A,JAX,N/A,Y,,Shipped,N/A,N,M,N,"UC Berkeley, Wilbrecht Lab",Aspen,Dark,Bioserv,20.0,Kaytee,,Han-Ning Lu,12:12:00,Y,Y,Y,22:00,,,Y,Control,False,M,recall,RECALL,2026-09-15,18:36,19:14,ZT 20:36,ZT 21:14,11,20,CDAB,D,Vanilla,NE,A,Anise,False,True,False,D_error,14.0,3,412,"SE,NW,NE","B,C,D",0,1,1,1,0,0,0,0,,0,11,5.0,False
Example_Animal_11,example_animal_11_four_choice.xlsx,JAX C57,2026-07-10,,Control,WT,unknown,,N/A,JAX,N/A,Y,,Shipped,N/A,N,M,N,"UC Berkeley, Wilbrecht Lab",Aspen,Dark,Bioserv,20.0,Kaytee,,Han-Ning Lu,12:12:00,Y,Y,Y,22:00,,,Y,Control,False,M,recall,RECALL,2026-09-15,18:36,19:14,ZT 20:36,ZT 21:14,12,21,DABC,D,Vanilla,NW,A,Anise,False,True,False,D_error,6.0,1,1,NW,D,0,0,0,1,0,0,0,0,,0,12,4.0,False
Example_Animal_11,example_animal_11_four_choice.xlsx,JAX C57,2026-07-10,,Control,WT,unknown,,N/A,JAX,N/A,Y,,Shipped,N/A,N,M,N,"UC Berkeley, Wilbrecht Lab",Aspen,Dark,Bioserv,20.0,Kaytee,,Han-Ning Lu,12:12:00,Y,Y,Y,22:00,,,Y,Control,False,M,recall,RECALL,2026-09-15,18:36,19:14,ZT 20:36,ZT 21:14,13,22,ABCD,A,Anise,NW,A,Anise,True,False,False,,38.0,5,21242,"NE,NW,NE,SE,NE","B,A,B,D,B",1,3,0,1,0,0,0,0,,1,13,5.0,False
Example_Animal_11,example_animal_11_four_choice.xlsx,JAX C57,2026-07-10,,Control,WT,unknown,,N/A,JAX,N/A,Y,,Shipped,N/A,N,M,N,"UC Berkeley, Wilbrecht Lab",Aspen,Dark,Bioserv,20.0,Kaytee,,Han-Ning Lu,12:12:00,Y,Y,Y,22:00,,,Y,Control,False,M,recall,RECALL,2026-09-15,18:36,19:14,ZT 20:36,ZT 21:14,14,23,BCDA,D,Vanilla,SW,A,Anise,False,True,False,D_error,12.0,2,23,"NE,SW","C,D",0,0,1,1,0,0,0,0,,0,14,5.0,False
Example_Animal_11,example_animal_11_four_choice.xlsx,JAX C57,2026-07-10,,Control,WT,unknown,,N/A,JAX,N/A,Y,,Shipped,N/A,N,M,N,"UC Berkeley, Wilbrecht Lab",Aspen,Dark,Bioserv,20.0,Kaytee,,Han-Ning Lu,12:12:00,Y,Y,Y,22:00,,,Y,Control,False,M,recall,RECALL,2026-09-15,18:36,19:14,ZT 20:36,ZT 21:14,15,24,CDAB,A,Anise,SW,A,Anise,True,False,False,,2.0,1,3,SW,A,1,0,0,0,0,0,0,0,,1,15,5.0,False
Example_Animal_11,example_animal_11_four_choice.xlsx,JAX C57,2026-07-10,,Control,WT,unknown,,N/A,JAX,N/A,Y,,Shipped,N/A,N,M,N,"UC Berkeley, Wilbrecht Lab",Aspen,Dark,Bioserv,20.0,Kaytee,,Han-Ning Lu,12:12:00,Y,Y,Y,22:00,,,Y,Control,False,M,recall,RECALL,2026-09-15,18:36,19:14,ZT 20:36,ZT 21:14,16,25,DABC,A,Anise,NE,A,Anise,True,False,False,,27.0,4,1432,"NW,SE,SW,NE","D,C,B,A",1,1,1,1,0,0,0,0,,2,16,5.0,False
Example_Animal_11,example_animal_11_four_choice.xlsx,JAX C57,2026-07-10,,Control,WT,unknown,,N/A,JAX,N/A,Y,,Shipped,N/A,N,M,N,"UC Berkeley, Wilbrecht Lab",Aspen,Dark,Bioserv,20.0,Kaytee,,Han-Ning Lu,12:12:00,Y,Y,Y,22:00,,,Y,Control,False,M,recall,RECALL,2026-09-15,18:36,19:14,ZT 20:36,ZT 21:14,17,26,ABCD,A,Anise,NW,A,Anise,True,False,False,,4.0,2,41,"SE,NW","D,A",1,0,0,1,0,0,0,0,,3,17,6.0,False
Example_Animal_11,example_animal_11_four_choice.xlsx,JAX C57,2026-07-10,,Control,WT,unknown,,N/A,JAX,N/A,Y,,Shipped,N/A,N,M,N,"UC Berkeley, Wilbrecht Lab",Aspen,Dark,Bioserv,20.0,Kaytee,,Han-Ning Lu,12:12:00,Y,Y,Y,22:00,,,Y,Control,False,M,recall,RECALL,2026-09-15,18:36,19:14,ZT 20:36,ZT 21:14,18,27,BCDA,B,Cinnamon,NW,A,Anise,False,True,False,B_error,11.0,3,321,"SW,NE,NW","D,C,B",0,1,1,1,0,0,0,0,,0,18,5.0,False
Example_Animal_11,example_animal_11_four_choice.xlsx,JAX C57,2026-07-10,,Control,WT,unknown,,N/A,JAX,N/A,Y,,Shipped,N/A,N,M,N,"UC Berkeley, Wilbrecht Lab",Aspen,Dark,Bioserv,20.0,Kaytee,,Han-Ning Lu,12:12:00,Y,Y,Y,22:00,,,Y,Control,False,M,recall,RECALL,2026-09-15,18:36,19:14,ZT 20:36,ZT 21:14,19,28,CDAB,A,Anise,SW,A,Anise,True,False,False,,6.0,1,3,SW,A,1,0,0,0,0,0,0,0,,1,19,6.0,False
Example_Animal_11,example_animal_11_four_choice.xlsx,JAX C57,2026-07-10,,Control,WT,unknown,,N/A,JAX,N/A,Y,,Shipped,N/A,N,M,N,"UC Berkeley, Wilbrecht Lab",Aspen,Dark,Bioserv,20.0,Kaytee,,Han-Ning Lu,12:12:00,Y,Y,Y,22:00,,,Y,Control,False,M,recall,RECALL,2026-09-15,18:36,19:14,ZT 20:36,ZT 21:14,20,29,DABC,A,Anise,NE,A,Anise,True,False,False,,2.0,1,2,NE,A,1,0,0,0,0,0,0,0,,2,20,6.0,False
Example_Animal_11,example_animal_11_four_choice.xlsx,JAX C57,2026-07-10,,Control,WT,unknown,,N/A,JAX,N/A,Y,,Shipped,N/A,N,M,N,"UC Berkeley, Wilbrecht Lab",Aspen,Dark,Bioserv,20.0,Kaytee,,Han-Ning Lu,12:12:00,Y,Y,Y,22:00,,,Y,Control,False,M,recall,RECALL,2026-09-15,18:36,19:14,ZT 20:36,ZT 21:14,21,30,ABCD,A,Anise,NW,A,Anise,True,False,False,,17.0,3,321,"SW,NE,NW","C,B,A",1,1,1,0,0,0,0,0,,3,21,7.0,False
Example_Animal_11,example_animal_11_four_choice.xlsx,JAX C57,2026-07-10,,Control,WT,unknown,,N/A,JAX,N/A,Y,,Shipped,N/A,N,M,N,"UC Berkeley, Wilbrecht Lab",Aspen,Dark,Bioserv,20.0,Kaytee,,Han-Ning Lu,12:12:00,Y,Y,Y,22:00,,,Y,Control,False,M,recall,RECALL,2026-09-15,18:36,19:14,ZT 20:36,ZT 21:14,22,31,BCDA,D,Vanilla,SW,A,Anise,False,True,False,D_error,13.0,2,23,"NE,SW","C,D",0,0,1,1,0,0,0,0,,0,22,7.0,False
Example_Animal_11,example_animal_11_four_choice.xlsx,JAX C57,2026-07-10,,Control,WT,unknown,,N/A,JAX,N/A,Y,,Shipped,N/A,N,M,N,"UC Berkeley, Wilbrecht Lab",Aspen,Dark,Bioserv,20.0,Kaytee,,Han-Ning Lu,12:12:00,Y,Y,Y,22:00,,,Y,Control,False,M,recall,RECALL,2026-09-15,18:36,19:14,ZT 20:36,ZT 21:14,23,32,CDAB,D,Vanilla,NE,A,Anise,False,True,False,D_error,4.0,1,2,NE,D,0,0,0,1,0,0,0,0,,0,23,6.0,False
Example_Animal_11,example_animal_11_four_choice.xlsx,JAX C57,2026-07-10,,Control,WT,unknown,,N/A,JAX,N/A,Y,,Shipped,N/A,N,M,N,"UC Berkeley, Wilbrecht Lab",Aspen,Dark,Bioserv,20.0,Kaytee,,Han-Ning Lu,12:12:00,Y,Y,Y,22:00,,,Y,Control,False,M,recall,RECALL,2026-09-15,18:36,19:14,ZT 20:36,ZT 21:14,24,33,DABC,A,Anise,NE,A,Anise,True,False,False,,21.0,3,342,"SW,SE,NE","B,C,A",1,1,1,0,0,0,0,0,,1,24,7.0,False
Example_Animal_11,example_animal_11_four_choice.xlsx,JAX C57,2026-07-10,,Control,WT,unknown,,N/A,JAX,N/A,Y,,Shipped,N/A,N,M,N,"UC Berkeley, Wilbrecht Lab",Aspen,Dark,Bioserv,20.0,Kaytee,,Han-Ning Lu,12:12:00,Y,Y,Y,22:00,,,Y,Control,False,M,recall,RECALL,2026-09-15,18:36,19:14,ZT 20:36,ZT 21:14,25,34,ABCD,A,Anise,NW,A,Anise,True,False,False,,2.0,1,1,NW,A,1,0,0,0,0,0,0,0,,2,25,7.0,False
Example_Animal_11,example_animal_11_four_choice.xlsx,JAX C57,2026-07-10,,Control,WT,unknown,,N/A,JAX,N/A,Y,,Shipped,N/A,N,M,N,"UC Berkeley, Wilbrecht Lab",Aspen,Dark,Bioserv,20.0,Kaytee,,Han-Ning Lu,12:12:00,Y,Y,Y,22:00,,,Y,Control,False,M,recall,RECALL,2026-09-15,18:36,19:14,ZT 20:36,ZT 21:14,26,35,BCDA,A,Anise,SE,A,Anise,True,False,False,,12.0,3,124,"NW,NE,SE","B,C,A",1,1,1,0,0,0,0,0,,3,26,7.0,False
Example_Animal_11,example_animal_11_four_choice.xlsx,JAX C57,2026-07-10,,Control,WT,unknown,,N/A,JAX,N/A,Y,,Shipped,N/A,N,M,N,"UC Berkeley, Wilbrecht Lab",Aspen,Dark,Bioserv,20.0,Kaytee,,Han-Ning Lu,12:12:00,Y,Y,Y,22:00,,,Y,Control,False,M,recall,RECALL,2026-09-15,18:36,19:14,ZT 20:36,ZT 21:14,27,36,CDAB,A,Anise,SW,A,Anise,True,False,False,,3.0,1,3,SW,A,1,0,0,0,0,0,0,0,,4,27,7.0,False
Example_Animal_11,example_animal_11_four_choice.xlsx,JAX C57,2026-07-10,,Control,WT,unknown,,N/A,JAX,N/A,Y,,Shipped,N/A,N,M,N,"UC Berkeley, Wilbrecht Lab",Aspen,Dark,Bioserv,20.0,Kaytee,,Han-Ning Lu,12:12:00,Y,Y,Y,22:00,,,Y,Control,False,M,recall,RECALL,2026-09-15,18:36,19:14,ZT 20:36,ZT 21:14,28,37,DABC,A,Anise,NE,A,Anise,True,False,False,,43.0,7,1243242,"NW,NE,SE,SW,NE,SE,NE","D,A,C,B,A,C,A",3,1,2,1,0,0,0,0,,5,28,8.0,False
Example_Animal_11,example_animal_11_four_choice.xlsx,JAX C57,2026-07-10,,Control,WT,unknown,,N/A,JAX,N/A,Y,,Shipped,N/A,N,M,N,"UC Berkeley, Wilbrecht Lab",Aspen,Dark,Bioserv,20.0,Kaytee,,Han-Ning Lu,12:12:00,Y,Y,Y,22:00,,,Y,Control,False,M,reversal,REV,2026-09-15,19:19,20:26,ZT 21:19,ZT 22:26,1,10,ABCD,D,Mint,SE,B,Cinnamon,False,True,False,Novel,16.0,2,24,"NE,SE","B,D",0,1,0,1,0,0,0,0,tucked nose very deep,0,1,,False
Example_Animal_11,example_animal_11_four_choice.xlsx,JAX C57,2026-07-10,,Control,WT,unknown,,N/A,JAX,N/A,Y,,Shipped,N/A,N,M,N,"UC Berkeley, Wilbrecht Lab",Aspen,Dark,Bioserv,20.0,Kaytee,,Han-Ning Lu,12:12:00,Y,Y,Y,22:00,,,Y,Control,False,M,reversal,REV,2026-09-15,19:19,20:26,ZT 21:19,ZT 22:26,2,11,BCDA,A,Anise,SE,B,Cinnamon,False,True,False,Perseverative,16.0,4,3124,"SW,NW,NE,SE","D,B,C,A",1,1,1,1,0,0,0,0,,0,2,,False
Example_Animal_11,example_animal_11_four_choice.xlsx,JAX C57,2026-07-10,,Control,WT,unknown,,N/A,JAX,N/A,Y,,Shipped,N/A,N,M,N,"UC Berkeley, Wilbrecht Lab",Aspen,Dark,Bioserv,20.0,Kaytee,,Han-Ning Lu,12:12:00,Y,Y,Y,22:00,,,Y,Control,False,M,reversal,REV,2026-09-15,19:19,20:26,ZT 21:19,ZT 22:26,3,12,CDAB,A,Anise,SW,B,Cinnamon,False,True,False,Perseverative,30.0,6,121243,"NW,NE,NW,NE,SE,SW","C,D,C,D,B,A",1,1,2,2,0,0,0,0,,0,3,,False
Example_Animal_11,example_animal_11_four_choice.xlsx,JAX C57,2026-07-10,,Control,WT,unknown,,N/A,JAX,N/A,Y,,Shipped,N/A,N,M,N,"UC Berkeley, Wilbrecht Lab",Aspen,Dark,Bioserv,20.0,Kaytee,,Han-Ning Lu,12:12:00,Y,Y,Y,22:00,,,Y,Control,False,M,reversal,REV,2026-09-15,19:19,20:26,ZT 21:19,ZT 22:26,4,13,DABC,A,Anise,NE,B,Cinnamon,False,True,False,Perseverative,39.0,3,412,"SE,NW,NE","C,D,A",1,0,1,1,0,0,0,0,groom,0,4,,False
Example_Animal_11,example_animal_11_four_choice.xlsx,JAX C57,2026-07-10,,Control,WT,unknown,,N/A,JAX,N/A,Y,,Shipped,N/A,N,M,N,"UC Berkeley, Wilbrecht Lab",Aspen,Dark,Bioserv,20.0,Kaytee,,Han-Ning Lu,12:12:00,Y,Y,Y,22:00,,,Y,Control,False,M,reversal,REV,2026-09-15,19:19,20:26,ZT 21:19,ZT 22:26,5,14,ABCD,A,Anise,NW,B,Cinnamon,False,True,False,Perseverative,5.0,1,1,NW,A,1,0,0,0,0,0,0,0,,0,5,,False
Example_Animal_11,example_animal_11_four_choice.xlsx,JAX C57,2026-07-10,,Control,WT,unknown,,N/A,JAX,N/A,Y,,Shipped,N/A,N,M,N,"UC Berkeley, Wilbrecht Lab",Aspen,Dark,Bioserv,20.0,Kaytee,,Han-Ning Lu,12:12:00,Y,Y,Y,22:00,,,Y,Control,False,M,reversal,REV,2026-09-15,19:19,20:26,ZT 21:19,ZT 22:26,6,15,BCDA,A,Anise,SE,B,Cinnamon,False,True,False,Perseverative,32.0,7,3243124,"SW,NE,SE,SW,NW,NE,SE","D,C,A,D,B,C,A",2,1,2,2,0,0,0,0,,0,6,,False
Example_Animal_11,example_animal_11_four_choice.xlsx,JAX C57,2026-07-10,,Control,WT,unknown,,N/A,JAX,N/A,Y,,Shipped,N/A,N,M,N,"UC Berkeley, Wilbrecht Lab",Aspen,Dark,Bioserv,20.0,Kaytee,,Han-Ning Lu,12:12:00,Y,Y,Y,22:00,,,Y,Control,False,M,reversal,REV,2026-09-15,19:19,20:26,ZT 21:19,ZT 22:26,7,16,CDAB,A,Anise,SW,B,Cinnamon,False,True,False,Perseverative,43.0,9,312142143,"SW,NW,NE,NW,SE,NE,NW,SE,SW","A,C,D,C,B,D,C,B,A",2,2,3,2,0,0,0,0,climb,0,7,,False
Example_Animal_11,example_animal_11_four_choice.xlsx,JAX C57,2026-07-10,,Control,WT,unknown,,N/A,JAX,N/A,Y,,Shipped,N/A,N,M,N,"UC Berkeley, Wilbrecht Lab",Aspen,Dark,Bioserv,20.0,Kaytee,,Han-Ning Lu,12:12:00,Y,Y,Y,22:00,,,Y,Control,False,M,reversal,REV,2026-09-15,19:19,20:26,ZT 21:19,ZT 22:26,8,17,DABC,A,Anise,NE,B,Cinnamon,False,True,False,Perseverative,7.0,2,12,"NW,NE","D,A",1,0,0,1,0,0,0,0,,0,8,,False
Example_Animal_11,example_animal_11_four_choice.xlsx,JAX C57,2026-07-10,,Control,WT,unknown,,N/A,JAX,N/A,Y,,Shipped,N/A,N,M,N,"UC Berkeley, Wilbrecht Lab",Aspen,Dark,Bioserv,20.0,Kaytee,,Han-Ning Lu,12:12:00,Y,Y,Y,22:00,,,Y,Control,False,M,reversal,REV,2026-09-15,19:19,20:26,ZT 21:19,ZT 22:26,9,18,ABCD,A,Anise,NW,B,Cinnamon,False,True,False,Perseverative,24.0,4,4341,"SE,SW,SE,NW","D,C,D,A",1,0,1,2,0,0,0,0,,0,9,,False
Example_Animal_11,example_animal_11_four_choice.xlsx,JAX C57,2026-07-10,,Control,WT,unknown,,N/A,JAX,N/A,Y,,Shipped,N/A,N,M,N,"UC Berkeley, Wilbrecht Lab",Aspen,Dark,Bioserv,20.0,Kaytee,,Han-Ning Lu,12:12:00,Y,Y,Y,22:00,,,Y,Control,False,M,reversal,REV,2026-09-15,19:19,20:26,ZT 21:19,ZT 22:26,10,19,BCDA,A,Anise,SE,B,Cinnamon,False,True,False,Perseverative,92.0,13,2431421424124,"NE,SE,SW,NW,SE,NE,NW,SE,NE,SE,NW,NE,SE","C,A,D,B,A,C,B,A,C,A,B,C,A",5,3,4,1,0,0,0,0,climb x3,0,10,0.0,False
Example_Animal_11,example_animal_11_four_choice.xlsx,JAX C57,2026-07-10,,Control,WT,unknown,,N/A,JAX,N/A,Y,,Shipped,N/A,N,M,N,"UC Berkeley, Wilbrecht Lab",Aspen,Dark,Bioserv,20.0,Kaytee,,Han-Ning Lu,12:12:00,Y,Y,Y,22:00,,,Y,Control,False,M,reversal,REV,2026-09-15,19:19,20:26,ZT 21:19,ZT 22:26,11,20,CDAB,A,Anise,SW,B,Cinnamon,False,True,False,Perseverative,31.0,8,41321243,"SE,NW,SW,NE,NW,NE,SE,SW","B,C,A,D,C,D,B,A",2,2,2,2,0,0,0,0,,0,11,0.0,False
Example_Animal_11,example_animal_11_four_choice.xlsx,JAX C57,2026-07-10,,Control,WT,unknown,,N/A,JAX,N/A,Y,,Shipped,N/A,N,M,N,"UC Berkeley, Wilbrecht Lab",Aspen,Dark,Bioserv,20.0,Kaytee,,Han-Ning Lu,12:12:00,Y,Y,Y,22:00,,,Y,Control,False,M,reversal,REV,2026-09-15,19:19,20:26,ZT 21:19,ZT 22:26,12,21,DABC,A,Anise,NE,B,Cinnamon,False,True,False,Perseverative,123.0,15,321241342131312,"SW,NE,NW,NE,SE,NW,SW,SE,NE,NW,SW,NW,SW,NW,NE","B,A,D,A,C,D,B,C,A,D,B,D,B,D,A",4,4,2,5,0,0,0,0,"groom, climb",0,12,0.0,False
Example_Animal_11,example_animal_11_four_choice.xlsx,JAX C57,2026-07-10,,Control,WT,unknown,,N/A,JAX,N/A,Y,,Shipped,N/A,N,M,N,"UC Berkeley, Wilbrecht Lab",Aspen,Dark,Bioserv,20.0,Kaytee,,Han-Ning Lu,12:12:00,Y,Y,Y,22:00,,,Y,Control,False,M,reversal,REV,2026-09-15,19:19,20:26,ZT 21:19,ZT 22:26,13,22,ABCD,A,Anise,NW,B,Cinnamon,False,True,False,Perseverative,3.0,1,1,NW,A,1,0,0,0,0,0,0,0,jumpy before,0,13,0.0,False
Example_Animal_11,example_animal_11_four_choice.xlsx,JAX C57,2026-07-10,,Control,WT,unknown,,N/A,JAX,N/A,Y,,Shipped,N/A,N,M,N,"UC Berkeley, Wilbrecht Lab",Aspen,Dark,Bioserv,20.0,Kaytee,,Han-Ning Lu,12:12:00,Y,Y,Y,22:00,,,Y,Control,False,M,reversal,REV,2026-09-15,19:19,20:26,ZT 21:19,ZT 22:26,14,23,BCDA,A,Anise,SE,B,Cinnamon,False,True,False,Perseverative,102.0,15,413213123123414,"SE,NW,SW,NE,NW,SW,NW,NE,SW,NW,NE,SW,SE,NW,SE","A,B,D,C,B,D,B,C,D,B,C,D,A,B,A",3,5,3,4,0,0,0,0,climb x3,0,14,0.0,False
Example_Animal_11,example_animal_11_four_choice.xlsx,JAX C57,2026-07-10,,Control,WT,unknown,,N/A,JAX,N/A,Y,,Shipped,N/A,N,M,N,"UC Berkeley, Wilbrecht Lab",Aspen,Dark,Bioserv,20.0,Kaytee,,Han-Ning Lu,12:12:00,Y,Y,Y,22:00,,,Y,Control,False,M,reversal,REV,2026-09-15,19:19,20:26,ZT 21:19,ZT 22:26,15,24,CDAB,A,Anise,SW,B,Cinnamon,False,True,False,Perseverative,49.0,12,121312121423,"NW,NE,NW,SW,NW,NE,NW,NE,NW,SE,NE,SW","C,D,C,A,C,D,C,D,C,B,D,A",2,1,5,4,0,0,0,0,,0,15,0.0,False
Example_Animal_11,example_animal_11_four_choice.xlsx,JAX C57,2026-07-10,,Control,WT,unknown,,N/A,JAX,N/A,Y,,Shipped,N/A,N,M,N,"UC Berkeley, Wilbrecht Lab",Aspen,Dark,Bioserv,20.0,Kaytee,,Han-Ning Lu,12:12:00,Y,Y,Y,22:00,,,Y,Control,False,M,reversal,REV,2026-09-15,19:19,20:26,ZT 21:19,ZT 22:26,16,25,DABC,A,Anise,NE,B,Cinnamon,False,True,False,Perseverative,18.0,8,32121242,"SW,NE,NW,NE,NW,NE,SE,NE","B,A,D,A,D,A,C,A",4,1,1,2,0,0,0,0,,0,16,0.0,False
Example_Animal_11,example_animal_11_four_choice.xlsx,JAX C57,2026-07-10,,Control,WT,unknown,,N/A,JAX,N/A,Y,,Shipped,N/A,N,M,N,"UC Berkeley, Wilbrecht Lab",Aspen,Dark,Bioserv,20.0,Kaytee,,Han-Ning Lu,12:12:00,Y,Y,Y,22:00,,,Y,Control,False,M,reversal,REV,2026-09-15,19:19,20:26,ZT 21:19,ZT 22:26,17,26,ABCD,Omit,Omit,,B,Cinnamon,False,False,True,,180.0,13,3431241323214,"SW,SE,SW,NW,NE,SE,NW,SW,NE,SW,NE,NW,SE","C,D,C,A,B,D,A,C,B,C,B,A,D",3,3,4,3,0,0,0,0,"climb, groom",0,16,0.0,False
Example_Animal_11,example_animal_11_four_choice.xlsx,JAX C57,2026-07-10,,Control,WT,unknown,,N/A,JAX,N/A,Y,,Shipped,N/A,N,M,N,"UC Berkeley, Wilbrecht Lab",Aspen,Dark,Bioserv,20.0,Kaytee,,Han-Ning Lu,12:12:00,Y,Y,Y,22:00,,,Y,Control,False,M,reversal,REV,2026-09-15,19:19,20:26,ZT 21:19,ZT 22:26,18,27,BCDA,B,Cinnamon,NW,B,Cinnamon,True,False,False,,53.0,9,132421321,"NW,SW,NE,SE,NE,NW,SW,NE,NW","B,D,C,A,C,B,D,C,B",1,3,3,2,0,0,0,0,,1,17,1.0,True
Example_Animal_11,example_animal_11_four_choice.xlsx,JAX C57,2026-07-10,,Control,WT,unknown,,N/A,JAX,N/A,Y,,Shipped,N/A,N,M,N,"UC Berkeley, Wilbrecht Lab",Aspen,Dark,Bioserv,20.0,Kaytee,,Han-Ning Lu,12:12:00,Y,Y,Y,22:00,,,Y,Control,False,M,reversal,REV,2026-09-15,19:19,20:26,ZT 21:19,ZT 22:26,19,28,CDAB,A,Anise,SW,B,Cinnamon,False,True,False,Regressive,5.0,2,43,"SE,SW","B,A",1,1,0,0,0,0,0,0,,0,18,1.0,True
Example_Animal_11,example_animal_11_four_choice.xlsx,JAX C57,2026-07-10,,Control,WT,unknown,,N/A,JAX,N/A,Y,,Shipped,N/A,N,M,N,"UC Berkeley, Wilbrecht Lab",Aspen,Dark,Bioserv,20.0,Kaytee,,Han-Ning Lu,12:12:00,Y,Y,Y,22:00,,,Y,Control,False,M,reversal,REV,2026-09-15,19:19,20:26,ZT 21:19,ZT 22:26,20,29,DABC,A,Anise,NE,B,Cinnamon,False,True,False,Regressive,33.0,3,142,"NW,SE,NE","D,C,A",1,0,1,1,0,0,0,0,,0,19,1.0,True
Example_Animal_11,example_animal_11_four_choice.xlsx,JAX C57,2026-07-10,,Control,WT,unknown,,N/A,JAX,N/A,Y,,Shipped,N/A,N,M,N,"UC Berkeley, Wilbrecht Lab",Aspen,Dark,Bioserv,20.0,Kaytee,,Han-Ning Lu,12:12:00,Y,Y,Y,22:00,,,Y,Control,False,M,reversal,REV,2026-09-15,19:19,20:26,ZT 21:19,ZT 22:26,21,30,ABCD,A,Anise,NW,B,Cinnamon,False,True,False,Regressive,12.0,2,32,"SW,NE","C,B",0,1,1,0,0,0,0,0,,0,20,1.0,True
Example_Animal_11,example_animal_11_four_choice.xlsx,JAX C57,2026-07-10,,Control,WT,unknown,,N/A,JAX,N/A,Y,,Shipped,N/A,N,M,N,"UC Berkeley, Wilbrecht Lab",Aspen,Dark,Bioserv,20.0,Kaytee,,Han-Ning Lu,12:12:00,Y,Y,Y,22:00,,,Y,Control,False,M,reversal,REV,2026-09-15,19:19,20:26,ZT 21:19,ZT 22:26,22,31,BCDA,B,Cinnamon,NW,B,Cinnamon,True,False,False,,17.0,5,42121,"SE,NE,NW,NE,NW","A,C,B,C,B",1,2,2,0,0,0,0,0,"see video, might have dug in 3 (time 19:52)",1,21,2.0,True
Example_Animal_11,example_animal_11_four_choice.xlsx,JAX C57,2026-07-10,,Control,WT,unknown,,N/A,JAX,N/A,Y,,Shipped,N/A,N,M,N,"UC Berkeley, Wilbrecht Lab",Aspen,Dark,Bioserv,20.0,Kaytee,,Han-Ning Lu,12:12:00,Y,Y,Y,22:00,,,Y,Control,False,M,reversal,REV,2026-09-15,19:19,20:26,ZT 21:19,ZT 22:26,23,32,CDAB,C,Lemon,NW,B,Cinnamon,False,True,False,Irrelevant,11.0,2,41,"SE,NW","B,C",0,1,1,0,0,0,0,0,,0,22,2.0,True
Example_Animal_11,example_animal_11_four_choice.xlsx,JAX C57,2026-07-10,,Control,WT,unknown,,N/A,JAX,N/A,Y,,Shipped,N/A,N,M,N,"UC Berkeley, Wilbrecht Lab",Aspen,Dark,Bioserv,20.0,Kaytee,,Han-Ning Lu,12:12:00,Y,Y,Y,22:00,,,Y,Control,False,M,reversal,REV,2026-09-15,19:19,20:26,ZT 21:19,ZT 22:26,24,33,DABC,B,Cinnamon,SW,B,Cinnamon,True,False,False,,4.0,2,43,"SE,SW","C,B",0,1,1,0,0,0,0,0,,1,23,3.0,True
Example_Animal_11,example_animal_11_four_choice.xlsx,JAX C57,2026-07-10,,Control,WT,unknown,,N/A,JAX,N/A,Y,,Shipped,N/A,N,M,N,"UC Berkeley, Wilbrecht Lab",Aspen,Dark,Bioserv,20.0,Kaytee,,Han-Ning Lu,12:12:00,Y,Y,Y,22:00,,,Y,Control,False,M,reversal,REV,2026-09-15,19:19,20:26,ZT 21:19,ZT 22:26,25,34,ABCD,C,Lemon,SW,B,Cinnamon,False,True,False,Irrelevant,2.0,1,3,SW,C,0,0,1,0,0,0,0,0,,0,24,3.0,True
Example_Animal_11,example_animal_11_four_choice.xlsx,JAX C57,2026-07-10,,Control,WT,unknown,,N/A,JAX,N/A,Y,,Shipped,N/A,N,M,N,"UC Berkeley, Wilbrecht Lab",Aspen,Dark,Bioserv,20.0,Kaytee,,Han-Ning Lu,12:12:00,Y,Y,Y,22:00,,,Y,Control,False,M,reversal,REV,2026-09-15,19:19,20:26,ZT 21:19,ZT 22:26,26,35,BCDA,C,Lemon,NE,B,Cinnamon,False,True,False,Irrelevant,8.0,1,2,NE,C,0,0,1,0,0,0,0,0,,0,25,3.0,True
Example_Animal_11,example_animal_11_four_choice.xlsx,JAX C57,2026-07-10,,Control,WT,unknown,,N/A,JAX,N/A,Y,,Shipped,N/A,N,M,N,"UC Berkeley, Wilbrecht Lab",Aspen,Dark,Bioserv,20.0,Kaytee,,Han-Ning Lu,12:12:00,Y,Y,Y,22:00,,,Y,Control,False,M,reversal,REV,2026-09-15,19:19,20:26,ZT 21:19,ZT 22:26,27,36,CDAB,A,Anise,SW,B,Cinnamon,False,True,False,Regressive,1.0,1,3,SW,A,1,0,0,0,0,0,0,0,,0,26,3.0,True
Example_Animal_11,example_animal_11_four_choice.xlsx,JAX C57,2026-07-10,,Control,WT,unknown,,N/A,JAX,N/A,Y,,Shipped,N/A,N,M,N,"UC Berkeley, Wilbrecht Lab",Aspen,Dark,Bioserv,20.0,Kaytee,,Han-Ning Lu,12:12:00,Y,Y,Y,22:00,,,Y,Control,False,M,reversal,REV,2026-09-15,19:19,20:26,ZT 21:19,ZT 22:26,28,37,DABC,B,Cinnamon,SW,B,Cinnamon,True,False,False,,1.0,1,3,SW,B,0,1,0,0,0,0,0,0,,1,27,3.0,True
Example_Animal_11,example_animal_11_four_choice.xlsx,JAX C57,2026-07-10,,Control,WT,unknown,,N/A,JAX,N/A,Y,,Shipped,N/A,N,M,N,"UC Berkeley, Wilbrecht Lab",Aspen,Dark,Bioserv,20.0,Kaytee,,Han-Ning Lu,12:12:00,Y,Y,Y,22:00,,,Y,Control,False,M,reversal,REV,2026-09-15,19:19,20:26,ZT 21:19,ZT 22:26,29,38,ABCD,A,Anise,NW,B,Cinnamon,False,True,False,Regressive,2.0,1,1,NW,A,1,0,0,0,0,0,0,0,,0,28,3.0,True
Example_Animal_11,example_animal_11_four_choice.xlsx,JAX C57,2026-07-10,,Control,WT,unknown,,N/A,JAX,N/A,Y,,Shipped,N/A,N,M,N,"UC Berkeley, Wilbrecht Lab",Aspen,Dark,Bioserv,20.0,Kaytee,,Han-Ning Lu,12:12:00,Y,Y,Y,22:00,,,Y,Control,False,M,reversal,REV,2026-09-15,19:19,20:26,ZT 21:19,ZT 22:26,30,39,BCDA,A,Anise,SE,B,Cinnamon,False,True,False,Regressive,7.0,2,34,"SW,SE","D,A",1,0,0,1,0,0,0,0,,0,29,3.0,True
Example_Animal_11,example_animal_11_four_choice.xlsx,JAX C57,2026-07-10,,Control,WT,unknown,,N/A,JAX,N/A,Y,,Shipped,N/A,N,M,N,"UC Berkeley, Wilbrecht Lab",Aspen,Dark,Bioserv,20.0,Kaytee,,Han-Ning Lu,12:12:00,Y,Y,Y,22:00,,,Y,Control,False,M,reversal,REV,2026-09-15,19:19,20:26,ZT 21:19,ZT 22:26,31,40,CDAB,B,Cinnamon,SE,B,Cinnamon,True,False,False,,17.0,1,4,SE,B,0,1,0,0,0,0,0,0,,1,30,4.0,True
Example_Animal_11,example_animal_11_four_choice.xlsx,JAX C57,2026-07-10,,Control,WT,unknown,,N/A,JAX,N/A,Y,,Shipped,N/A,N,M,N,"UC Berkeley, Wilbrecht Lab",Aspen,Dark,Bioserv,20.0,Kaytee,,Han-Ning Lu,12:12:00,Y,Y,Y,22:00,,,Y,Control,False,M,reversal,REV,2026-09-15,19:19,20:26,ZT 21:19,ZT 22:26,32,41,DABC,B,Cinnamon,SW,B,Cinnamon,True,False,False,,3.0,1,3,SW,B,0,1,0,0,0,0,0,0,,2,31,4.0,True
Example_Animal_11,example_animal_11_four_choice.xlsx,JAX C57,2026-07-10,,Control,WT,unknown,,N/A,JAX,N/A,Y,,Shipped,N/A,N,M,N,"UC Berkeley, Wilbrecht Lab",Aspen,Dark,Bioserv,20.0,Kaytee,,Han-Ning Lu,12:12:00,Y,Y,Y,22:00,,,Y,Control,False,M,reversal,REV,2026-09-15,19:19,20:26,ZT 21:19,ZT 22:26,33,42,ABCD,C,Lemon,SW,B,Cinnamon,False,True,False,Irrelevant,3.0,1,3,SW,C,0,0,1,0,0,0,0,0,,0,32,4.0,True
Example_Animal_11,example_animal_11_four_choice.xlsx,JAX C57,2026-07-10,,Control,WT,unknown,,N/A,JAX,N/A,Y,,Shipped,N/A,N,M,N,"UC Berkeley, Wilbrecht Lab",Aspen,Dark,Bioserv,20.0,Kaytee,,Han-Ning Lu,12:12:00,Y,Y,Y,22:00,,,Y,Control,False,M,reversal,REV,2026-09-15,19:19,20:26,ZT 21:19,ZT 22:26,34,43,BCDA,B,Cinnamon,NW,B,Cinnamon,True,False,False,,48.0,3,421,"SE,NE,NW","A,C,B",1,1,1,0,0,0,0,0,groom,1,33,4.0,True
Example_Animal_11,example_animal_11_four_choice.xlsx,JAX C57,2026-07-10,,Control,WT,unknown,,N/A,JAX,N/A,Y,,Shipped,N/A,N,M,N,"UC Berkeley, Wilbrecht Lab",Aspen,Dark,Bioserv,20.0,Kaytee,,Han-Ning Lu,12:12:00,Y,Y,Y,22:00,,,Y,Control,False,M,reversal,REV,2026-09-15,19:19,20:26,ZT 21:19,ZT 22:26,35,44,CDAB,B,Cinnamon,SE,B,Cinnamon,True,False,False,,3.0,1,4,SE,B,0,1,0,0,0,0,0,0,,2,34,5.0,True
Example_Animal_11,example_animal_11_four_choice.xlsx,JAX C57,2026-07-10,,Control,WT,unknown,,N/A,JAX,N/A,Y,,Shipped,N/A,N,M,N,"UC Berkeley, Wilbrecht Lab",Aspen,Dark,Bioserv,20.0,Kaytee,,Han-Ning Lu,12:12:00,Y,Y,Y,22:00,,,Y,Control,False,M,reversal,REV,2026-09-15,19:19,20:26,ZT 21:19,ZT 22:26,36,45,DABC,B,Cinnamon,SW,B,Cinnamon,True,False,False,,2.0,1,3,SW,B,0,1,0,0,0,0,0,0,accidentally guided but was correct (finished eating),3,35,6.0,True
Example_Animal_11,example_animal_11_four_choice.xlsx,JAX C57,2026-07-10,,Control,WT,unknown,,N/A,JAX,N/A,Y,,Shipped,N/A,N,M,N,"UC Berkeley, Wilbrecht Lab",Aspen,Dark,Bioserv,20.0,Kaytee,,Han-Ning Lu,12:12:00,Y,Y,Y,22:00,,,Y,Control,False,M,reversal,REV,2026-09-15,19:19,20:26,ZT 21:19,ZT 22:26,37,46,ABCD,A,Anise,NW,B,Cinnamon,False,True,False,Regressive,9.0,2,31,"SW,NW","C,A",1,0,1,0,0,0,0,0,,0,36,6.0,True
Example_Animal_11,example_animal_11_four_choice.xlsx,JAX C57,2026-07-10,,Control,WT,unknown,,N/A,JAX,N/A,Y,,Shipped,N/A,N,M,N,"UC Berkeley, Wilbrecht Lab",Aspen,Dark,Bioserv,20.0,Kaytee,,Han-Ning Lu,12:12:00,Y,Y,Y,22:00,,,Y,Control,False,M,reversal,REV,2026-09-15,19:19,20:26,ZT 21:19,ZT 22:26,38,47,BCDA,A,Anise,SE,B,Cinnamon,False,True,False,Regressive,3.0,1,4,SE,A,1,0,0,0,0,0,0,0,,0,37,5.0,True
Example_Animal_11,example_animal_11_four_choice.xlsx,JAX C57,2026-07-10,,Control,WT,unknown,,N/A,JAX,N/A,Y,,Shipped,N/A,N,M,N,"UC Berkeley, Wilbrecht Lab",Aspen,Dark,Bioserv,20.0,Kaytee,,Han-Ning Lu,12:12:00,Y,Y,Y,22:00,,,Y,Control,False,M,reversal,REV,2026-09-15,19:19,20:26,ZT 21:19,ZT 22:26,39,48,CDAB,C,Lemon,NW,B,Cinnamon,False,True,False,Irrelevant,8.0,3,241,"NE,SE,NW","D,B,C",0,1,1,1,0,0,0,0,,0,38,5.0,True
Example_Animal_11,example_animal_11_four_choice.xlsx,JAX C57,2026-07-10,,Control,WT,unknown,,N/A,JAX,N/A,Y,,Shipped,N/A,N,M,N,"UC Berkeley, Wilbrecht Lab",Aspen,Dark,Bioserv,20.0,Kaytee,,Han-Ning Lu,12:12:00,Y,Y,Y,22:00,,,Y,Control,False,M,reversal,REV,2026-09-15,19:19,20:26,ZT 21:19,ZT 22:26,40,49,DABC,A,Anise,NE,B,Cinnamon,False,True,False,Regressive,2.0,1,2,NE,A,1,0,0,0,0,0,0,0,,0,39,5.0,True
Example_Animal_11,example_animal_11_four_choice.xlsx,JAX C57,2026-07-10,,Control,WT,unknown,,N/A,JAX,N/A,Y,,Shipped,N/A,N,M,N,"UC Berkeley, Wilbrecht Lab",Aspen,Dark,Bioserv,20.0,Kaytee,,Han-Ning Lu,12:12:00,Y,Y,Y,22:00,,,Y,Control,False,M,reversal,REV,2026-09-15,19:19,20:26,ZT 21:19,ZT 22:26,41,50,ABCD,B,Cinnamon,NE,B,Cinnamon,True,False,False,,2.0,1,2,NE,B,0,1,0,0,0,0,0,0,jumpy before,1,40,5.0,True
Example_Animal_11,example_animal_11_four_choice.xlsx,JAX C57,2026-07-10,,Control,WT,unknown,,N/A,JAX,N/A,Y,,Shipped,N/A,N,M,N,"UC Berkeley, Wilbrecht Lab",Aspen,Dark,Bioserv,20.0,Kaytee,,Han-Ning Lu,12:12:00,Y,Y,Y,22:00,,,Y,Control,False,M,reversal,REV,2026-09-15,19:19,20:26,ZT 21:19,ZT 22:26,42,51,BCDA,B,Cinnamon,NW,B,Cinnamon,True,False,False,,11.0,2,41,"SE,NW","A,B",1,1,0,0,0,0,0,0,,2,41,5.0,True
Example_Animal_11,example_animal_11_four_choice.xlsx,JAX C57,2026-07-10,,Control,WT,unknown,,N/A,JAX,N/A,Y,,Shipped,N/A,N,M,N,"UC Berkeley, Wilbrecht Lab",Aspen,Dark,Bioserv,20.0,Kaytee,,Han-Ning Lu,12:12:00,Y,Y,Y,22:00,,,Y,Control,False,M,reversal,REV,2026-09-15,19:19,20:26,ZT 21:19,ZT 22:26,43,52,CDAB,A,Anise,SW,B,Cinnamon,False,True,False,Regressive,13.0,3,123,"NW,NE,SW","C,D,A",1,0,1,1,0,0,0,0,,0,42,5.0,True
Example_Animal_11,example_animal_11_four_choice.xlsx,JAX C57,2026-07-10,,Control,WT,unknown,,N/A,JAX,N/A,Y,,Shipped,N/A,N,M,N,"UC Berkeley, Wilbrecht Lab",Aspen,Dark,Bioserv,20.0,Kaytee,,Han-Ning Lu,12:12:00,Y,Y,Y,22:00,,,Y,Control,False,M,reversal,REV,2026-09-15,19:19,20:26,ZT 21:19,ZT 22:26,44,53,DABC,A,Anise,NE,B,Cinnamon,False,True,False,Regressive,31.0,4,1212,"NW,NE,NW,NE","D,A,D,A",2,0,0,2,0,0,0,0,groom,0,43,4.0,True
Example_Animal_11,example_animal_11_four_choice.xlsx,JAX C57,2026-07-10,,Control,WT,unknown,,N/A,JAX,N/A,Y,,Shipped,N/A,N,M,N,"UC Berkeley, Wilbrecht Lab",Aspen,Dark,Bioserv,20.0,Kaytee,,Han-Ning Lu,12:12:00,Y,Y,Y,22:00,,,Y,Control,False,M,reversal,REV,2026-09-15,19:19,20:26,ZT 21:19,ZT 22:26,45,54,ABCD,A,Anise,NW,B,Cinnamon,False,True,False,Regressive,2.0,1,1,NW,A,1,0,0,0,0,0,0,0,,0,44,3.0,True
Example_Animal_11,example_animal_11_four_choice.xlsx,JAX C57,2026-07-10,,Control,WT,unknown,,N/A,JAX,N/A,Y,,Shipped,N/A,N,M,N,"UC Berkeley, Wilbrecht Lab",Aspen,Dark,Bioserv,20.0,Kaytee,,Han-Ning Lu,12:12:00,Y,Y,Y,22:00,,,Y,Control,False,M,reversal,REV,2026-09-15,19:19,20:26,ZT 21:19,ZT 22:26,46,55,BCDA,B,Cinnamon,NW,B,Cinnamon,True,False,False,,9.0,3,421,"SE,NE,NW","A,C,B",1,1,1,0,0,0,0,0,,1,45,3.0,True
Example_Animal_11,example_animal_11_four_choice.xlsx,JAX C57,2026-07-10,,Control,WT,unknown,,N/A,JAX,N/A,Y,,Shipped,N/A,N,M,N,"UC Berkeley, Wilbrecht Lab",Aspen,Dark,Bioserv,20.0,Kaytee,,Han-Ning Lu,12:12:00,Y,Y,Y,22:00,,,Y,Control,False,M,reversal,REV,2026-09-15,19:19,20:26,ZT 21:19,ZT 22:26,47,56,CDAB,B,Cinnamon,SE,B,Cinnamon,True,False,False,,8.0,2,34,"SW,SE","A,B",1,1,0,0,0,0,0,0,,2,46,4.0,True
Example_Animal_11,example_animal_11_four_choice.xlsx,JAX C57,2026-07-10,,Control,WT,unknown,,N/A,JAX,N/A,Y,,Shipped,N/A,N,M,N,"UC Berkeley, Wilbrecht Lab",Aspen,Dark,Bioserv,20.0,Kaytee,,Han-Ning Lu,12:12:00,Y,Y,Y,22:00,,,Y,Control,False,M,reversal,REV,2026-09-15,19:19,20:26,ZT 21:19,ZT 22:26,48,57,DABC,B,Cinnamon,SW,B,Cinnamon,True,False,False,,2.0,1,3,SW,B,0,1,0,0,0,0,0,0,,3,47,5.0,True
Example_Animal_11,example_animal_11_four_choice.xlsx,JAX C57,2026-07-10,,Control,WT,unknown,,N/A,JAX,N/A,Y,,Shipped,N/A,N,M,N,"UC Berkeley, Wilbrecht Lab",Aspen,Dark,Bioserv,20.0,Kaytee,,Han-Ning Lu,12:12:00,Y,Y,Y,22:00,,,Y,Control,False,M,reversal,REV,2026-09-15,19:19,20:26,ZT 21:19,ZT 22:26,49,58,ABCD,B,Cinnamon,NE,B,Cinnamon,True,False,False,,22.0,3,312,"SW,NW,NE","C,A,B",1,1,1,0,0,0,0,0,,4,48,6.0,True
Example_Animal_11,example_animal_11_four_choice.xlsx,JAX C57,2026-07-10,,Control,WT,unknown,,N/A,JAX,N/A,Y,,Shipped,N/A,N,M,N,"UC Berkeley, Wilbrecht Lab",Aspen,Dark,Bioserv,20.0,Kaytee,,Han-Ning Lu,12:12:00,Y,Y,Y,22:00,,,Y,Control,False,M,reversal,REV,2026-09-15,19:19,20:26,ZT 21:19,ZT 22:26,50,59,BCDA,A,Anise,SE,B,Cinnamon,False,True,False,Regressive,5.0,2,34,"SW,SE","D,A",1,0,0,1,0,0,0,0,,0,49,6.0,True
Example_Animal_11,example_animal_11_four_choice.xlsx,JAX C57,2026-07-10,,Control,WT,unknown,,N/A,JAX,N/A,Y,,Shipped,N/A,N,M,N,"UC Berkeley, Wilbrecht Lab",Aspen,Dark,Bioserv,20.0,Kaytee,,Han-Ning Lu,12:12:00,Y,Y,Y,22:00,,,Y,Control,False,M,reversal,REV,2026-09-15,19:19,20:26,ZT 21:19,ZT 22:26,51,60,CDAB,B,Cinnamon,SE,B,Cinnamon,True,False,False,,11.0,2,34,"SW,SE","A,B",1,1,0,0,0,0,0,0,,1,50,6.0,True
Example_Animal_11,example_animal_11_four_choice.xlsx,JAX C57,2026-07-10,,Control,WT,unknown,,N/A,JAX,N/A,Y,,Shipped,N/A,N,M,N,"UC Berkeley, Wilbrecht Lab",Aspen,Dark,Bioserv,20.0,Kaytee,,Han-Ning Lu,12:12:00,Y,Y,Y,22:00,,,Y,Control,False,M,reversal,REV,2026-09-15,19:19,20:26,ZT 21:19,ZT 22:26,52,61,DABC,B,Cinnamon,SW,B,Cinnamon,True,False,False,,1.0,1,3,SW,B,0,1,0,0,0,0,0,0,,2,51,6.0,True
Example_Animal_11,example_animal_11_four_choice.xlsx,JAX C57,2026-07-10,,Control,WT,unknown,,N/A,JAX,N/A,Y,,Shipped,N/A,N,M,N,"UC Berkeley, Wilbrecht Lab",Aspen,Dark,Bioserv,20.0,Kaytee,,Han-Ning Lu,12:12:00,Y,Y,Y,22:00,,,Y,Control,False,M,reversal,REV,2026-09-15,19:19,20:26,ZT 21:19,ZT 22:26,53,62,ABCD,C,Lemon,SW,B,Cinnamon,False,True,False,Irrelevant,7.0,2,13,"NW,SW","A,C",1,0,1,0,0,0,0,0,,0,52,6.0,True
Example_Animal_11,example_animal_11_four_choice.xlsx,JAX C57,2026-07-10,,Control,WT,unknown,,N/A,JAX,N/A,Y,,Shipped,N/A,N,M,N,"UC Berkeley, Wilbrecht Lab",Aspen,Dark,Bioserv,20.0,Kaytee,,Han-Ning Lu,12:12:00,Y,Y,Y,22:00,,,Y,Control,False,M,reversal,REV,2026-09-15,19:19,20:26,ZT 21:19,ZT 22:26,54,63,BCDA,B,Cinnamon,NW,B,Cinnamon,True,False,False,,6.0,2,31,"SW,NW","D,B",0,1,0,1,0,0,0,0,,1,53,7.0,True
Example_Animal_11,example_animal_11_four_choice.xlsx,JAX C57,2026-07-10,,Control,WT,unknown,,N/A,JAX,N/A,Y,,Shipped,N/A,N,M,N,"UC Berkeley, Wilbrecht Lab",Aspen,Dark,Bioserv,20.0,Kaytee,,Han-Ning Lu,12:12:00,Y,Y,Y,22:00,,,Y,Control,False,M,reversal,REV,2026-09-15,19:19,20:26,ZT 21:19,ZT 22:26,55,64,CDAB,B,Cinnamon,SE,B,Cinnamon,True,False,False,,14.0,4,3124,"SW,NW,NE,SE","A,C,D,B",1,1,1,1,0,0,0,0,,2,54,8.0,True
Example_Animal_11,example_animal_11_four_choice.xlsx,JAX C57,2026-07-10,,Control,WT,unknown,,N/A,JAX,N/A,Y,,Shipped,N/A,N,M,N,"UC Berkeley, Wilbrecht Lab",Aspen,Dark,Bioserv,20.0,Kaytee,,Han-Ning Lu,12:12:00,Y,Y,Y,22:00,,,Y,Control,False,M,reversal,REV,2026-09-15,19:19,20:26,ZT 21:19,ZT 22:26,56,65,DABC,B,Cinnamon,SW,B,Cinnamon,True,False,False,,1.0,1,3,SW,B,0,1,0,0,0,0,0,0,,3,55,8.0,True
